# Converted from d1_spec_lug_nut.glb
v 0.431277 4.172685 -0.621036
v -0.068817 4.172685 -0.752961
v 0.192861 4.172685 -0.731088
v -0.322194 4.172685 -0.684015
v -0.686491 4.172685 -0.316883
v -0.536711 4.172685 -0.532566
v -0.753471 4.172685 -0.062979
v -0.617674 4.172685 0.436078
v -0.729571 4.172685 0.198522
v -0.431277 4.172685 0.621036
v 0.068817 4.172685 0.752961
v -0.192861 4.172685 0.731088
v 0.322194 4.172685 0.684015
v 0.686491 4.172685 0.316883
v 0.536711 4.172685 0.532566
v 0.753471 4.172685 0.062979
v 0.617674 4.172685 -0.436078
v 0.729571 4.172685 -0.198522
v -0.236261 4.109646 -1.175818
v 0.244670 4.109646 -1.172757
v 0.004475 4.109646 -1.274604
v 0.004475 4.109646 -1.274604
v 0.509617 4.668096 -1.201460
v 0.509617 4.668096 -1.201460
v -0.315866 4.668096 -1.271980
v -0.315866 4.668096 -1.271980
v 0.103093 4.668096 -1.321081
v 0.103093 4.668096 -1.321081
v 0.103093 4.668096 -1.321081
v -0.785686 4.668096 -1.042071
v -0.785686 4.668096 -1.042071
v -1.259500 4.668096 -0.362442
v -1.259500 4.668096 -0.362442
v -1.092543 4.668096 -0.749822
v -1.092543 4.668096 -0.749822
v -1.092543 4.668096 -0.749822
v -1.136419 4.109646 -0.383301
v -0.893303 4.109646 -0.798269
v -1.101603 4.109646 -0.641177
v -1.101603 4.109646 -0.641177
v -1.295304 4.668096 0.159389
v -1.295304 4.668096 0.159389
v -0.943634 4.668096 0.909538
v -0.943634 4.668096 0.909538
v -1.195636 4.668096 0.571259
v -1.195636 4.668096 0.571259
v -1.195636 4.668096 0.571259
v -0.900158 4.109646 0.792517
v -1.137973 4.109646 0.374488
v -1.106077 4.109646 0.633427
v -1.106077 4.109646 0.633427
v -0.509617 4.668096 1.201460
v -0.509617 4.668096 1.201460
v 0.315866 4.668096 1.271980
v 0.315866 4.668096 1.271980
v -0.103093 4.668096 1.321081
v -0.103093 4.668096 1.321081
v -0.103093 4.668096 1.321081
v 0.236261 4.109646 1.175818
v -0.244670 4.109646 1.172757
v -0.004475 4.109646 1.274604
v -0.004475 4.109646 1.274604
v 0.785686 4.668096 1.042071
v 0.785686 4.668096 1.042071
v 1.259500 4.668096 0.362442
v 1.259500 4.668096 0.362442
v 1.092543 4.668096 0.749822
v 1.092543 4.668096 0.749822
v 1.092543 4.668096 0.749822
v 1.136419 4.109646 0.383301
v 0.893303 4.109646 0.798269
v 1.101603 4.109646 0.641177
v 1.101603 4.109646 0.641177
v 1.295304 4.668096 -0.159389
v 1.295304 4.668096 -0.159389
v 0.943634 4.668096 -0.909538
v 0.943634 4.668096 -0.909538
v 1.195636 4.668096 -0.571259
v 1.195636 4.668096 -0.571259
v 1.195636 4.668096 -0.571259
v 0.900158 4.109646 -0.792517
v 1.137973 4.109646 -0.374488
v 1.106077 4.109646 -0.633427
v 1.106077 4.109646 -0.633427
v 0.285520 1.103655 -0.878138
v 0.191401 1.318635 -0.944227
v -0.193414 1.318635 -0.943494
v -0.295456 1.103655 -0.874522
v -0.001071 1.318628 -1.024739
v -0.001071 1.318628 -1.024739
v -0.005287 1.103653 -0.936403
v -0.005287 1.103653 -0.936403
v -0.617730 1.103655 -0.686337
v -0.722024 1.318635 -0.637872
v -0.913797 1.318635 -0.304245
v -0.905086 1.103655 -0.181388
v -0.813593 1.103653 -0.463623
v -0.813593 1.103653 -0.463623
v -0.887986 1.318628 -0.511442
v -0.887986 1.318628 -0.511442
v -0.903250 1.103655 0.191801
v -0.913425 1.318635 0.306355
v -0.720383 1.318635 0.639249
v -0.609630 1.103655 0.693134
v -0.886915 1.318628 0.513297
v -0.886915 1.318628 0.513297
v -0.808306 1.103653 0.472780
v -0.808306 1.103653 0.472780
v -0.285520 1.103655 0.878138
v -0.191401 1.318635 0.944227
v 0.193414 1.318635 0.943494
v 0.295456 1.103655 0.874522
v 0.005287 1.103653 0.936403
v 0.005287 1.103653 0.936403
v 0.001071 1.318628 1.024739
v 0.001071 1.318628 1.024739
v 0.617730 1.103655 0.686337
v 0.722024 1.318635 0.637872
v 0.913797 1.318635 0.304245
v 0.905086 1.103655 0.181388
v 0.887986 1.318628 0.511442
v 0.887986 1.318628 0.511442
v 0.813593 1.103653 0.463623
v 0.813593 1.103653 0.463623
v 0.903250 1.103655 -0.191801
v 0.913425 1.318635 -0.306355
v 0.720383 1.318635 -0.639249
v 0.609630 1.103655 -0.693134
v 0.808306 1.103653 -0.472780
v 0.808306 1.103653 -0.472780
v 0.886915 1.318628 -0.513297
v 0.886915 1.318628 -0.513297
v -0.336469 0.057634 -0.904257
v -0.324549 0.000770 -0.870646
v 0.311022 0.000770 -0.875569
v 0.323495 0.057634 -0.908979
v -0.006903 0.057634 -0.964802
v -0.006903 0.057634 -0.964802
v -0.007198 0.000770 -0.929142
v -0.951343 0.057634 -0.160738
v -0.916276 0.000770 -0.154256
v -0.602754 0.000770 -0.707137
v -0.625451 0.057634 -0.734644
v -0.808259 0.000770 -0.458337
v -0.838995 0.057634 -0.476423
v -0.838995 0.057634 -0.476423
v -0.614875 0.057634 0.743519
v -0.591727 0.000770 0.716390
v -0.913776 0.000770 0.168432
v -0.948946 0.057634 0.174334
v -0.832092 0.057634 0.488379
v -0.832092 0.057634 0.488379
v -0.801062 0.000770 0.470804
v 0.336469 0.057634 0.904257
v 0.324549 0.000770 0.870646
v -0.311022 0.000770 0.875569
v -0.323495 0.057634 0.908979
v 0.007198 0.000770 0.929142
v 0.006903 0.057634 0.964802
v 0.006903 0.057634 0.964802
v 0.951343 0.057634 0.160738
v 0.916276 0.000770 0.154255
v 0.602754 0.000770 0.707137
v 0.625451 0.057634 0.734644
v 0.838995 0.057634 0.476423
v 0.838995 0.057634 0.476423
v 0.808259 0.000770 0.458337
v 0.614875 0.057634 -0.743519
v 0.591727 0.000770 -0.716390
v 0.913776 0.000770 -0.168432
v 0.948946 0.057634 -0.174334
v 0.801061 0.000770 -0.470804
v 0.832092 0.057634 -0.488379
v 0.832092 0.057634 -0.488379
v 0.324895 0.274430 -0.908484
v 0.322295 0.332598 -0.900789
v -0.332124 0.332598 -0.897212
v -0.335078 0.274430 -0.904778
v -0.005230 0.332598 -0.956696
v -0.005230 0.332598 -0.956696
v -0.005418 0.274430 -0.964816
v -0.005418 0.274430 -0.964816
v -0.624322 0.274430 -0.735609
v -0.618959 0.332598 -0.729510
v -0.943070 0.332598 -0.160978
v -0.951099 0.274430 -0.162203
v -0.838264 0.274430 -0.477716
v -0.838264 0.274430 -0.477716
v -0.831138 0.332598 -0.473819
v -0.831138 0.332598 -0.473819
v -0.949218 0.274430 0.172874
v -0.941254 0.332598 0.171279
v -0.610946 0.332598 0.736234
v -0.616022 0.274430 0.742575
v -0.825908 0.332598 0.482878
v -0.825908 0.332598 0.482878
v -0.832846 0.274430 0.487100
v -0.832846 0.274430 0.487100
v -0.324895 0.274430 0.908484
v -0.322295 0.332598 0.900789
v 0.332124 0.332598 0.897212
v 0.335078 0.274430 0.904778
v 0.005418 0.274430 0.964816
v 0.005418 0.274430 0.964816
v 0.005230 0.332598 0.956696
v 0.005230 0.332598 0.956696
v 0.624322 0.274430 0.735609
v 0.618959 0.332598 0.729510
v 0.943070 0.332598 0.160978
v 0.951099 0.274430 0.162203
v 0.831138 0.332598 0.473819
v 0.831138 0.332598 0.473819
v 0.838264 0.274430 0.477716
v 0.838264 0.274430 0.477716
v 0.949218 0.274430 -0.172874
v 0.941254 0.332598 -0.171279
v 0.610946 0.332598 -0.736234
v 0.616022 0.274430 -0.742575
v 0.832846 0.274430 -0.487100
v 0.832846 0.274430 -0.487100
v 0.825908 0.332598 -0.482878
v 0.825908 0.332598 -0.482878
v 0.314281 0.337655 -0.880396
v 0.311243 0.492046 -0.872860
v -0.322638 0.492046 -0.868713
v -0.325154 0.337655 -0.876439
v -0.005785 0.337655 -0.934792
v -0.005785 0.337655 -0.934792
v -0.006063 0.492046 -0.926672
v -0.006063 0.492046 -0.926672
v -0.605305 0.337655 -0.712374
v -0.600298 0.492046 -0.705975
v -0.913647 0.492046 -0.154944
v -0.921595 0.337655 -0.156628
v -0.805553 0.492046 -0.458085
v -0.805553 0.492046 -0.458085
v -0.812446 0.337655 -0.462386
v -0.812446 0.337655 -0.462386
v -0.919586 0.337655 0.168022
v -0.911541 0.492046 0.166886
v -0.591009 0.492046 0.713769
v -0.596441 0.337655 0.719811
v -0.806661 0.337655 0.472406
v -0.806661 0.337655 0.472406
v -0.799490 0.492046 0.468587
v -0.799490 0.492046 0.468587
v -0.314282 0.337655 0.880396
v -0.311243 0.492046 0.872860
v 0.322638 0.492046 0.868713
v 0.325154 0.337655 0.876439
v 0.006063 0.492046 0.926672
v 0.006063 0.492046 0.926672
v 0.005785 0.337655 0.934792
v 0.005785 0.337655 0.934792
v 0.605305 0.337655 0.712374
v 0.600298 0.492046 0.705975
v 0.913646 0.492046 0.154944
v 0.921595 0.337655 0.156628
v 0.812446 0.337655 0.462386
v 0.812446 0.337655 0.462386
v 0.805553 0.492046 0.458085
v 0.805553 0.492046 0.458085
v 0.919586 0.337655 -0.168022
v 0.911541 0.492046 -0.166886
v 0.591009 0.492046 -0.713769
v 0.596441 0.337655 -0.719811
v 0.799490 0.492046 -0.468587
v 0.799490 0.492046 -0.468587
v 0.806661 0.337655 -0.472406
v 0.806661 0.337655 -0.472406
v 0.193099 1.419260 -1.120860
v 0.200217 1.977094 -1.166058
v -0.200217 1.977094 -1.166057
v -0.193099 1.419260 -1.120860
v -0.000000 1.419259 -1.221511
v -0.000000 1.419259 -1.221511
v 0.000000 1.977094 -1.270819
v 0.000000 1.977094 -1.270819
v -0.874144 1.419260 -0.727659
v -0.909727 1.977094 -0.756421
v -1.109944 1.977094 -0.409636
v -1.067243 1.419260 -0.393201
v -1.100562 1.977094 -0.635410
v -1.100562 1.977094 -0.635410
v -1.057859 1.419259 -0.610756
v -1.057859 1.419259 -0.610756
v -1.067243 1.419260 0.393201
v -1.109944 1.977094 0.409636
v -0.909727 1.977094 0.756422
v -0.874144 1.419260 0.727659
v -1.057860 1.419259 0.610756
v -1.057860 1.419259 0.610756
v -1.100562 1.977094 0.635410
v -1.100562 1.977094 0.635410
v -0.193099 1.419260 1.120860
v -0.200217 1.977094 1.166057
v 0.200217 1.977094 1.166058
v 0.193099 1.419260 1.120860
v -0.000000 1.977094 1.270819
v -0.000000 1.977094 1.270819
v -0.000000 1.419259 1.221511
v -0.000000 1.419259 1.221511
v 0.874144 1.419260 0.727659
v 0.909727 1.977094 0.756421
v 1.109944 1.977094 0.409636
v 1.067243 1.419260 0.393201
v 1.057859 1.419259 0.610755
v 1.057859 1.419259 0.610755
v 1.100562 1.977094 0.635410
v 1.100562 1.977094 0.635410
v 1.067243 1.419260 -0.393201
v 1.109944 1.977094 -0.409636
v 0.909727 1.977094 -0.756421
v 0.874144 1.419260 -0.727659
v 1.100562 1.977094 -0.635410
v 1.100562 1.977094 -0.635410
v 1.057860 1.419259 -0.610755
v 1.057860 1.419259 -0.610755
v 0.507244 0.000770 -0.615073
v 0.507244 0.000770 -0.615073
v 0.511234 0.783508 -0.557396
v 0.749915 0.783508 -0.098375
v 0.783933 0.000770 -0.145123
v 0.783933 0.000770 -0.145123
v 0.687021 0.000770 -0.404492
v 0.687021 0.000770 -0.404492
v 0.671044 0.783508 -0.348928
v 0.786291 0.000770 0.131750
v 0.786291 0.000770 0.131750
v 0.738336 0.783508 0.164044
v 0.460153 0.783508 0.600258
v 0.517647 0.000770 0.606344
v 0.517647 0.000770 0.606344
v 0.637703 0.783508 0.406677
v 0.693811 0.000770 0.392732
v 0.693811 0.000770 0.392732
v 0.279047 0.000770 0.746823
v 0.279047 0.000770 0.746823
v 0.227102 0.783508 0.721440
v -0.289762 0.783508 0.698633
v -0.266286 0.000770 0.751468
v -0.266286 0.000770 0.751468
v -0.033341 0.783508 0.755605
v 0.006790 0.000770 0.797224
v 0.006790 0.000770 0.797224
v -0.507244 0.000770 0.615073
v -0.507244 0.000770 0.615073
v -0.511234 0.783508 0.557396
v -0.749915 0.783508 0.098375
v -0.783933 0.000770 0.145123
v -0.783933 0.000770 0.145123
v -0.687021 0.000770 0.404492
v -0.687021 0.000770 0.404492
v -0.671044 0.783508 0.348928
v -0.786291 0.000770 -0.131750
v -0.786291 0.000770 -0.131750
v -0.738336 0.783508 -0.164044
v -0.460153 0.783508 -0.600258
v -0.517647 0.000770 -0.606344
v -0.517647 0.000770 -0.606344
v -0.637703 0.783508 -0.406677
v -0.693811 0.000770 -0.392732
v -0.693811 0.000770 -0.392732
v -0.279047 0.000770 -0.746823
v -0.279047 0.000770 -0.746823
v -0.227102 0.783508 -0.721440
v 0.289762 0.783508 -0.698633
v 0.266286 0.000770 -0.751467
v 0.266286 0.000770 -0.751467
v -0.006790 0.000770 -0.797224
v -0.006790 0.000770 -0.797224
v 0.033341 0.783508 -0.755605
v -0.029681 4.738657 -1.581347
v -0.094962 4.675691 -1.520497
v 0.904612 4.675690 -1.225809
v 0.993734 4.738657 -1.230461
v 0.512962 4.738657 -1.496132
v 0.512962 4.738657 -1.496132
v 0.430806 4.675690 -1.461279
v -1.384328 4.738657 -0.764969
v -1.364270 4.675691 -0.678009
v -0.609276 4.675691 -1.396321
v -0.568744 4.738657 -1.475829
v -1.050102 4.675691 -1.103728
v -1.039207 4.738657 -1.192304
v -1.039207 4.738657 -1.192304
v -1.354646 4.738657 0.816378
v -1.269308 4.675691 0.842488
v -1.513888 4.675691 -0.170512
v -1.562477 4.738657 -0.245368
v -1.552169 4.738657 0.303828
v -1.552169 4.738657 0.303828
v -1.480908 4.675691 0.357551
v 0.029681 4.738657 1.581347
v 0.094962 4.675691 1.520497
v -0.904612 4.675691 1.225809
v -0.993734 4.738657 1.230461
v -0.430806 4.675691 1.461279
v -0.512962 4.738657 1.496132
v -0.512962 4.738657 1.496132
v 1.384328 4.738657 0.764969
v 1.364270 4.675691 0.678009
v 0.609276 4.675691 1.396321
v 0.568744 4.738657 1.475829
v 1.039207 4.738657 1.192304
v 1.039207 4.738657 1.192304
v 1.050102 4.675691 1.103728
v 1.354647 4.738657 -0.816378
v 1.269308 4.675690 -0.842488
v 1.513888 4.675690 0.170512
v 1.562477 4.738657 0.245368
v 1.480908 4.675690 -0.357551
v 1.552169 4.738657 -0.303828
v 1.552169 4.738657 -0.303828
v 0.993924 4.980414 -1.230184
v 0.918216 5.255117 -1.139956
v -0.029355 5.255117 -1.463475
v -0.029357 4.980414 -1.581258
v 0.472953 5.255117 -1.385257
v 0.472953 5.255117 -1.385257
v 0.513236 4.980414 -1.495937
v 0.513236 4.980414 -1.495937
v -0.568408 4.980414 -1.475856
v -0.528123 5.255117 -1.365176
v -1.282084 5.255117 -0.706315
v -1.384088 4.980414 -0.765205
v -1.038902 4.980414 -1.192444
v -1.038902 4.980414 -1.192444
v -0.963191 5.255117 -1.102218
v -0.963191 5.255117 -1.102218
v -1.562333 4.980414 -0.245672
v -1.446339 5.255117 -0.225221
v -1.252729 5.255117 0.757160
v -1.354731 4.980414 0.816053
v -1.436144 5.255117 0.283039
v -1.436144 5.255117 0.283039
v -1.552137 4.980414 0.303493
v -1.552137 4.980414 0.303493
v -0.993924 4.980414 1.230184
v -0.918216 5.255117 1.139956
v 0.029355 5.255117 1.463475
v 0.029357 4.980414 1.581258
v -0.513236 4.980414 1.495937
v -0.513236 4.980414 1.495937
v -0.472953 5.255117 1.385257
v -0.472953 5.255117 1.385257
v 0.568408 4.980414 1.475856
v 0.528123 5.255117 1.365177
v 1.282084 5.255117 0.706315
v 1.384088 4.980414 0.765205
v 0.963191 5.255117 1.102218
v 0.963191 5.255117 1.102218
v 1.038902 4.980414 1.192444
v 1.038902 4.980414 1.192444
v 1.562333 4.980414 0.245672
v 1.446339 5.255117 0.225221
v 1.252729 5.255117 -0.757160
v 1.354731 4.980414 -0.816053
v 1.552137 4.980414 -0.303493
v 1.552137 4.980414 -0.303493
v 1.436144 5.255117 -0.283039
v 1.436144 5.255117 -0.283039
v 0.618209 6.093424 -0.782478
v 0.528826 6.305160 -0.675960
v 0.528826 6.305160 -0.675960
v -0.029395 6.305160 -0.857738
v -0.029395 6.305160 -0.857738
v -0.029392 6.093424 -0.996790
v 0.265742 6.305160 -0.816064
v 0.265742 6.305160 -0.816064
v 0.265742 6.305160 -0.816064
v 0.313303 6.093424 -0.946729
v 0.313303 6.093424 -0.946729
v -0.368541 6.093424 -0.926624
v -0.320986 6.305161 -0.795956
v -0.320986 6.305161 -0.795956
v -0.757520 6.305160 -0.403413
v -0.757520 6.305160 -0.403413
v -0.877942 6.093424 -0.472941
v -0.573861 6.305161 -0.638171
v -0.573861 6.305161 -0.638171
v -0.573861 6.305161 -0.638171
v -0.663240 6.093424 -0.744693
v -0.663240 6.093424 -0.744693
v -0.986751 6.093423 -0.144146
v -0.849811 6.305160 -0.119997
v -0.849811 6.305160 -0.119997
v -0.728126 6.305160 0.454325
v -0.728126 6.305160 0.454325
v -0.848550 6.093423 0.523849
v -0.976543 6.093423 0.202036
v -0.976543 6.093423 0.202036
v -0.839603 6.305160 0.177893
v -0.839603 6.305160 0.177893
v -0.839603 6.305160 0.177893
v -0.618209 6.093424 0.782478
v -0.528826 6.305161 0.675960
v -0.528826 6.305161 0.675960
v 0.029395 6.305160 0.857738
v 0.029395 6.305160 0.857738
v 0.029392 6.093424 0.996790
v -0.265742 6.305161 0.816064
v -0.265742 6.305161 0.816064
v -0.265742 6.305161 0.816064
v -0.313303 6.093424 0.946729
v -0.313303 6.093424 0.946729
v 0.368541 6.093423 0.926624
v 0.320986 6.305161 0.795956
v 0.320986 6.305161 0.795956
v 0.757520 6.305160 0.403413
v 0.757520 6.305160 0.403413
v 0.877942 6.093423 0.472941
v 0.663240 6.093423 0.744693
v 0.663240 6.093423 0.744693
v 0.573861 6.305161 0.638171
v 0.573861 6.305161 0.638171
v 0.573861 6.305161 0.638171
v 0.986751 6.093423 0.144146
v 0.849811 6.305160 0.119997
v 0.849811 6.305160 0.119997
v 0.728126 6.305160 -0.454325
v 0.728126 6.305160 -0.454325
v 0.848550 6.093423 -0.523849
v 0.976543 6.093423 -0.202036
v 0.976543 6.093423 -0.202036
v 0.839603 6.305160 -0.177893
v 0.839603 6.305160 -0.177893
v 0.839603 6.305160 -0.177893
v 0.480817 6.305062 -0.618711
v 0.467165 6.032208 -0.602417
v -0.029357 6.032208 -0.761766
v -0.029373 6.305062 -0.783023
v 0.232953 6.032208 -0.725866
v 0.240208 6.305062 -0.745847
v -0.295411 6.305063 -0.725755
v -0.288126 6.032208 -0.705785
v -0.674387 6.032208 -0.355459
v -0.692805 6.305063 -0.366074
v -0.525819 6.305063 -0.580950
v -0.512142 6.032208 -0.564676
v -0.776228 6.305062 -0.107044
v -0.755291 6.032208 -0.103368
v -0.645030 6.032208 0.406307
v -0.663432 6.305062 0.416949
v -0.745095 6.032208 0.161190
v -0.766027 6.305062 0.164897
v -0.480817 6.305063 0.618711
v -0.467165 6.032208 0.602417
v 0.029357 6.032208 0.761766
v 0.029373 6.305063 0.783023
v -0.240208 6.305063 0.745847
v -0.232953 6.032208 0.725866
v 0.295411 6.305063 0.725755
v 0.288126 6.032208 0.705785
v 0.674387 6.032208 0.355459
v 0.692805 6.305063 0.366074
v 0.525819 6.305063 0.580950
v 0.512142 6.032208 0.564676
v 0.776228 6.305062 0.107044
v 0.755291 6.032208 0.103368
v 0.645030 6.032208 -0.406307
v 0.663432 6.305063 -0.416949
v 0.745095 6.032208 -0.161190
v 0.766027 6.305062 -0.164897
v -0.436060 4.172686 -0.617650
v -0.621011 4.172686 -0.431260
v -0.683987 4.172686 0.322182
v -0.752931 4.172686 0.068814
v 0.436060 4.172686 0.617650
v 0.621011 4.172686 0.431260
v 0.683987 4.172686 -0.322182
v 0.752931 4.172686 -0.068814
v -0.062976 4.172686 0.753441
v -0.316870 4.172686 0.686464
v 0.316870 4.172686 -0.686464
v 0.062976 4.172686 -0.753441
v -1.191501 4.668097 -0.575770
v -1.191501 4.668097 -0.575770
v -1.190568 4.588053 -0.340831
v -1.123152 4.109646 -0.575526
v -1.101085 4.588053 -0.662863
v -1.101085 4.588053 -0.662863
v -0.961853 4.668097 -0.901926
v -0.961853 4.668097 -0.901926
v -1.054244 4.109646 -0.691770
v -0.854427 4.588053 -0.890875
v 0.071969 4.109646 -1.258887
v 0.344307 4.588053 -1.185393
v 0.300165 4.668097 -1.283952
v 0.300165 4.668097 -1.283952
v 0.023514 4.588053 -1.284999
v 0.023514 4.588053 -1.284999
v -0.063156 4.109646 -1.260441
v -0.097119 4.668097 -1.319755
v -0.097119 4.668097 -1.319755
v -0.300116 4.588053 -1.201478
v -1.094381 4.668097 0.743985
v -1.094381 4.668097 0.743985
v -0.890452 4.588053 0.860647
v -1.059996 4.109646 0.684915
v -1.124599 4.588053 0.622136
v -1.124599 4.588053 0.622136
v -1.262018 4.668097 0.382026
v -1.262018 4.668097 0.382026
v -1.126213 4.109646 0.567117
v -1.198734 4.588053 0.294518
v 0.097119 4.668097 1.319755
v 0.097119 4.668097 1.319755
v 0.300116 4.588053 1.201478
v 0.063156 4.109646 1.260441
v -0.023514 4.588053 1.284999
v -0.023514 4.588053 1.284999
v -0.300165 4.668097 1.283952
v -0.300165 4.668097 1.283952
v -0.071969 4.109646 1.258887
v -0.344307 4.588053 1.185393
v 1.191501 4.668097 0.575770
v 1.191501 4.668097 0.575770
v 1.190568 4.588053 0.340831
v 1.123152 4.109646 0.575526
v 1.101085 4.588053 0.662863
v 1.101085 4.588053 0.662863
v 0.961853 4.668097 0.901926
v 0.961853 4.668097 0.901926
v 1.054244 4.109646 0.691770
v 0.854427 4.588053 0.890875
v 1.094382 4.668097 -0.743985
v 1.094382 4.668097 -0.743985
v 0.890452 4.588053 -0.860647
v 1.059996 4.109646 -0.684915
v 1.124599 4.588053 -0.622136
v 1.124599 4.588053 -0.622136
v 1.262018 4.668097 -0.382026
v 1.262018 4.668097 -0.382026
v 1.126213 4.109646 -0.567117
v 1.198734 4.588053 -0.294518
v -0.566809 4.109646 -0.990691
v 0.574559 4.109646 -0.986216
v -1.141368 4.109646 -0.004474
v -0.574559 4.109646 0.986216
v 0.566809 4.109646 0.990691
v 1.141368 4.109646 0.004474
v 0.731059 4.172686 0.192853
v 0.532545 4.172686 -0.536689
v 0.198514 4.172686 0.729542
v -0.532545 4.172686 0.536689
v -0.731059 4.172686 -0.192853
v -0.198514 4.172686 -0.729542
v -0.557918 4.668096 -1.172520
v -0.557918 4.668096 -1.172520
v 0.736473 4.668096 -1.069431
v 0.736473 4.668096 -1.069431
v -1.294391 4.668096 -0.103089
v -1.294391 4.668096 -0.103089
v -0.736473 4.668096 1.069431
v -0.736473 4.668096 1.069431
v 0.557918 4.668096 1.172520
v 0.557918 4.668096 1.172520
v 1.294391 4.668096 0.103089
v 1.294391 4.668096 0.103089
v 0.657343 1.259071 0.651941
v 0.850905 1.318630 0.551959
v 0.835737 1.259066 0.478812
v 0.835737 1.259066 0.478812
v 0.732987 1.103654 0.577886
v 0.904196 1.318630 0.458913
v 0.894382 1.259071 0.236993
v 0.870574 1.103654 0.335906
v 0.832532 1.259066 -0.484363
v 0.832532 1.259066 -0.484363
v 0.849528 1.318630 -0.553600
v 0.652433 1.259071 -0.656061
v 0.726190 1.103654 -0.585986
v 0.893269 1.259071 -0.243305
v 0.903463 1.318630 -0.460926
v 0.866957 1.103654 -0.345842
v -0.893269 1.259071 0.243305
v -0.903464 1.318630 0.460926
v -0.832532 1.259066 0.484363
v -0.832532 1.259066 0.484363
v -0.866957 1.103654 0.345842
v -0.849528 1.318630 0.553600
v -0.652433 1.259071 0.656061
v -0.726190 1.103654 0.585986
v 0.003205 1.259066 0.963176
v 0.003205 1.259066 0.963176
v 0.054668 1.318630 1.012514
v 0.241949 1.259071 0.893054
v 0.144383 1.103654 0.921892
v -0.235926 1.259071 0.895247
v -0.052558 1.318630 1.012885
v -0.133971 1.103654 0.923728
v 0.235926 1.259071 -0.895247
v 0.052558 1.318630 -1.012885
v -0.003205 1.259066 -0.963176
v -0.003205 1.259066 -0.963176
v 0.133971 1.103654 -0.923728
v -0.054668 1.318630 -1.012513
v -0.241949 1.259071 -0.893054
v -0.144383 1.103654 -0.921892
v -0.835737 1.259066 -0.478812
v -0.835737 1.259066 -0.478812
v -0.904196 1.318630 -0.458913
v -0.894382 1.259071 -0.236993
v -0.870574 1.103654 -0.335906
v -0.657343 1.259071 -0.651941
v -0.850905 1.318630 -0.551959
v -0.732987 1.103654 -0.577886
v -0.459361 1.318637 -0.793494
v -0.462600 1.103656 -0.790673
v 0.457506 1.318637 -0.794565
v 0.453443 1.103656 -0.795960
v -0.916867 1.318637 0.001071
v -0.916043 1.103656 0.005287
v -0.457506 1.318637 0.794565
v -0.453443 1.103656 0.795960
v 0.459361 1.318637 0.793494
v 0.462600 1.103656 0.790673
v 0.916867 1.318637 -0.001071
v 0.916043 1.103656 -0.005287
v 0.834300 0.009033 0.473340
v 0.834300 0.009033 0.473340
v 0.834300 0.009033 0.473340
v 0.716362 0.000770 0.591703
v 0.622093 0.009033 0.730142
v 0.622093 0.009033 0.730142
v 0.743489 0.057634 0.614850
v 0.622725 0.323375 0.734146
v 0.736204 0.332598 0.610922
v 0.836263 0.323375 0.476887
v 0.836263 0.323375 0.476887
v 0.742545 0.274430 0.615997
v 0.945877 0.009033 0.159447
v 0.945877 0.009033 0.159447
v 0.875534 0.000770 0.311009
v 0.908942 0.057634 0.323482
v 0.900753 0.332598 0.322282
v 0.948935 0.323375 0.162109
v 0.908447 0.274430 0.324882
v 0.831128 0.323375 -0.485781
v 0.831128 0.323375 -0.485781
v 0.729481 0.332598 -0.618934
v 0.614858 0.323375 -0.740747
v 0.735580 0.274430 -0.624297
v 0.611024 0.009033 -0.739430
v 0.611024 0.009033 -0.739430
v 0.707109 0.000770 -0.602730
v 0.827074 0.009033 -0.485855
v 0.827074 0.009033 -0.485855
v 0.827074 0.009033 -0.485855
v 0.734615 0.057634 -0.625426
v 0.947152 0.323375 -0.172222
v 0.897176 0.332598 -0.332111
v 0.904742 0.274430 -0.335064
v 0.870611 0.000770 -0.324536
v 0.943368 0.009033 -0.173678
v 0.943368 0.009033 -0.173678
v 0.904220 0.057634 -0.336455
v -0.827074 0.009033 0.485855
v -0.827074 0.009033 0.485855
v -0.827074 0.009033 0.485855
v -0.870611 0.000770 0.324536
v -0.943368 0.009033 0.173678
v -0.943368 0.009033 0.173678
v -0.904221 0.057634 0.336455
v -0.947152 0.323375 0.172222
v -0.897176 0.332598 0.332111
v -0.831128 0.323375 0.485781
v -0.831128 0.323375 0.485781
v -0.904742 0.274430 0.335064
v -0.611024 0.009033 0.739430
v -0.611024 0.009033 0.739430
v -0.707109 0.000770 0.602730
v -0.734615 0.057634 0.625426
v -0.729481 0.332598 0.618934
v -0.614858 0.323375 0.740747
v -0.735580 0.274430 0.624297
v 0.005135 0.323375 0.962668
v 0.005135 0.323375 0.962668
v 0.171272 0.332598 0.941216
v 0.334077 0.323375 0.902856
v 0.172867 0.274430 0.949180
v 0.334853 0.009033 0.898877
v 0.334853 0.009033 0.898877
v 0.168425 0.000770 0.913740
v 0.007225 0.009033 0.959195
v 0.007225 0.009033 0.959195
v 0.007225 0.009033 0.959195
v 0.174328 0.057634 0.948908
v -0.324427 0.323375 0.906369
v -0.160972 0.332598 0.943033
v -0.162197 0.274430 0.951061
v -0.154249 0.000770 0.916239
v -0.321274 0.009033 0.903819
v -0.321274 0.009033 0.903819
v -0.160731 0.057634 0.951306
v -0.007225 0.009033 -0.959195
v -0.007225 0.009033 -0.959195
v -0.007225 0.009033 -0.959195
v 0.154249 0.000770 -0.916239
v 0.321274 0.009033 -0.903819
v 0.321274 0.009033 -0.903819
v 0.160731 0.057634 -0.951306
v 0.324427 0.323375 -0.906369
v 0.160971 0.332598 -0.943033
v -0.005135 0.323375 -0.962668
v -0.005135 0.323375 -0.962668
v 0.162196 0.274430 -0.951061
v -0.334853 0.009033 -0.898877
v -0.334853 0.009033 -0.898877
v -0.168425 0.000770 -0.913740
v -0.174328 0.057634 -0.948908
v -0.171272 0.332598 -0.941216
v -0.334077 0.323375 -0.902856
v -0.172867 0.274430 -0.949180
v -0.836263 0.323375 -0.476887
v -0.836263 0.323375 -0.476887
v -0.900753 0.332598 -0.322282
v -0.948935 0.323375 -0.162109
v -0.908448 0.274430 -0.324882
v -0.945877 0.009033 -0.159447
v -0.945877 0.009033 -0.159447
v -0.875534 0.000770 -0.311009
v -0.834300 0.009033 -0.473340
v -0.834300 0.009033 -0.473340
v -0.834300 0.009033 -0.473340
v -0.908942 0.057634 -0.323482
v -0.622725 0.323375 -0.734146
v -0.736205 0.332598 -0.610922
v -0.742545 0.274430 -0.615997
v -0.716362 0.000770 -0.591703
v -0.622093 0.009033 -0.730141
v -0.622093 0.009033 -0.730141
v -0.743489 0.057634 -0.614850
v 0.913677 0.358905 -0.167145
v 0.913677 0.358905 -0.167145
v 0.868678 0.492046 -0.322625
v 0.801408 0.358905 -0.469561
v 0.801408 0.358905 -0.469561
v 0.801408 0.358905 -0.469561
v 0.801408 0.358905 -0.469561
v 0.876404 0.337655 -0.325141
v 0.705946 0.492046 -0.600274
v 0.592478 0.358905 -0.715340
v 0.592478 0.358905 -0.715340
v 0.712345 0.337655 -0.605281
v -0.005947 0.358905 -0.928820
v -0.005947 0.358905 -0.928820
v -0.005947 0.358905 -0.928820
v -0.005947 0.358905 -0.928820
v -0.166879 0.492046 -0.911505
v -0.323264 0.358905 -0.870771
v -0.323264 0.358905 -0.870771
v -0.168016 0.337655 -0.919550
v 0.312087 0.358905 -0.874840
v 0.312087 0.358905 -0.874840
v 0.154938 0.492046 -0.913610
v 0.156621 0.337655 -0.921559
v -0.312087 0.358905 0.874840
v -0.312087 0.358905 0.874840
v -0.154938 0.492046 0.913610
v 0.005947 0.358905 0.928820
v 0.005947 0.358905 0.928820
v 0.005947 0.358905 0.928820
v 0.005947 0.358905 0.928820
v -0.156621 0.337655 0.921559
v 0.166879 0.492046 0.911505
v 0.323264 0.358905 0.870771
v 0.323264 0.358905 0.870771
v 0.168016 0.337655 0.919550
v 0.807356 0.358905 0.459260
v 0.807356 0.358905 0.459260
v 0.807356 0.358905 0.459260
v 0.807356 0.358905 0.459260
v 0.872826 0.492046 0.311231
v 0.915742 0.358905 0.155431
v 0.915742 0.358905 0.155431
v 0.880361 0.337655 0.314269
v 0.601590 0.358905 0.707695
v 0.601590 0.358905 0.707695
v 0.713741 0.492046 0.590985
v 0.719782 0.337655 0.596417
v -0.601590 0.358905 -0.707695
v -0.601590 0.358905 -0.707695
v -0.713741 0.492046 -0.590985
v -0.807356 0.358905 -0.459260
v -0.807356 0.358905 -0.459260
v -0.807356 0.358905 -0.459260
v -0.807356 0.358905 -0.459260
v -0.719782 0.337655 -0.596417
v -0.872826 0.492046 -0.311231
v -0.915742 0.358905 -0.155431
v -0.915742 0.358905 -0.155431
v -0.880361 0.337655 -0.314269
v -0.801408 0.358905 0.469561
v -0.801408 0.358905 0.469561
v -0.801408 0.358905 0.469561
v -0.801408 0.358905 0.469561
v -0.705946 0.492046 0.600274
v -0.592478 0.358905 0.715340
v -0.592478 0.358905 0.715340
v -0.712345 0.337655 0.605281
v -0.913677 0.358905 0.167145
v -0.913677 0.358905 0.167145
v -0.868678 0.492046 0.322625
v -0.876404 0.337655 0.325141
v 1.103657 1.507321 -0.407217
v 1.106577 1.977094 -0.597009
v 1.094276 1.507321 -0.631781
v 1.094276 1.507321 -0.631781
v 1.063875 1.419259 -0.573383
v 1.070313 1.977094 -0.659820
v 0.904489 1.507321 -0.752187
v 1.028502 1.419259 -0.634651
v 0.000000 1.507321 -1.263561
v 0.000000 1.507321 -1.263561
v -0.036264 1.977094 -1.256829
v -0.199168 1.507321 -1.159404
v -0.035373 1.419259 -1.208034
v 0.199168 1.507321 -1.159404
v 0.036264 1.977094 -1.256828
v 0.035373 1.419259 -1.208035
v -0.199168 1.507321 1.159404
v -0.036264 1.977094 1.256828
v 0.000000 1.507321 1.263561
v 0.000000 1.507321 1.263561
v -0.035373 1.419259 1.208035
v 0.036264 1.977094 1.256828
v 0.199168 1.507321 1.159404
v 0.035373 1.419259 1.208035
v 1.094276 1.507321 0.631781
v 1.094276 1.507321 0.631781
v 1.106577 1.977094 0.597009
v 1.103657 1.507321 0.407217
v 1.063875 1.419259 0.573383
v 0.904489 1.507321 0.752187
v 1.070313 1.977094 0.659820
v 1.028502 1.419259 0.634651
v -0.904489 1.507321 -0.752187
v -1.070313 1.977094 -0.659820
v -1.094276 1.507321 -0.631781
v -1.094276 1.507321 -0.631781
v -1.028502 1.419259 -0.634652
v -1.106577 1.977094 -0.597009
v -1.103657 1.507321 -0.407217
v -1.063875 1.419259 -0.573383
v -1.094276 1.507321 0.631781
v -1.094276 1.507321 0.631781
v -1.070313 1.977094 0.659819
v -0.904489 1.507321 0.752187
v -1.028502 1.419259 0.634652
v -1.103657 1.507321 0.407217
v -1.106577 1.977094 0.597009
v -1.063875 1.419259 0.573383
v 0.662916 0.099767 -0.384631
v 0.721411 0.783508 -0.227093
v 0.754488 0.099767 -0.134704
v 0.746793 0.000770 -0.279036
v 0.746793 0.000770 -0.279036
v 0.491386 0.099767 -0.588165
v 0.600234 0.783508 -0.460134
v 0.606320 0.000770 -0.517626
v 0.606320 0.000770 -0.517626
v -0.662916 0.099767 0.384631
v -0.721411 0.783508 0.227093
v -0.754488 0.099767 0.134704
v -0.746793 0.000770 0.279036
v -0.746793 0.000770 0.279036
v -0.491386 0.099767 0.588165
v -0.600234 0.783508 0.460135
v -0.606320 0.000770 0.517626
v -0.606320 0.000770 0.517626
v -0.001642 0.099767 -0.766417
v 0.164037 0.783508 -0.738307
v 0.260587 0.099767 -0.720758
v 0.131745 0.000770 -0.786260
v 0.131745 0.000770 -0.786260
v -0.263673 0.099767 -0.719635
v -0.098371 0.783508 -0.749885
v -0.145117 0.000770 -0.783902
v -0.145117 0.000770 -0.783902
v 0.263673 0.099767 0.719635
v 0.098371 0.783508 0.749885
v 0.001642 0.099767 0.766417
v 0.145117 0.000770 0.783902
v 0.145117 0.000770 0.783902
v -0.164037 0.783508 0.738307
v -0.260587 0.099767 0.720758
v -0.131745 0.000770 0.786260
v -0.131745 0.000770 0.786260
v 0.755059 0.099767 0.131470
v 0.698605 0.783508 0.289751
v 0.664558 0.099767 0.381787
v 0.751438 0.000770 0.266276
v 0.751438 0.000770 0.266276
v 0.557374 0.783508 0.511214
v 0.493901 0.099767 0.586054
v 0.615049 0.000770 0.507224
v 0.615049 0.000770 0.507224
v -0.755059 0.099767 -0.131470
v -0.698605 0.783508 -0.289751
v -0.664558 0.099767 -0.381787
v -0.751438 0.000770 -0.266276
v -0.751438 0.000770 -0.266276
v -0.557374 0.783508 -0.511214
v -0.493901 0.099767 -0.586054
v -0.615049 0.000770 -0.507224
v -0.615049 0.000770 -0.507224
v 1.040644 4.684717 1.180648
v 1.040644 4.684717 1.180648
v 1.040644 4.684717 1.180648
v 0.842455 4.675691 1.269258
v 0.574080 4.684717 1.465368
v 0.574080 4.684717 1.465368
v 0.816346 4.738657 1.354593
v 0.563175 5.061830 1.461500
v 0.757130 5.255117 1.252679
v 1.029074 5.061830 1.180744
v 1.029074 5.061830 1.180744
v 0.816020 4.980414 1.354677
v 1.381691 4.684717 0.753525
v 1.381691 4.684717 0.753525
v 1.225760 4.675691 0.904576
v 1.230412 4.738657 0.993694
v 1.139911 5.255117 0.918180
v 1.370851 5.061830 0.757572
v 1.230135 4.980414 0.993885
v 1.537091 5.061830 -0.300832
v 1.537091 5.061830 -0.300832
v 1.365122 5.255117 -0.528102
v 1.341503 5.061830 -0.808406
v 1.475797 4.980414 -0.568386
v 1.343417 4.684717 -0.819816
v 1.343417 4.684717 -0.819816
v 1.396266 4.675691 -0.609252
v 1.542793 4.684717 -0.310900
v 1.542793 4.684717 -0.310900
v 1.542793 4.684717 -0.310900
v 1.475770 4.738657 -0.568721
v 1.547284 5.061830 0.243026
v 1.463417 5.255117 -0.029354
v 1.581195 4.980414 -0.029356
v 1.520437 4.675691 -0.094958
v 1.556085 4.684717 0.235516
v 1.556085 4.684717 0.235516
v 1.581285 4.738657 -0.029680
v -1.542793 4.684717 0.310900
v -1.542793 4.684717 0.310900
v -1.542793 4.684717 0.310900
v -1.520437 4.675691 0.094958
v -1.556085 4.684717 -0.235516
v -1.556085 4.684717 -0.235516
v -1.581284 4.738657 0.029680
v -1.547284 5.061830 -0.243026
v -1.463417 5.255117 0.029354
v -1.537091 5.061830 0.300832
v -1.537091 5.061830 0.300832
v -1.581195 4.980414 0.029356
v -1.343417 4.684717 0.819816
v -1.343417 4.684717 0.819816
v -1.396266 4.675691 0.609252
v -1.475770 4.738657 0.568721
v -1.365122 5.255117 0.528102
v -1.341503 5.061830 0.808406
v -1.475797 4.980414 0.568386
v -0.508017 5.061830 1.481576
v -0.508017 5.061830 1.481576
v -0.225212 5.255117 1.446281
v 0.029349 5.061830 1.565978
v -0.245662 4.980414 1.562271
v 0.038273 4.684717 1.573342
v 0.038273 4.684717 1.573342
v -0.170505 4.675691 1.513827
v -0.502150 4.684717 1.491548
v -0.502150 4.684717 1.491548
v -0.502150 4.684717 1.491548
v -0.245358 4.738657 1.562415
v -0.984109 5.061830 1.218474
v -0.706287 5.255117 1.282033
v -0.765175 4.980414 1.384033
v -0.677982 4.675691 1.364216
v -0.982006 4.684717 1.229851
v -0.982006 4.684717 1.229851
v -0.764939 4.738657 1.384272
v 0.502150 4.684717 -1.491548
v 0.502150 4.684717 -1.491548
v 0.502150 4.684717 -1.491548
v 0.677982 4.675691 -1.364216
v 0.982006 4.684717 -1.229851
v 0.982006 4.684717 -1.229851
v 0.764939 4.738657 -1.384272
v 0.984109 5.061830 -1.218474
v 0.706287 5.255117 -1.282033
v 0.508017 5.061830 -1.481576
v 0.508017 5.061830 -1.481576
v 0.765175 4.980414 -1.384033
v -0.038273 4.684717 -1.573342
v -0.038273 4.684717 -1.573342
v 0.170505 4.675691 -1.513827
v 0.245358 4.738657 -1.562415
v 0.225212 5.255117 -1.446281
v -0.029349 5.061830 -1.565978
v 0.245662 4.980414 -1.562270
v -1.029074 5.061830 -1.180744
v -1.029074 5.061830 -1.180744
v -1.139911 5.255117 -0.918180
v -1.370851 5.061830 -0.757572
v -1.230135 4.980414 -0.993885
v -1.381691 4.684717 -0.753525
v -1.381691 4.684717 -0.753525
v -1.225760 4.675691 -0.904576
v -1.040644 4.684717 -1.180648
v -1.040644 4.684717 -1.180648
v -1.040644 4.684717 -1.180648
v -1.230412 4.738657 -0.993694
v -0.563175 5.061830 -1.461500
v -0.757130 5.255117 -1.252679
v -0.816020 4.980414 -1.354677
v -0.842455 4.675691 -1.269258
v -0.574080 4.684717 -1.465368
v -0.574080 4.684717 -1.465368
v -0.816346 4.738657 -1.354593
v -0.549869 6.277685 0.701045
v -0.403396 6.305161 0.757490
v -0.403396 6.305161 0.757490
v -0.276937 6.277685 0.846833
v -0.276937 6.277685 0.846833
v -0.472923 6.093424 0.877907
v -0.119992 6.305161 0.849778
v -0.119992 6.305161 0.849778
v 0.029399 6.277685 0.890480
v -0.144140 6.093424 0.986711
v 0.594910 6.277685 0.663251
v 0.594910 6.277685 0.663251
v 0.675933 6.305161 0.528805
v 0.675933 6.305161 0.528805
v 0.785878 6.277685 0.419780
v 0.782447 6.093424 0.618185
v 0.332188 6.277685 0.826723
v 0.454307 6.305161 0.728097
v 0.454307 6.305161 0.728097
v 0.523828 6.093424 0.848516
v -0.332188 6.277685 -0.826723
v -0.454307 6.305161 -0.728097
v -0.454307 6.305161 -0.728097
v -0.594910 6.277685 -0.663251
v -0.594910 6.277685 -0.663251
v -0.523828 6.093424 -0.848516
v -0.675933 6.305161 -0.528805
v -0.675933 6.305161 -0.528805
v -0.785878 6.277685 -0.419780
v -0.782447 6.093424 -0.618185
v -0.871847 6.277685 0.183582
v -0.871847 6.277685 0.183582
v -0.795925 6.305161 0.320973
v -0.795925 6.305161 0.320973
v -0.756479 6.277685 0.470700
v -0.926587 6.093424 0.368527
v -0.882057 6.277685 -0.125678
v -0.857704 6.305161 0.029393
v -0.857704 6.305161 0.029393
v -0.996751 6.093424 0.029390
v 0.871847 6.277685 -0.183582
v 0.871847 6.277685 -0.183582
v 0.795925 6.305161 -0.320973
v 0.795925 6.305161 -0.320973
v 0.756479 6.277685 -0.470700
v 0.926587 6.093424 -0.368527
v 0.882057 6.277685 0.125678
v 0.857704 6.305161 -0.029393
v 0.857704 6.305161 -0.029393
v 0.996751 6.093424 -0.029390
v 0.549869 6.277685 -0.701045
v 0.403396 6.305161 -0.757490
v 0.403396 6.305161 -0.757490
v 0.276937 6.277685 -0.846833
v 0.276937 6.277685 -0.846833
v 0.472923 6.093424 -0.877907
v 0.119992 6.305161 -0.849778
v 0.119992 6.305161 -0.849778
v -0.029399 6.277685 -0.890480
v 0.144140 6.093424 -0.986711
v -0.759036 6.269802 -0.104019
v -0.759036 6.269802 -0.104019
v -0.761735 6.032208 0.029356
v -0.748837 6.269802 0.161860
v -0.748837 6.269802 0.161860
v -0.782992 6.305063 0.029372
v -0.705757 6.032208 0.288114
v -0.648317 6.269802 0.408215
v -0.648317 6.269802 0.408215
v -0.725726 6.305063 0.295399
v -0.234244 6.269802 0.729441
v -0.234244 6.269802 0.729441
v -0.103364 6.032208 0.755260
v 0.029366 6.269802 0.765567
v 0.029366 6.269802 0.765567
v -0.107040 6.305063 0.776197
v -0.469601 6.269802 0.605335
v -0.469601 6.269802 0.605335
v -0.355445 6.032208 0.674360
v -0.366060 6.305063 0.692777
v 0.469601 6.269802 -0.605335
v 0.469601 6.269802 -0.605335
v 0.355445 6.032208 -0.674360
v 0.234244 6.269802 -0.729441
v 0.234244 6.269802 -0.729441
v 0.366060 6.305063 -0.692777
v 0.103364 6.032208 -0.755260
v -0.029366 6.269802 -0.765567
v -0.029366 6.269802 -0.765567
v 0.107040 6.305063 -0.776197
v -0.514593 6.269802 -0.567582
v -0.514593 6.269802 -0.567582
v -0.602393 6.032208 -0.467146
v -0.677684 6.269802 -0.357351
v -0.677684 6.269802 -0.357351
v -0.618687 6.305063 -0.480798
v -0.289435 6.269802 -0.709354
v -0.289435 6.269802 -0.709354
v -0.406291 6.032208 -0.645004
v -0.416933 6.305063 -0.663405
v 0.759036 6.269802 0.104019
v 0.759036 6.269802 0.104019
v 0.761735 6.032208 -0.029356
v 0.748837 6.269802 -0.161860
v 0.748837 6.269802 -0.161860
v 0.782992 6.305063 -0.029372
v 0.705757 6.032208 -0.288114
v 0.648317 6.269802 -0.408215
v 0.648317 6.269802 -0.408215
v 0.725726 6.305063 -0.295399
v 0.514593 6.269802 0.567582
v 0.514593 6.269802 0.567582
v 0.602393 6.032208 0.467146
v 0.677684 6.269802 0.357351
v 0.677684 6.269802 0.357351
v 0.618687 6.305063 0.480798
v 0.289435 6.269802 0.709354
v 0.289435 6.269802 0.709354
v 0.406291 6.032208 0.645004
v 0.416933 6.305063 0.663405
v -0.488360 0.057634 -0.832058
v -0.470785 0.000770 -0.801030
v -0.348914 0.783508 -0.671017
v -0.404476 0.000770 -0.686994
v -0.404476 0.000770 -0.686994
v 0.458319 0.000770 -0.808227
v 0.476404 0.057634 -0.838961
v 0.473800 0.332598 -0.831105
v 0.477697 0.274430 -0.838231
v -0.482858 0.332598 -0.825875
v -0.487081 0.274430 -0.832813
v 0.406660 0.783508 -0.637677
v 0.392716 0.000770 -0.693783
v 0.392716 0.000770 -0.693783
v -0.964764 0.057634 0.006903
v -0.929105 0.000770 0.007197
v -0.755575 0.783508 -0.033340
v -0.797192 0.000770 0.006790
v -0.797192 0.000770 0.006790
v -0.956658 0.332598 0.005230
v -0.964778 0.274430 0.005418
v -0.476404 0.057634 0.838961
v -0.458319 0.000770 0.808227
v -0.406660 0.783508 0.637677
v -0.392716 0.000770 0.693783
v -0.392716 0.000770 0.693783
v -0.473800 0.332598 0.831105
v -0.477697 0.274430 0.838231
v 0.488360 0.057634 0.832058
v 0.470785 0.000770 0.801030
v 0.348914 0.783508 0.671017
v 0.404476 0.000770 0.686994
v 0.404476 0.000770 0.686994
v 0.482858 0.332598 0.825875
v 0.487081 0.274430 0.832813
v 0.964764 0.057634 -0.006903
v 0.929105 0.000770 -0.007197
v 0.755575 0.783508 0.033340
v 0.797192 0.000770 -0.006790
v 0.797192 0.000770 -0.006790
v 0.956658 0.332598 -0.005230
v 0.964778 0.274430 -0.005418
v -0.468568 0.492046 -0.799458
v -0.472387 0.337655 -0.806629
v 0.458067 0.492046 -0.805521
v 0.462368 0.337655 -0.812414
v -0.926635 0.492046 0.006063
v -0.934755 0.337655 0.005785
v -0.458067 0.492046 0.805521
v -0.462368 0.337655 0.812414
v 0.468568 0.492046 0.799458
v 0.472387 0.337655 0.806629
v 0.926635 0.492046 -0.006063
v 0.934755 0.337655 -0.005785
v -0.555520 1.977094 -0.962189
v -0.534170 1.419260 -0.925210
v 0.555520 1.977094 -0.962189
v 0.534170 1.419260 -0.925210
v -1.111041 1.977094 -0.000000
v -1.068341 1.419260 0.000000
v -0.555520 1.977094 0.962189
v -0.534170 1.419260 0.925210
v 0.555520 1.977094 0.962189
v 0.534170 1.419260 0.925210
v 1.111041 1.977094 0.000000
v 1.068341 1.419260 -0.000000
v -0.303816 4.738657 -1.552107
v -0.357537 4.675691 -1.480848
v 1.103684 4.675691 -1.050060
v 1.192256 4.738657 -1.039166
v 1.102174 5.255117 -0.963153
v 1.192396 4.980414 -1.038860
v -0.283028 5.255117 -1.436087
v -0.303481 4.980414 -1.552076
v -1.461221 4.675691 -0.430788
v -1.496072 4.738657 -0.512941
v -1.385201 5.255117 -0.472934
v -1.495878 4.980414 -0.513215
v -1.103684 4.675691 1.050060
v -1.192256 4.738657 1.039166
v -1.102174 5.255117 0.963153
v -1.192396 4.980414 1.038860
v 0.357537 4.675691 1.480848
v 0.303816 4.738657 1.552107
v 0.283028 5.255117 1.436087
v 0.303481 4.980414 1.552076
v 1.461221 4.675691 0.430788
v 1.496072 4.738657 0.512941
v 1.385201 5.255117 0.472934
v 1.495878 4.980414 0.513215
v -0.177886 6.305161 -0.839569
v -0.177886 6.305161 -0.839569
v -0.202028 6.093424 -0.976504
v 0.638146 6.305161 -0.573838
v 0.638146 6.305161 -0.573838
v 0.744664 6.093424 -0.663213
v -0.816031 6.305161 -0.265731
v -0.816031 6.305161 -0.265731
v -0.946691 6.093424 -0.313291
v -0.638146 6.305161 0.573838
v -0.638146 6.305161 0.573838
v -0.744664 6.093424 0.663213
v 0.177886 6.305161 0.839569
v 0.177886 6.305161 0.839569
v 0.202028 6.093424 0.976504
v 0.816031 6.305161 0.265731
v 0.816031 6.305161 0.265731
v 0.946691 6.093424 0.313291
v -0.161184 6.032208 -0.745065
v -0.164891 6.305063 -0.765996
v 0.564654 6.032208 -0.512122
v 0.580927 6.305063 -0.525798
v -0.725837 6.032208 -0.232943
v -0.745818 6.305063 -0.240199
v -0.564654 6.032208 0.512122
v -0.580927 6.305063 0.525798
v 0.161184 6.032208 0.745065
v 0.164891 6.305063 0.765996
v 0.725837 6.032208 0.232943
v 0.745818 6.305063 0.240199
v -0.007010 0.000193 -0.863185
v -0.301814 0.000193 -0.808731
v -0.560215 0.000193 -0.656732
v -0.006154 0.165986 -0.965380
v -0.006154 0.165986 -0.965380
v -0.335962 0.165986 -0.905056
v -0.625249 0.165986 -0.735568
v 0.288639 0.000193 -0.813526
v 0.324396 0.165986 -0.909265
v 0.549474 0.000193 -0.665744
v 0.615820 0.165986 -0.743480
v -0.951782 0.165986 -0.161576
v -0.839121 0.165986 -0.477360
v -0.839121 0.165986 -0.477360
v -0.851289 0.000193 -0.142987
v -0.751045 0.000193 -0.425521
v -0.848854 0.000193 0.156794
v -0.949645 0.165986 0.173697
v -0.744035 0.000193 0.437664
v -0.549474 0.000193 0.665744
v -0.288639 0.000193 0.813526
v -0.832966 0.165986 0.488020
v -0.832966 0.165986 0.488020
v -0.615820 0.165986 0.743480
v -0.324396 0.165986 0.909265
v 0.335962 0.165986 0.905056
v 0.006154 0.165986 0.965380
v 0.006154 0.165986 0.965380
v 0.301814 0.000193 0.808731
v 0.007010 0.000193 0.863185
v 0.560215 0.000193 0.656732
v 0.625248 0.165986 0.735568
v 0.851289 0.000193 0.142987
v 0.751045 0.000193 0.425521
v 0.848854 0.000193 -0.156794
v 0.839121 0.165986 0.477360
v 0.839121 0.165986 0.477360
v 0.951782 0.165986 0.161576
v 0.949645 0.165986 -0.173697
v 0.832966 0.165986 -0.488020
v 0.832966 0.165986 -0.488020
v 0.744035 0.000193 -0.437664
v -0.005506 0.335126 -0.945744
v -0.005506 0.335126 -0.945744
v 0.318290 0.335126 -0.890592
v 0.603695 0.335126 -0.728021
v -0.328637 0.335126 -0.886826
v -0.612130 0.335126 -0.720943
v -0.821791 0.335126 -0.468104
v -0.821791 0.335126 -0.468104
v -0.932332 0.335126 -0.158805
v -0.930420 0.335126 0.169649
v -0.816286 0.335126 0.477640
v -0.816286 0.335126 0.477640
v -0.603695 0.335126 0.728021
v -0.318290 0.335126 0.890592
v 0.005506 0.335126 0.945744
v 0.005506 0.335126 0.945744
v 0.328637 0.335126 0.886826
v 0.612130 0.335126 0.720943
v 0.821791 0.335126 0.468104
v 0.821791 0.335126 0.468104
v 0.932332 0.335126 0.158805
v 0.930420 0.335126 -0.169649
v 0.816286 0.335126 -0.477640
v 0.816286 0.335126 -0.477640
v 0.307723 0.794175 -0.873028
v -0.006084 0.794175 -0.927322
v -0.006084 0.794175 -0.927322
v 0.592882 0.794175 -0.710832
v -0.319157 0.794175 -0.868866
v -0.602203 0.794175 -0.703010
v -0.806126 0.794175 -0.458392
v -0.806126 0.794175 -0.458392
v -0.912039 0.794175 -0.158035
v -0.909926 0.794175 0.170018
v -0.800042 0.794175 0.468930
v -0.800042 0.794175 0.468930
v -0.592882 0.794175 0.710832
v -0.307723 0.794175 0.873028
v 0.006084 0.794175 0.927322
v 0.006084 0.794175 0.927322
v 0.319157 0.794175 0.868866
v 0.602203 0.794175 0.703010
v 0.806126 0.794175 0.458392
v 0.806126 0.794175 0.458392
v 0.912039 0.794175 0.158035
v 0.909926 0.794175 -0.170018
v 0.800042 0.794175 -0.468930
v 0.800042 0.794175 -0.468930
v 0.205853 3.041231 -1.167397
v 0.000559 3.041231 -1.271839
v 0.000559 3.041231 -1.271839
v 0.908925 3.041231 -0.761254
v 0.182765 1.372537 -1.034500
v 0.804315 1.372537 -0.675702
v -0.000134 1.372533 -1.126784
v -0.000134 1.372533 -1.126784
v -0.204802 3.041231 -1.167779
v -0.908068 3.041230 -0.761973
v -0.804521 1.372537 -0.675529
v -0.183017 1.372537 -1.034408
v -1.101165 3.041230 -0.636404
v -1.101165 3.041230 -0.636404
v -0.975890 1.372533 -0.563276
v -0.975890 1.372533 -0.563276
v -1.113727 3.041230 -0.406526
v -1.113922 3.041230 0.405424
v -0.987286 1.372537 0.358970
v -0.987333 1.372537 -0.358707
v -1.101725 3.041230 0.635435
v -1.101725 3.041230 0.635435
v -0.975756 1.372533 0.563508
v -0.975756 1.372533 0.563508
v -0.908925 3.041230 0.761254
v -0.205853 3.041230 1.167397
v -0.182765 1.372537 1.034500
v -0.804315 1.372537 0.675702
v -0.000559 3.041230 1.271839
v -0.000559 3.041230 1.271839
v 0.000134 1.372533 1.126784
v 0.000134 1.372533 1.126784
v 0.204802 3.041230 1.167779
v 0.908068 3.041230 0.761973
v 0.804521 1.372537 0.675529
v 0.183017 1.372537 1.034408
v 1.101165 3.041230 0.636404
v 1.101165 3.041230 0.636404
v 0.975890 1.372533 0.563276
v 0.975890 1.372533 0.563276
v 1.113727 3.041230 0.406526
v 1.113922 3.041231 -0.405424
v 0.987286 1.372537 -0.358970
v 0.987333 1.372537 0.358707
v 1.101725 3.041231 -0.635435
v 1.101725 3.041231 -0.635435
v 0.975756 1.372533 -0.563508
v 0.975756 1.372533 -0.563508
v 0.700067 2.377220 -0.273564
v 0.564283 2.377220 -0.496503
v 0.360439 2.377220 -0.659556
v 0.751412 2.377220 -0.017629
v 0.712126 2.377220 0.240432
v 0.586946 2.377220 0.469494
v 0.390973 2.377220 0.641928
v 0.147842 2.377220 0.736935
v -0.113120 2.377220 0.743058
v -0.360439 2.377220 0.659556
v -0.564283 2.377220 0.496503
v -0.700067 2.377220 0.273564
v -0.751412 2.377220 0.017629
v -0.712126 2.377220 -0.240432
v -0.586946 2.377220 -0.469494
v -0.390973 2.377220 -0.641927
v -0.147842 2.377220 -0.736935
v 0.113120 2.377220 -0.743058
v 0.268494 4.674164 -1.392270
v -0.218996 4.674164 -1.399549
v -0.691191 4.674164 -1.234600
v 0.513280 4.859283 -1.496223
v 0.513280 4.859283 -1.496223
v -0.029413 4.859283 -1.581542
v -0.568558 4.859283 -1.476103
v 0.723599 4.674164 -1.215889
v 0.994064 4.859283 -1.230438
v 1.102548 4.674164 -0.889431
v 1.354949 4.859283 -0.816243
v -1.384362 4.859283 -0.765299
v -1.039127 4.859284 -1.192625
v -1.039127 4.859284 -1.192625
v -1.321543 4.674164 -0.510119
v -1.071494 4.674164 -0.928657
v -1.414790 4.674164 -0.018711
v -1.562622 4.859283 -0.245666
v -1.102548 4.674164 0.889431
v -1.339988 4.674164 0.463612
v -0.723599 4.674164 1.215889
v -1.552407 4.859283 0.303598
v -1.552407 4.859283 0.303598
v -1.354949 4.859283 0.816243
v -0.994064 4.859283 1.230438
v 0.029413 4.859283 1.581542
v -0.513280 4.859284 1.496223
v -0.513280 4.859284 1.496223
v 0.218996 4.674164 1.399549
v -0.268494 4.674164 1.392270
v 0.691191 4.674164 1.234600
v 0.568558 4.859283 1.476103
v 1.321543 4.674164 0.510119
v 1.071494 4.674164 0.928657
v 1.414790 4.674164 0.018711
v 1.039127 4.859283 1.192625
v 1.039127 4.859283 1.192625
v 1.384362 4.859283 0.765299
v 1.562622 4.859283 0.245666
v 1.552407 4.859284 -0.303598
v 1.552407 4.859284 -0.303598
v 1.339988 4.674164 -0.463612
v 0.768397 5.674560 -0.961437
v 0.393226 5.674560 -1.166263
v 0.393226 5.674560 -1.166263
v 1.050888 5.674560 -0.640648
v -0.029373 5.674560 -1.230420
v -0.448430 5.674560 -1.146170
v -0.813400 5.674560 -0.923675
v -0.813400 5.674560 -0.923675
v -1.080261 5.674560 -0.589772
v -1.216827 5.674560 -0.184733
v -1.206626 5.674560 0.242587
v -1.206626 5.674560 0.242587
v -1.050888 5.674560 0.640648
v -0.768397 5.674560 0.961437
v -0.393226 5.674560 1.166263
v -0.393226 5.674560 1.166263
v 0.029373 5.674560 1.230420
v 0.448430 5.674560 1.146170
v 0.813400 5.674560 0.923675
v 0.813400 5.674560 0.923675
v 1.080261 5.674560 0.589772
v 1.216827 5.674560 0.184733
v 1.206626 5.674560 -0.242587
v 1.206626 5.674560 -0.242587
v 0.504731 6.305652 -0.647228
v 0.252927 6.305652 -0.780824
v 0.695657 6.305653 -0.435567
v -0.029384 6.305652 -0.820240
v -0.308150 6.305652 -0.760724
v -0.549750 6.305652 -0.609453
v -0.725041 6.305653 -0.384673
v -0.812882 6.305652 -0.113496
v -0.802677 6.305652 0.171371
v -0.695657 6.305652 0.435567
v -0.504731 6.305652 0.647228
v -0.252927 6.305652 0.780824
v 0.029384 6.305653 0.820240
v 0.308150 6.305652 0.760724
v 0.549750 6.305652 0.609453
v 0.725041 6.305653 0.384673
v 0.812882 6.305652 0.113496
v 0.802677 6.305652 -0.171371
v 0.462325 5.394531 -0.604301
v 0.227761 5.394531 -0.725982
v 0.641127 5.394531 -0.409732
v -0.034275 5.394531 -0.760098
v -0.292177 5.394531 -0.702536
v -0.514838 5.394531 -0.560238
v -0.675402 5.394531 -0.350366
v -0.754503 5.394531 -0.098235
v -0.742599 5.394531 0.165744
v -0.641127 5.394530 0.409732
v -0.462326 5.394531 0.604301
v -0.227761 5.394531 0.725982
v 0.034275 5.394530 0.760098
v 0.292177 5.394531 0.702536
v 0.514838 5.394531 0.560238
v 0.675402 5.394531 0.350366
v 0.754503 5.394531 0.098235
v 0.742599 5.394531 -0.165744
v -0.727992 0.335126 -0.603671
v 0.488000 0.165986 0.832933
v 0.477341 0.165986 -0.839087
v 0.142981 0.000193 -0.851254
v 0.909229 0.165986 0.324383
v -0.735539 0.165986 0.625224
v -0.886791 0.335126 0.328624
v 0.886791 0.335126 -0.328624
v -0.158799 0.335126 0.932295
v -1.109123 3.041230 -0.594585
v 0.727992 0.335126 0.603671
v -0.169642 0.335126 -0.930383
v -0.715788 0.794175 -0.588893
v 0.872052 0.794175 0.314010
v -1.068768 3.041230 -0.664093
v -0.707967 0.794175 0.598214
v 1.069487 3.041231 -0.663236
v 0.039636 3.041230 1.257821
v -0.867891 0.794175 0.325444
v 0.867891 0.794175 -0.325444
v -0.152102 0.794175 0.914337
v -0.494455 1.372538 -0.856153
v 0.715788 0.794175 0.588893
v -0.164085 0.794175 -0.912225
v -0.808699 0.000193 0.301802
v 0.895939 4.674164 1.097295
v -0.895939 4.674164 -1.097295
v -1.398255 4.674164 0.227259
v -0.640622 5.674559 -1.050846
v -0.502316 4.674164 1.324554
v -0.988678 1.372538 0.000134
v 0.988678 1.372538 -0.000134
v -0.494223 1.372538 0.856287
v 0.659530 2.377220 0.360425
v 0.494455 1.372538 0.856153
v 0.494223 1.372538 -0.856287
v 1.230388 4.859283 0.994024
v -1.476045 4.859283 0.568535
v 1.192578 4.859283 -1.039086
v 0.502316 4.674163 -1.324554
v 0.303586 4.859283 1.552345
v -1.496163 4.859283 -0.513260
v 1.230371 5.674560 -0.029372
v -0.589748 5.674559 1.080218
v -0.435550 6.305653 -0.695629
v 0.640622 5.674560 1.050846
v 0.184726 5.674559 -1.216779
v -1.230371 5.674560 0.029372
v 0.435550 6.305653 0.695629
v 0.113491 6.305653 -0.812849
v -0.820208 6.305653 0.029383
v 0.820208 6.305653 -0.029383
v -0.384658 6.305653 0.725012
v -0.409716 5.394530 -0.641101
v -0.350352 5.394530 0.675375
v -0.582156 4.588053 -1.055349
v 0.409716 5.394530 0.641101
v 0.098231 5.394530 -0.754473
v -0.760068 5.394530 0.034274
v 0.760068 5.394530 -0.034274
v 0.622881 4.588053 -1.031836
v -0.622881 4.588053 1.031836
v 0.582156 4.588053 1.055349
v 1.205037 4.588053 0.023513
v -1.205037 4.588053 -0.023513
v -1.230389 4.859283 -0.994024
v -0.909229 0.165986 -0.324383
v -0.965341 0.165986 0.006154
v -0.142981 0.000193 0.851255
v -0.665718 0.000193 -0.549452
v 0.665718 0.000193 0.549452
v -0.641902 2.377220 0.390957
v -0.659530 2.377220 -0.360425
v -0.017628 2.377220 -0.751382
v 0.245656 4.859283 -1.562560
v 0.017628 2.377220 0.751382
v 0.736906 2.377220 -0.147836
v 0.735539 0.165986 -0.625224
v 0.965341 0.165986 -0.006154
v 0.656705 0.000193 -0.560193
v 0.158799 0.335126 -0.932295
v 0.173690 0.165986 0.949607
v -0.477341 0.165986 0.839087
v 0.156788 0.000193 0.848820
v 0.813494 0.000193 0.288627
v 0.425504 0.000193 -0.751015
v -0.488000 0.165986 -0.832933
v -0.813494 0.000193 -0.288627
v -0.656706 0.000193 0.560193
v 0.720914 0.335126 -0.612106
v 0.152102 0.794175 -0.914337
v -0.477621 0.335126 -0.816253
v 0.468085 0.335126 -0.821759
v 0.169642 0.335126 0.930383
v 0.477621 0.335126 0.816253
v 0.945706 0.335126 -0.005505
v 0.890556 0.335126 0.318277
v -0.890556 0.335126 -0.318277
v -0.945707 0.335126 0.005505
v -0.468086 0.335126 0.821759
v -0.720914 0.335126 0.612106
v 1.109123 3.041230 0.594585
v 0.983182 1.372534 0.525471
v 0.641902 2.377220 -0.390957
v -1.069487 3.041230 0.663236
v -0.946662 1.372534 0.588725
v 0.036520 1.372534 1.114196
v 1.068768 3.041230 0.664093
v -0.039636 3.041231 -1.257821
v -0.036520 1.372534 -1.114196
v -0.983182 1.372534 -0.525471
v -1.109506 3.041230 0.593533
v 0.707967 0.794175 -0.598214
v 0.040738 3.041231 -1.257627
v -0.467641 0.794175 -0.797810
v 0.036256 1.372534 -1.114243
v 0.164085 0.794175 0.912224
v 0.467641 0.794175 0.797810
v 0.924744 0.794175 -0.006084
v 1.109506 3.041231 -0.593533
v -0.872052 0.794175 -0.314010
v -0.924744 0.794175 0.006084
v -0.457104 0.794175 0.803894
v -0.040738 3.041230 1.257627
v 0.905019 0.165986 -0.335949
v 0.808699 0.000193 -0.301802
v -0.905019 0.165986 0.335949
v -0.425504 0.000193 0.751015
v 0.161569 0.165986 -0.951744
v -0.437646 0.000193 -0.744005
v 0.437646 0.000193 0.744005
v -0.161569 0.165986 0.951744
v 0.863150 0.000193 -0.007010
v 0.743450 0.165986 0.615795
v -0.863150 0.000193 0.007010
v -0.743450 0.165986 -0.615795
v 1.476045 4.859283 -0.568536
v 1.496163 4.859283 0.513260
v 1.241094 4.674163 -0.685955
v 0.589748 5.674559 -1.080218
v -0.245656 4.859283 1.562560
v -1.192578 4.859283 1.039086
v -0.026493 4.674164 1.417797
v 1.214602 4.674164 0.731842
v 0.926955 4.674164 -1.068568
v -0.303586 4.859283 -1.552345
v -1.214602 4.674164 -0.731842
v -1.241095 4.674164 0.685955
v -0.184726 5.674559 1.216779
v 0.242578 5.674559 1.206578
v 1.166216 5.674559 0.393211
v 0.961399 5.674560 0.768367
v -0.961399 5.674559 -0.768367
v -1.166216 5.674559 -0.393211
v -0.923639 5.674559 0.813368
v -1.146124 5.674560 0.448412
v 0.384658 6.305653 -0.725012
v 1.146124 5.674560 -0.448412
v 0.923639 5.674559 -0.813368
v -0.242578 5.674559 -1.206578
v -0.760694 6.305653 0.308138
v -0.609429 6.305654 0.549728
v 0.171364 6.305654 0.802645
v -0.113491 6.305653 0.812849
v 0.609429 6.305654 -0.549728
v -0.171364 6.305654 -0.802645
v -0.780793 6.305654 -0.252917
v -0.647202 6.305653 -0.504711
v 0.760694 6.305653 -0.308138
v 0.350352 5.394530 -0.675375
v 0.780793 6.305654 0.252917
v 0.647202 6.305653 0.504711
v -0.604277 5.394530 -0.462307
v -0.725953 5.394529 -0.227752
v -0.560215 5.394529 0.514818
v -0.702508 5.394530 0.292166
v 0.604277 5.394530 0.462307
v 0.725953 5.394529 0.227752
v 0.702508 5.394530 -0.292166
v 0.165738 5.394529 0.742569
v -0.098231 5.394530 0.754473
v 0.560215 5.394529 -0.514818
v -0.165738 5.394529 -0.742569
v -1.155611 4.588053 -0.542812
v -1.017667 4.588053 -0.765406
v 0.154028 4.588053 -1.264029
v -0.107717 4.588053 -1.272194
v -1.047894 4.588053 0.729383
v -1.171695 4.588053 0.498622
v 0.107717 4.588053 1.272194
v -0.154028 4.588053 1.264028
v 1.155611 4.588053 0.542812
v 1.017667 4.588053 0.765406
v 1.047894 4.588053 -0.729383
v 1.171695 4.588053 -0.498622
v -1.388885 4.674164 -0.268483
v -0.816211 4.859283 -1.354895
v 0.765268 4.859283 -1.384306
v -0.461929 4.674164 -1.337051
v -1.115306 3.041231 -0.000559
v -0.946834 1.372534 -0.588520
v 0.558137 3.041231 -0.965604
v -0.557169 3.041231 -0.966163
v 1.581479 4.859283 -0.029412
v 1.398255 4.674163 -0.227259
v 0.983091 1.372534 -0.525723
v 0.946662 1.372534 -0.588725
v -0.926955 4.674164 1.068568
v -1.581479 4.859283 0.029412
v -0.558137 3.041231 0.965604
v -0.983091 1.372534 0.525723
v 0.461929 4.674164 1.337051
v -0.765268 4.859283 1.384307
v 0.557169 3.041231 0.966163
v -0.036256 1.372534 1.114243
v 1.388885 4.674164 0.268483
v 0.816211 4.859283 1.354895
v 1.115306 3.041231 0.000559
v 0.946834 1.372534 0.588520
v 0.496483 2.377220 0.564261
v 0.273553 2.377220 0.700039
v -0.469475 2.377220 0.586923
v -0.240423 2.377220 0.712097
v -0.743028 2.377220 -0.113116
v -0.736906 2.377220 0.147836
v -0.273553 2.377220 -0.700039
v -0.496483 2.377220 -0.564261
v 0.026493 4.674163 -1.417797
v 0.240423 2.377220 -0.712097
v 0.743028 2.377220 0.113116
v 0.469475 2.377220 -0.586923
v -0.173690 0.165986 -0.949607
v 0.777212 1.259068 0.556024
v 0.872329 1.259068 0.389050
v 0.773092 1.259068 -0.560934
v 0.870137 1.259068 -0.395073
v -0.870137 1.259068 0.395073
v -0.773092 1.259068 0.560934
v 0.099237 1.259068 0.949984
v -0.092925 1.259068 0.951097
v 0.092925 1.259068 -0.951097
v -0.099237 1.259068 -0.949984
v -0.872329 1.259068 -0.389050
v -0.777212 1.259068 -0.556024
v -0.453471 1.259073 -0.779026
v 0.447920 1.259073 -0.782230
v -0.901392 1.259073 0.003205
v -0.447920 1.259073 0.782230
v 0.453471 1.259073 0.779026
v 0.901392 1.259073 -0.003205
v 0.457104 0.794175 -0.803894
v 0.739401 0.009033 0.610999
v 0.739401 0.009033 0.610999
v 0.740718 0.323376 0.614833
v 0.903783 0.009033 0.321262
v 0.903783 0.009033 0.321262
v 0.906332 0.323376 0.324414
v 0.734117 0.323376 -0.622700
v 0.730112 0.009033 -0.622069
v 0.730112 0.009033 -0.622069
v 0.902820 0.323376 -0.334064
v 0.898841 0.009033 -0.334840
v 0.898841 0.009033 -0.334840
v -0.898841 0.009033 0.334840
v -0.898841 0.009033 0.334840
v -0.902820 0.323376 0.334064
v -0.730112 0.009033 0.622069
v -0.730112 0.009033 0.622069
v -0.734117 0.323376 0.622700
v 0.172216 0.323376 0.947114
v 0.173671 0.009033 0.943330
v 0.173671 0.009033 0.943330
v -0.162102 0.323376 0.948897
v -0.159441 0.009033 0.945839
v -0.159441 0.009033 0.945839
v 0.159441 0.009033 -0.945839
v 0.159441 0.009033 -0.945839
v 0.162102 0.323376 -0.948897
v -0.173671 0.009033 -0.943330
v -0.173671 0.009033 -0.943330
v -0.172216 0.323376 -0.947114
v -0.906332 0.323376 -0.324414
v -0.903783 0.009033 -0.321262
v -0.903783 0.009033 -0.321262
v -0.740718 0.323376 -0.614833
v -0.739401 0.009033 -0.610999
v -0.739401 0.009033 -0.610999
v 0.870737 0.358905 -0.323251
v 0.870737 0.358905 -0.323251
v 0.707667 0.358905 -0.601566
v 0.707667 0.358905 -0.601566
v -0.167138 0.358905 -0.913640
v -0.167138 0.358905 -0.913640
v 0.155425 0.358905 -0.915706
v 0.155425 0.358905 -0.915706
v -0.155425 0.358905 0.915706
v -0.155425 0.358905 0.915706
v 0.167138 0.358905 0.913640
v 0.167138 0.358905 0.913640
v 0.874805 0.358905 0.312074
v 0.874805 0.358905 0.312074
v 0.715312 0.358905 0.592455
v 0.715312 0.358905 0.592455
v -0.715312 0.358905 -0.592455
v -0.715312 0.358905 -0.592455
v -0.874805 0.358905 -0.312074
v -0.874805 0.358905 -0.312074
v -0.707667 0.358905 0.601566
v -0.707667 0.358905 0.601566
v -0.870737 0.358905 0.323251
v -0.870737 0.358905 0.323251
v 1.100291 1.507321 -0.593531
v 1.064159 1.507321 -0.656114
v -0.036132 1.507321 -1.249645
v 0.036132 1.507321 -1.249646
v -0.036132 1.507321 1.249646
v 0.036132 1.507321 1.249645
v 1.100291 1.507321 0.593531
v 1.064159 1.507321 0.656114
v -1.064159 1.507321 -0.656114
v -1.100291 1.507321 -0.593531
v -1.064159 1.507321 0.656114
v -1.100291 1.507321 0.593531
v 0.719606 0.099767 -0.263662
v 0.586031 0.099767 -0.493882
v -0.719606 0.099767 0.263662
v -0.586031 0.099767 0.493882
v 0.131465 0.099767 -0.755028
v -0.134698 0.099767 -0.754458
v 0.134698 0.099767 0.754458
v -0.131465 0.099767 0.755028
v 0.720729 0.099767 0.260577
v 0.588142 0.099767 0.491366
v -0.720729 0.099767 -0.260577
v -0.588142 0.099767 -0.491366
v 0.819784 4.684716 1.343364
v 0.819784 4.684716 1.343364
v 0.808374 5.061830 1.341449
v 1.229802 4.684716 0.981966
v 1.229802 4.684716 0.981966
v 1.218425 5.061830 0.984070
v 1.461442 5.061830 -0.563152
v 1.465309 4.684716 -0.574057
v 1.465309 4.684716 -0.574057
v 1.565916 5.061830 -0.029348
v 1.573279 4.684716 -0.038272
v 1.573279 4.684716 -0.038272
v -1.573279 4.684716 0.038272
v -1.573279 4.684716 0.038272
v -1.565916 5.061830 0.029347
v -1.465309 4.684716 0.574057
v -1.465309 4.684716 0.574057
v -1.461442 5.061830 0.563152
v -0.243017 5.061830 1.547222
v -0.235507 4.684716 1.556023
v -0.235507 4.684716 1.556023
v -0.757542 5.061830 1.370797
v -0.753495 4.684716 1.381635
v -0.753495 4.684716 1.381635
v 0.753495 4.684716 -1.381635
v 0.753495 4.684716 -1.381635
v 0.757542 5.061830 -1.370797
v 0.235507 4.684716 -1.556023
v 0.235507 4.684716 -1.556023
v 0.243017 5.061830 -1.547222
v -1.218425 5.061830 -0.984070
v -1.229802 4.684716 -0.981966
v -1.229802 4.684716 -0.981966
v -0.808374 5.061830 -1.341449
v -0.819784 4.684716 -1.343364
v -0.819784 4.684716 -1.343364
v -0.419764 6.277685 0.785847
v -0.125673 6.277685 0.882022
v 0.701017 6.277685 0.549847
v 0.470681 6.277685 0.756449
v -0.470681 6.277685 -0.756449
v -0.701017 6.277685 -0.549847
v -0.826690 6.277685 0.332175
v -0.890445 6.277685 0.029397
v 0.826690 6.277685 -0.332175
v 0.890445 6.277685 -0.029397
v 0.419764 6.277685 -0.785847
v 0.125673 6.277685 -0.882022
v -0.765536 6.269801 0.029365
v -0.765536 6.269801 0.029365
v -0.709325 6.269801 0.289423
v -0.709325 6.269801 0.289423
v -0.104015 6.269801 0.759005
v -0.104015 6.269801 0.759005
v -0.357337 6.269801 0.677656
v -0.357337 6.269801 0.677656
v 0.357337 6.269801 -0.677656
v 0.357337 6.269801 -0.677656
v 0.104015 6.269801 -0.759005
v 0.104015 6.269801 -0.759005
v -0.605310 6.269801 -0.469582
v -0.605310 6.269801 -0.469582
v -0.408199 6.269801 -0.648291
v -0.408199 6.269801 -0.648291
v 0.765536 6.269801 -0.029365
v 0.765536 6.269801 -0.029365
v 0.709325 6.269801 -0.289423
v 0.709325 6.269801 -0.289423
v 0.605310 6.269801 0.469582
v 0.605310 6.269801 0.469582
v 0.408199 6.269801 0.648291
v 0.408199 6.269801 0.648291
v -0.485835 0.009033 -0.827041
v -0.485835 0.009033 -0.827041
v -0.384615 0.099767 -0.662889
v 0.473321 0.009033 -0.834266
v 0.473321 0.009033 -0.834266
v 0.476868 0.323376 -0.836229
v -0.485762 0.323376 -0.831095
v 0.381771 0.099767 -0.664531
v -0.959157 0.009033 0.007225
v -0.959157 0.009033 0.007225
v -0.766387 0.099767 0.001642
v -0.962630 0.323376 0.005135
v -0.473321 0.009033 0.834266
v -0.473321 0.009033 0.834266
v -0.381771 0.099767 0.664531
v -0.476868 0.323376 0.836229
v 0.485835 0.009033 0.827041
v 0.485835 0.009033 0.827041
v 0.384615 0.099767 0.662889
v 0.485762 0.323376 0.831095
v 0.959157 0.009033 -0.007225
v 0.959157 0.009033 -0.007225
v 0.766387 0.099767 -0.001642
v 0.962630 0.323376 -0.005135
v -0.469542 0.358905 -0.801376
v -0.469542 0.358905 -0.801376
v 0.459241 0.358905 -0.807323
v 0.459241 0.358905 -0.807323
v -0.928783 0.358905 0.005947
v -0.928783 0.358905 0.005947
v -0.459241 0.358905 0.807323
v -0.459241 0.358905 0.807323
v 0.469542 0.358905 0.801376
v 0.469542 0.358905 0.801376
v 0.928783 0.358905 -0.005947
v 0.928783 0.358905 -0.005947
v -0.552377 1.507321 -0.956745
v 0.552377 1.507321 -0.956745
v -1.104754 1.507321 -0.000000
v -0.552377 1.507321 0.956745
v 0.552377 1.507321 0.956745
v 1.104754 1.507321 0.000000
v -0.310887 4.684716 -1.542732
v -0.310887 4.684716 -1.542732
v 1.180601 4.684716 -1.040602
v 1.180601 4.684716 -1.040602
v 1.180697 5.061830 -1.029033
v -0.300820 5.061830 -1.537030
v -1.491488 4.684716 -0.502129
v -1.491488 4.684716 -0.502129
v -1.481517 5.061830 -0.507997
v -1.180601 4.684716 1.040602
v -1.180601 4.684716 1.040602
v -1.180697 5.061830 1.029033
v 0.310887 4.684716 1.542732
v 0.310887 4.684716 1.542732
v 0.300820 5.061830 1.537030
v 1.491488 4.684716 0.502129
v 1.491488 4.684716 0.502129
v 1.481517 5.061830 0.507997
v -0.183575 6.277685 -0.871812
v 0.663224 6.277685 -0.594887
v -0.846799 6.277685 -0.276926
v -0.663224 6.277685 0.594887
v 0.183575 6.277685 0.871812
v 0.846799 6.277685 0.276926
v -0.161853 6.269801 -0.748807
v -0.161853 6.269801 -0.748807
v 0.567559 6.269801 -0.514572
v 0.567559 6.269801 -0.514572
v -0.729412 6.269801 -0.234235
v -0.729412 6.269801 -0.234235
v -0.567559 6.269801 0.514572
v -0.567559 6.269801 0.514572
v 0.161853 6.269801 0.748807
v 0.161853 6.269801 0.748807
v 0.729412 6.269801 0.234235
v 0.729412 6.269801 0.234235
v -0.156788 0.000193 -0.848820
vt 0.255180 0.255300
vt 0.255269 0.255196
vt 0.255215 0.255240
vt 0.255334 0.255173
vt 0.255468 0.255198
vt 0.255403 0.255174
vt 0.255520 0.255243
vt 0.255566 0.255371
vt 0.255554 0.255303
vt 0.255553 0.255439
vt 0.255465 0.255542
vt 0.255518 0.255498
vt 0.255400 0.255565
vt 0.255266 0.255541
vt 0.255331 0.255565
vt 0.255214 0.255496
vt 0.255168 0.255368
vt 0.255179 0.255436
vt 0.049793 0.594136
vt 0.410094 0.532530
vt 0.410420 0.511350
vt 0.050181 0.615308
vt 0.360696 0.550186
vt 0.741536 0.109748
vt 0.731414 0.175820
vt 0.001560 0.592107
vt 0.363774 0.516172
vt 0.005391 0.625984
vt 0.743207 0.143897
vt 0.704474 0.208305
vt 0.000345 0.550186
vt 0.642194 0.232571
vt 0.001560 0.823287
vt 0.675737 0.226826
vt 0.003422 0.516172
vt 0.005391 0.857164
vt 0.049793 0.825316
vt 0.049742 0.532530
vt 0.050068 0.511350
vt 0.050181 0.846488
vt 0.600591 0.225483
vt 0.000345 0.781366
vt 0.548435 0.183679
vt 0.361912 0.707697
vt 0.570184 0.209855
vt 0.365743 0.741574
vt 0.003422 0.747352
vt 0.410145 0.709726
vt 0.049742 0.763709
vt 0.410533 0.730898
vt 0.050068 0.742530
vt 0.533772 0.144106
vt 0.360696 0.665776
vt 0.001560 0.707697
vt 0.543896 0.078034
vt 0.005391 0.741574
vt 0.532102 0.109958
vt 0.363774 0.631762
vt 0.049793 0.709726
vt 0.410094 0.648120
vt 0.050181 0.730898
vt 0.410420 0.626940
vt 0.000345 0.665776
vt 0.570836 0.045549
vt 0.361912 0.823287
vt 0.633117 0.021282
vt 0.365743 0.857164
vt 0.003422 0.631762
vt 0.599574 0.027029
vt 0.410145 0.825316
vt 0.049742 0.648120
vt 0.410533 0.846488
vt 0.050068 0.626940
vt 0.360696 0.781366
vt 0.674719 0.028370
vt 0.361912 0.592107
vt 0.726874 0.070174
vt 0.363774 0.747352
vt 0.365743 0.625984
vt 0.705127 0.043997
vt 0.410145 0.594136
vt 0.410094 0.763709
vt 0.410420 0.742530
vt 0.410533 0.615308
vt 0.661066 0.546907
vt 0.642915 0.537070
vt 0.282607 0.588000
vt 0.300706 0.577476
vt 0.643508 0.519759
vt 0.283225 0.605303
vt 0.662292 0.522936
vt 0.301870 0.601452
vt 0.300714 0.546907
vt 0.282564 0.537070
vt 0.282607 0.819180
vt 0.300706 0.808656
vt 0.301940 0.522936
vt 0.301870 0.832632
vt 0.283156 0.519759
vt 0.283225 0.836483
vt 0.300714 0.778087
vt 0.282564 0.768249
vt 0.642959 0.703590
vt 0.661058 0.693067
vt 0.643577 0.720893
vt 0.283156 0.750939
vt 0.662221 0.717043
vt 0.301940 0.754115
vt 0.661065 0.662497
vt 0.642915 0.652660
vt 0.282607 0.703590
vt 0.300706 0.693066
vt 0.301870 0.717042
vt 0.662292 0.638526
vt 0.283225 0.720893
vt 0.643508 0.635349
vt 0.300714 0.662497
vt 0.282564 0.652659
vt 0.642959 0.819180
vt 0.661058 0.808657
vt 0.643577 0.836483
vt 0.283156 0.635349
vt 0.662222 0.832633
vt 0.301940 0.638526
vt 0.661066 0.778087
vt 0.642916 0.768250
vt 0.642959 0.588000
vt 0.661058 0.577477
vt 0.662292 0.754116
vt 0.662222 0.601453
vt 0.643508 0.750939
vt 0.643577 0.605303
vt 0.548698 0.437720
vt 0.581734 0.406073
vt 0.631268 0.392801
vt 0.615930 0.465474
vt 0.618205 0.492804
vt 0.550448 0.409508
vt 0.607671 0.403804
vt 0.515268 0.437720
vt 0.520324 0.363074
vt 0.556585 0.399335
vt 0.549071 0.465474
vt 0.535257 0.384401
vt 0.551346 0.492804
vt 0.517018 0.409508
vt 0.648987 0.437720
vt 0.526857 0.288391
vt 0.513585 0.337925
vt 0.515641 0.465474
vt 0.650737 0.409508
vt 0.517916 0.492804
vt 0.515854 0.311988
vt 0.582128 0.437720
vt 0.594801 0.256708
vt 0.545268 0.269981
vt 0.649360 0.465474
vt 0.568864 0.258977
vt 0.583878 0.409508
vt 0.651635 0.492804
vt 0.682417 0.437720
vt 0.656212 0.299708
vt 0.619950 0.263447
vt 0.582500 0.465474
vt 0.684167 0.409508
vt 0.584776 0.492804
vt 0.641278 0.278380
vt 0.615557 0.437720
vt 0.649678 0.374391
vt 0.662950 0.324857
vt 0.682789 0.465474
vt 0.660681 0.350794
vt 0.685065 0.492804
vt 0.617307 0.409508
vt 0.633173 0.464450
vt 0.637828 0.464190
vt 0.570918 0.438380
vt 0.566202 0.438186
vt 0.640659 0.490003
vt 0.573754 0.412022
vt 0.635889 0.490742
vt 0.568816 0.411274
vt 0.566314 0.464450
vt 0.570969 0.464190
vt 0.537488 0.438380
vt 0.532773 0.438186
vt 0.569030 0.490742
vt 0.535387 0.411274
vt 0.573800 0.490003
vt 0.540324 0.412022
vt 0.532884 0.464450
vt 0.537539 0.464190
vt 0.671207 0.438380
vt 0.666491 0.438186
vt 0.674043 0.412022
vt 0.540370 0.490003
vt 0.669105 0.411274
vt 0.535600 0.490742
vt 0.666603 0.464450
vt 0.671258 0.464190
vt 0.604348 0.438380
vt 0.599632 0.438186
vt 0.602246 0.411274
vt 0.669318 0.490742
vt 0.607184 0.412022
vt 0.674089 0.490003
vt 0.599744 0.464450
vt 0.604398 0.464190
vt 0.704637 0.438380
vt 0.699921 0.438186
vt 0.707473 0.412022
vt 0.607230 0.490003
vt 0.702535 0.411274
vt 0.602459 0.490742
vt 0.700033 0.464450
vt 0.704687 0.464190
vt 0.637777 0.438380
vt 0.633062 0.438186
vt 0.702748 0.490742
vt 0.635676 0.411274
vt 0.707519 0.490003
vt 0.640613 0.412022
vt 0.639569 0.464153
vt 0.709801 0.549476
vt 0.349446 0.574844
vt 0.572674 0.438518
vt 0.642386 0.489655
vt 0.575522 0.412491
vt 0.709996 0.524223
vt 0.349613 0.600136
vt 0.572709 0.464153
vt 0.349449 0.549475
vt 0.349446 0.806024
vt 0.539245 0.438518
vt 0.349644 0.524223
vt 0.349613 0.831316
vt 0.575526 0.489655
vt 0.542093 0.412491
vt 0.539280 0.464153
vt 0.349449 0.780655
vt 0.709797 0.690435
vt 0.672963 0.438518
vt 0.675811 0.412491
vt 0.542097 0.489655
vt 0.709965 0.715726
vt 0.349644 0.755403
vt 0.672998 0.464153
vt 0.709801 0.665066
vt 0.349446 0.690434
vt 0.606104 0.438518
vt 0.349613 0.715726
vt 0.709996 0.639813
vt 0.608952 0.412491
vt 0.675815 0.489655
vt 0.606139 0.464153
vt 0.349449 0.665065
vt 0.709798 0.806024
vt 0.706393 0.438518
vt 0.709241 0.412491
vt 0.608956 0.489655
vt 0.709965 0.831316
vt 0.349644 0.639813
vt 0.706428 0.464153
vt 0.709801 0.780655
vt 0.709797 0.574845
vt 0.639534 0.438518
vt 0.709996 0.755403
vt 0.709965 0.600136
vt 0.709245 0.489655
vt 0.642382 0.412491
vt 0.627522 0.530559
vt 0.582092 0.529741
vt 0.221848 0.595707
vt 0.267268 0.594735
vt 0.627167 0.513237
vt 0.266978 0.612055
vt 0.582042 0.511550
vt 0.221860 0.613898
vt 0.267170 0.530559
vt 0.221740 0.529741
vt 0.221848 0.826887
vt 0.267267 0.825915
vt 0.221690 0.511550
vt 0.221859 0.845078
vt 0.266815 0.513237
vt 0.266978 0.843234
vt 0.267170 0.761739
vt 0.221740 0.760921
vt 0.582200 0.711297
vt 0.627619 0.710325
vt 0.627330 0.727645
vt 0.266815 0.744417
vt 0.582211 0.729488
vt 0.221690 0.742730
vt 0.627522 0.646149
vt 0.582091 0.645331
vt 0.221848 0.711297
vt 0.267268 0.710325
vt 0.221859 0.729488
vt 0.582042 0.627140
vt 0.266978 0.727645
vt 0.627167 0.628827
vt 0.267170 0.646149
vt 0.221740 0.645331
vt 0.582200 0.826887
vt 0.627619 0.825915
vt 0.627330 0.843235
vt 0.266815 0.628827
vt 0.582211 0.845078
vt 0.221690 0.627140
vt 0.627522 0.761739
vt 0.582092 0.760921
vt 0.582200 0.595707
vt 0.627619 0.594735
vt 0.582042 0.742730
vt 0.582211 0.613898
vt 0.627167 0.744417
vt 0.627330 0.612055
vt 0.008088 0.189126
vt 0.640929 0.368326
vt 0.171909 0.238178
vt 0.180384 0.295845
vt 0.023360 0.363572
vt 0.652350 0.325835
vt 0.000345 0.277695
vt 0.650386 0.348087
vt 0.171062 0.267759
vt 0.074359 0.436397
vt 0.646585 0.304252
vt 0.198750 0.319050
vt 0.252929 0.340544
vt 0.233070 0.510394
vt 0.615497 0.273116
vt 0.223944 0.334574
vt 0.147191 0.487388
vt 0.633786 0.285943
vt 0.321638 0.502640
vt 0.593924 0.267317
vt 0.282208 0.336241
vt 0.327912 0.300068
vt 0.465076 0.402191
vt 0.551415 0.278672
vt 0.308249 0.322184
vt 0.402213 0.465062
vt 0.571668 0.269247
vt 0.502645 0.321612
vt 0.535606 0.294456
vt 0.338825 0.272561
vt 0.330350 0.214893
vt 0.487373 0.147167
vt 0.524185 0.336947
vt 0.510389 0.233043
vt 0.526150 0.314694
vt 0.339671 0.242980
vt 0.436374 0.074341
vt 0.529950 0.358529
vt 0.311984 0.191688
vt 0.257805 0.170194
vt 0.277664 0.000345
vt 0.561038 0.389666
vt 0.286790 0.176165
vt 0.363543 0.023351
vt 0.542749 0.376838
vt 0.189096 0.008098
vt 0.582612 0.395464
vt 0.228526 0.174497
vt 0.182822 0.210670
vt 0.045658 0.108547
vt 0.625121 0.384110
vt 0.108521 0.045676
vt 0.604867 0.393535
vt 0.202485 0.188554
vt 0.725783 0.826196
vt 0.755108 0.163215
vt 0.750953 0.079226
vt 0.769929 0.089386
vt 0.773231 0.133807
vt 0.728651 0.781434
vt 0.760435 0.120855
vt 0.725783 0.691020
vt 0.664957 0.246791
vt 0.735614 0.201198
vt 0.726058 0.870476
vt 0.704305 0.230225
vt 0.729360 0.914896
vt 0.728651 0.646259
vt 0.670881 0.298960
vt 0.547503 0.210502
vt 0.622315 0.248899
vt 0.726058 0.735300
vt 0.673749 0.254198
vt 0.729360 0.779721
vt 0.581524 0.236296
vt 0.821650 0.298960
vt 0.520201 0.090639
vt 0.524355 0.174627
vt 0.671156 0.343240
vt 0.514873 0.132999
vt 0.824518 0.254198
vt 0.674458 0.387661
vt 0.725783 0.555845
vt 0.610354 0.007063
vt 0.539695 0.052656
vt 0.821925 0.343240
vt 0.728651 0.511083
vt 0.825227 0.387661
vt 0.571005 0.023629
vt 0.769654 0.045106
vt 0.727807 0.043351
vt 0.652995 0.004955
vt 0.726058 0.600125
vt 0.693787 0.017557
vt 0.729360 0.644545
vt 0.772522 0.000345
vt 0.789000 0.088424
vt 0.812452 0.087321
vt 0.768459 0.828235
vt 0.744935 0.826857
vt 0.817537 0.127976
vt 0.773345 0.787225
vt 0.792979 0.131961
vt 0.748542 0.783143
vt 0.745129 0.869513
vt 0.768581 0.868410
vt 0.768459 0.693060
vt 0.744935 0.691682
vt 0.749108 0.913051
vt 0.748542 0.647968
vt 0.773666 0.909065
vt 0.773345 0.652050
vt 0.745129 0.734338
vt 0.768581 0.733235
vt 0.713557 0.301000
vt 0.690033 0.299621
vt 0.718443 0.259990
vt 0.773666 0.773890
vt 0.693640 0.255908
vt 0.749108 0.777875
vt 0.690227 0.342278
vt 0.713679 0.341174
vt 0.864326 0.301000
vt 0.840801 0.299621
vt 0.844409 0.255908
vt 0.694206 0.385815
vt 0.869212 0.259990
vt 0.718763 0.381830
vt 0.840995 0.342278
vt 0.864448 0.341174
vt 0.768459 0.557884
vt 0.744935 0.556506
vt 0.773345 0.516874
vt 0.869532 0.381830
vt 0.748542 0.512793
vt 0.844975 0.385815
vt 0.745129 0.599163
vt 0.768581 0.598059
vt 0.812330 0.047146
vt 0.788806 0.045768
vt 0.749108 0.642700
vt 0.792413 0.002054
vt 0.773666 0.638715
vt 0.817216 0.006136
vt 0.889658 0.082220
vt 0.910370 0.080754
vt 0.063872 0.857895
vt 0.866514 0.837270
vt 0.020208 0.878621
vt 0.845789 0.835001
vt 0.914999 0.104783
vt 0.871128 0.812920
vt 0.040189 0.864381
vt 0.894637 0.110237
vt 0.850749 0.806832
vt 0.845787 0.863309
vt 0.866499 0.861843
vt 0.006343 0.898923
vt 0.002564 0.947243
vt 0.866514 0.702095
vt 0.845789 0.699825
vt 0.871128 0.885873
vt 0.000345 0.922847
vt 0.871128 0.677745
vt 0.850766 0.891326
vt 0.850749 0.671656
vt 0.845787 0.728134
vt 0.012809 0.969564
vt 0.866499 0.726668
vt 0.052145 0.997486
vt 0.811612 0.310035
vt 0.790887 0.307765
vt 0.795847 0.279596
vt 0.850767 0.756150
vt 0.030022 0.986992
vt 0.816226 0.285685
vt 0.871128 0.750697
vt 0.790885 0.336074
vt 0.811597 0.334607
vt 0.076608 0.999655
vt 0.962381 0.310035
vt 0.120358 0.979016
vt 0.941655 0.307765
vt 0.966995 0.285685
vt 0.816226 0.358637
vt 0.100296 0.993233
vt 0.946616 0.279596
vt 0.795864 0.364090
vt 0.941653 0.336074
vt 0.962366 0.334607
vt 0.134393 0.958740
vt 0.866514 0.566919
vt 0.138614 0.910218
vt 0.845789 0.564650
vt 0.850749 0.536481
vt 0.946633 0.364090
vt 0.871128 0.542569
vt 0.966995 0.358637
vt 0.140761 0.934859
vt 0.845787 0.592958
vt 0.866499 0.591492
vt 0.128179 0.887809
vt 0.910385 0.056181
vt 0.088379 0.859964
vt 0.889660 0.053912
vt 0.850767 0.620975
vt 0.894620 0.025742
vt 0.871128 0.615522
vt 0.914999 0.031831
vt 0.110724 0.870353
vt 0.064230 0.864025
vt 0.255359 0.255367
vt 0.255362 0.255362
vt 0.024446 0.883057
vt 0.255360 0.255364
vt 0.042635 0.870004
vt 0.011874 0.901625
vt 0.255365 0.255361
vt 0.255370 0.255362
vt 0.008544 0.945869
vt 0.006462 0.923515
vt 0.255368 0.255361
vt 0.017971 0.966246
vt 0.255373 0.255363
vt 0.255375 0.255369
vt 0.053952 0.991622
vt 0.255374 0.255366
vt 0.033728 0.982133
vt 0.076269 0.993532
vt 0.255375 0.255372
vt 0.255372 0.255376
vt 0.116121 0.974551
vt 0.097861 0.987600
vt 0.255374 0.255374
vt 0.128876 0.955967
vt 0.255369 0.255377
vt 0.255363 0.255377
vt 0.132592 0.911617
vt 0.134623 0.934119
vt 0.255366 0.255378
vt 0.123005 0.891179
vt 0.255361 0.255375
vt 0.255358 0.255370
vt 0.086602 0.865855
vt 0.255359 0.255373
vt 0.107025 0.875284
vt 0.255368 0.255170
vt 0.255436 0.255183
vt 0.255563 0.255336
vt 0.255540 0.255271
vt 0.255365 0.255568
vt 0.255297 0.255556
vt 0.255171 0.255402
vt 0.255194 0.255467
vt 0.255494 0.255523
vt 0.255538 0.255470
vt 0.255195 0.255269
vt 0.255240 0.255216
vt 0.660212 0.231285
vt 0.003223 0.841248
vt 0.010204 0.822129
vt 0.050029 0.840888
vt 0.011330 0.511083
vt 0.011489 0.849870
vt 0.690143 0.219462
vt 0.001537 0.532182
vt 0.049934 0.516955
vt 0.010150 0.538842
vt 0.410286 0.516955
vt 0.370501 0.538842
vt 0.361889 0.532182
vt 0.744032 0.127739
vt 0.371681 0.511083
vt 0.011489 0.618691
vt 0.050030 0.609708
vt 0.003223 0.610068
vt 0.739307 0.159572
vt 0.010204 0.590949
vt 0.558560 0.198639
vt 0.363575 0.725658
vt 0.370556 0.706539
vt 0.410381 0.725298
vt 0.371841 0.734281
vt 0.011330 0.742263
vt 0.583764 0.218650
vt 0.001537 0.763362
vt 0.049934 0.748135
vt 0.010150 0.770022
vt 0.003223 0.725658
vt 0.536003 0.094282
vt 0.010204 0.706539
vt 0.050029 0.725298
vt 0.011489 0.734281
vt 0.371681 0.626673
vt 0.531276 0.126116
vt 0.361889 0.647772
vt 0.410286 0.632545
vt 0.370501 0.654432
vt 0.363575 0.841248
vt 0.615099 0.022569
vt 0.370556 0.822129
vt 0.410381 0.840888
vt 0.371841 0.849870
vt 0.011329 0.626673
vt 0.001537 0.647772
vt 0.585168 0.034393
vt 0.049934 0.632545
vt 0.010150 0.654432
vt 0.363575 0.610068
vt 0.716751 0.055213
vt 0.370556 0.590949
vt 0.410381 0.609708
vt 0.371682 0.742263
vt 0.371841 0.618691
vt 0.361889 0.763362
vt 0.691547 0.035203
vt 0.410286 0.748135
vt 0.370501 0.770022
vt 0.049666 0.563340
vt 0.410018 0.563340
vt 0.049666 0.794520
vt 0.410017 0.678930
vt 0.049666 0.678930
vt 0.410018 0.794520
vt 0.255238 0.255521
vt 0.255171 0.255333
vt 0.255434 0.255557
vt 0.255563 0.255405
vt 0.255496 0.255218
vt 0.255300 0.255182
vt 0.719024 0.192916
vt 0.000465 0.571209
vt 0.360817 0.571209
vt 0.735484 0.089453
vt 0.621193 0.230390
vt 0.000465 0.802389
vt 0.539823 0.164401
vt 0.360817 0.686799
vt 0.000465 0.686799
vt 0.556286 0.060937
vt 0.360817 0.802389
vt 0.654117 0.023463
vt 0.287871 0.657876
vt 0.282472 0.639726
vt 0.649980 0.834376
vt 0.289664 0.637098
vt 0.301115 0.649606
vt 0.642893 0.832106
vt 0.648232 0.813603
vt 0.661432 0.821545
vt 0.650016 0.752688
vt 0.649980 0.603196
vt 0.642893 0.600926
vt 0.648232 0.582423
vt 0.661432 0.590365
vt 0.648223 0.773466
vt 0.642824 0.755316
vt 0.661466 0.765195
vt 0.287871 0.773466
vt 0.282472 0.755316
vt 0.649980 0.718786
vt 0.289664 0.752688
vt 0.301115 0.765195
vt 0.642893 0.716516
vt 0.648232 0.698013
vt 0.661432 0.705955
vt 0.289628 0.718786
vt 0.650016 0.637098
vt 0.282541 0.716516
vt 0.287881 0.698013
vt 0.301080 0.705955
vt 0.648223 0.657876
vt 0.642824 0.639726
vt 0.661466 0.649606
vt 0.648223 0.542286
vt 0.642824 0.524136
vt 0.650016 0.521508
vt 0.289628 0.603196
vt 0.661466 0.534016
vt 0.282541 0.600926
vt 0.287880 0.582423
vt 0.301080 0.590365
vt 0.289664 0.521508
vt 0.289628 0.834376
vt 0.282541 0.832106
vt 0.287880 0.813603
vt 0.301080 0.821545
vt 0.287871 0.542286
vt 0.282472 0.524136
vt 0.301114 0.534016
vt 0.282681 0.562540
vt 0.300640 0.562194
vt 0.643033 0.562540
vt 0.660992 0.562194
vt 0.282681 0.793720
vt 0.300640 0.793374
vt 0.643033 0.678131
vt 0.660992 0.677784
vt 0.282681 0.678130
vt 0.300640 0.677784
vt 0.643033 0.793720
vt 0.660992 0.793374
vt 0.679998 0.409272
vt 0.580784 0.493169
vt 0.643046 0.276588
vt 0.631266 0.269983
vt 0.578465 0.465728
vt 0.620999 0.261157
vt 0.583495 0.479165
vt 0.603542 0.464223
vt 0.605373 0.477035
vt 0.706591 0.411842
vt 0.606366 0.490160
vt 0.600734 0.477530
vt 0.678311 0.437640
vt 0.658486 0.298628
vt 0.649675 0.288393
vt 0.683102 0.423696
vt 0.705590 0.425301
vt 0.703771 0.438328
vt 0.700826 0.424856
vt 0.706655 0.490160
vt 0.639731 0.411842
vt 0.638730 0.425301
vt 0.636912 0.438328
vt 0.633966 0.424856
vt 0.611451 0.437640
vt 0.651750 0.375821
vt 0.656209 0.363072
vt 0.681073 0.493169
vt 0.613139 0.409272
vt 0.663118 0.351429
vt 0.616243 0.423696
vt 0.703831 0.464223
vt 0.705662 0.477035
vt 0.701023 0.477530
vt 0.662947 0.337924
vt 0.665457 0.324620
vt 0.678754 0.465728
vt 0.683784 0.479165
vt 0.646568 0.409272
vt 0.513924 0.493169
vt 0.513418 0.311352
vt 0.513588 0.324857
vt 0.511606 0.465728
vt 0.511078 0.338161
vt 0.516635 0.479165
vt 0.536683 0.464223
vt 0.538514 0.477035
vt 0.673161 0.411842
vt 0.539507 0.490160
vt 0.533875 0.477530
vt 0.644881 0.437640
vt 0.524785 0.286961
vt 0.520326 0.299709
vt 0.649673 0.423696
vt 0.672160 0.425301
vt 0.670342 0.438328
vt 0.667396 0.424856
vt 0.606302 0.411842
vt 0.673225 0.490160
vt 0.605301 0.425301
vt 0.603482 0.438328
vt 0.600537 0.424856
vt 0.578022 0.437640
vt 0.595004 0.254198
vt 0.581734 0.256711
vt 0.579709 0.409272
vt 0.647643 0.493169
vt 0.568196 0.256550
vt 0.582814 0.423696
vt 0.670402 0.464223
vt 0.672233 0.477035
vt 0.667594 0.477530
vt 0.556586 0.263449
vt 0.645324 0.465728
vt 0.543809 0.267928
vt 0.650354 0.479165
vt 0.614213 0.493169
vt 0.546279 0.409272
vt 0.608339 0.406232
vt 0.619949 0.399332
vt 0.611894 0.465728
vt 0.632726 0.394854
vt 0.616924 0.479165
vt 0.636972 0.464223
vt 0.638803 0.477035
vt 0.639795 0.490160
vt 0.572872 0.411842
vt 0.634164 0.477530
vt 0.544592 0.437640
vt 0.581531 0.408583
vt 0.594801 0.406071
vt 0.549384 0.423696
vt 0.571871 0.425301
vt 0.570053 0.438328
vt 0.567107 0.424856
vt 0.572936 0.490160
vt 0.539442 0.411842
vt 0.538442 0.425301
vt 0.536623 0.438328
vt 0.533677 0.424856
vt 0.511162 0.437640
vt 0.518049 0.364153
vt 0.526860 0.374389
vt 0.547354 0.493169
vt 0.512850 0.409272
vt 0.533489 0.386194
vt 0.515954 0.423696
vt 0.570113 0.464223
vt 0.571944 0.477035
vt 0.567305 0.477530
vt 0.545269 0.392799
vt 0.545035 0.465728
vt 0.555536 0.401624
vt 0.550065 0.479165
vt 0.708142 0.464078
vt 0.720217 0.780700
vt 0.709880 0.768002
vt 0.710967 0.489380
vt 0.644108 0.412798
vt 0.720359 0.755478
vt 0.720359 0.600101
vt 0.707404 0.476899
vt 0.709867 0.587514
vt 0.641266 0.438618
vt 0.720226 0.574817
vt 0.640510 0.425546
vt 0.644108 0.489380
vt 0.720359 0.524298
vt 0.360007 0.600101
vt 0.577248 0.412798
vt 0.349515 0.587514
vt 0.359874 0.574816
vt 0.574407 0.438618
vt 0.573650 0.425546
vt 0.641283 0.464078
vt 0.720217 0.549520
vt 0.709880 0.536822
vt 0.640545 0.476899
vt 0.720217 0.665110
vt 0.674713 0.464078
vt 0.709880 0.652412
vt 0.610678 0.412798
vt 0.360007 0.715691
vt 0.720359 0.639888
vt 0.677537 0.489380
vt 0.673974 0.476899
vt 0.349515 0.703104
vt 0.607837 0.438618
vt 0.359874 0.690406
vt 0.607080 0.425546
vt 0.710967 0.412798
vt 0.610678 0.489380
vt 0.720359 0.831281
vt 0.360007 0.639888
vt 0.709867 0.818694
vt 0.708126 0.438618
vt 0.720226 0.805997
vt 0.707369 0.425546
vt 0.607853 0.464078
vt 0.359865 0.665110
vt 0.349528 0.652412
vt 0.607115 0.476899
vt 0.359865 0.549520
vt 0.574424 0.464078
vt 0.349528 0.536822
vt 0.360007 0.524298
vt 0.360007 0.831281
vt 0.577248 0.489380
vt 0.543819 0.412798
vt 0.573685 0.476899
vt 0.349515 0.818694
vt 0.359874 0.805996
vt 0.540978 0.438618
vt 0.540221 0.425546
vt 0.720359 0.715691
vt 0.360007 0.755478
vt 0.677537 0.412798
vt 0.543819 0.489380
vt 0.709867 0.703104
vt 0.720226 0.690407
vt 0.674696 0.438618
vt 0.673939 0.425546
vt 0.359865 0.780700
vt 0.540994 0.464078
vt 0.349528 0.768002
vt 0.540256 0.476899
vt 0.619791 0.760832
vt 0.582043 0.745842
vt 0.619523 0.742966
vt 0.619691 0.613534
vt 0.627017 0.747421
vt 0.582202 0.610786
vt 0.619894 0.595669
vt 0.627168 0.609051
vt 0.619523 0.511786
vt 0.259339 0.613533
vt 0.221850 0.610786
vt 0.259542 0.595669
vt 0.266816 0.609051
vt 0.619791 0.529652
vt 0.582043 0.514662
vt 0.627017 0.516241
vt 0.619790 0.645242
vt 0.582043 0.630252
vt 0.259339 0.729124
vt 0.619523 0.627376
vt 0.627017 0.631831
vt 0.221850 0.726376
vt 0.259542 0.711259
vt 0.266816 0.724641
vt 0.619691 0.844714
vt 0.259171 0.627376
vt 0.582202 0.841966
vt 0.619894 0.826849
vt 0.627168 0.840231
vt 0.259439 0.645242
vt 0.221691 0.630252
vt 0.266665 0.631831
vt 0.259439 0.529652
vt 0.221691 0.514662
vt 0.259171 0.511786
vt 0.259339 0.844714
vt 0.266665 0.516241
vt 0.221850 0.841966
vt 0.259542 0.826849
vt 0.266816 0.840231
vt 0.619691 0.729124
vt 0.259171 0.742966
vt 0.582202 0.726376
vt 0.619893 0.711259
vt 0.627168 0.724641
vt 0.259439 0.760832
vt 0.221691 0.745842
vt 0.266665 0.747421
vt 0.032193 0.276354
vt 0.174495 0.282210
vt 0.052829 0.351419
vt 0.008098 0.321639
vt 0.652339 0.337047
vt 0.038475 0.198759
vt 0.170192 0.252931
vt 0.000345 0.233072
vt 0.646540 0.358619
vt 0.478541 0.234384
vt 0.336239 0.228529
vt 0.457904 0.159319
vt 0.502635 0.189099
vt 0.524196 0.325735
vt 0.472259 0.311979
vt 0.340542 0.257807
vt 0.510389 0.277666
vt 0.529995 0.304162
vt 0.125606 0.072588
vt 0.191686 0.198752
vt 0.070917 0.127991
vt 0.074341 0.074363
vt 0.615405 0.389706
vt 0.195947 0.039230
vt 0.214891 0.180386
vt 0.147166 0.023365
vt 0.593823 0.395471
vt 0.314787 0.471509
vt 0.295843 0.330352
vt 0.385128 0.438151
vt 0.363568 0.487373
vt 0.582712 0.267311
vt 0.319048 0.311986
vt 0.439817 0.382747
vt 0.436393 0.436375
vt 0.561130 0.273076
vt 0.097895 0.414898
vt 0.210668 0.327914
vt 0.161954 0.459136
vt 0.108546 0.465077
vt 0.640984 0.294539
vt 0.238175 0.338827
vt 0.237280 0.478797
vt 0.189125 0.502645
vt 0.625201 0.278732
vt 0.412839 0.095840
vt 0.300066 0.182824
vt 0.348780 0.051602
vt 0.402188 0.045662
vt 0.535551 0.368242
vt 0.272559 0.171911
vt 0.273454 0.031942
vt 0.321609 0.008093
vt 0.551334 0.384050
vt 0.724119 0.511526
vt 0.564754 0.022856
vt 0.820844 0.388685
vt 0.554084 0.036776
vt 0.817551 0.344150
vt 0.533557 0.054067
vt 0.823347 0.365362
vt 0.847428 0.341976
vt 0.866311 0.361370
vt 0.755303 0.513627
vt 0.851730 0.384950
vt 0.842564 0.363737
vt 0.604745 0.004198
vt 0.721336 0.556409
vt 0.589957 0.013629
vt 0.726961 0.533591
vt 0.770218 0.537585
vt 0.751386 0.556822
vt 0.746320 0.534939
vt 0.755863 0.641835
vt 0.799174 0.002889
vt 0.814089 0.026847
vt 0.795257 0.046083
vt 0.790191 0.024201
vt 0.727484 0.037061
vt 0.765207 0.045670
vt 0.711923 0.028969
vt 0.691331 0.011757
vt 0.724977 0.645570
vt 0.767990 0.000787
vt 0.770832 0.022853
vt 0.751561 0.598861
vt 0.770445 0.618254
vt 0.746698 0.620622
vt 0.673940 0.009476
vt 0.648704 0.000345
vt 0.721684 0.601035
vt 0.727481 0.622247
vt 0.669217 0.254641
vt 0.724977 0.780745
vt 0.583979 0.242096
vt 0.601370 0.244377
vt 0.721684 0.736210
vt 0.626607 0.253509
vt 0.727481 0.757422
vt 0.751561 0.734036
vt 0.770445 0.753430
vt 0.700401 0.256742
vt 0.755863 0.777011
vt 0.746698 0.755797
vt 0.666434 0.299524
vt 0.547826 0.216792
vt 0.563388 0.224884
vt 0.672059 0.276706
vt 0.715316 0.280700
vt 0.696484 0.299937
vt 0.691418 0.278054
vt 0.851169 0.256742
vt 0.700961 0.384950
vt 0.866085 0.280700
vt 0.847252 0.299937
vt 0.842186 0.278054
vt 0.817202 0.299524
vt 0.514915 0.094064
vt 0.515689 0.111586
vt 0.819985 0.254641
vt 0.670075 0.388685
vt 0.511078 0.138026
vt 0.822828 0.276706
vt 0.696659 0.341976
vt 0.715542 0.361370
vt 0.691796 0.363737
vt 0.517798 0.154227
vt 0.666782 0.344150
vt 0.522508 0.180649
vt 0.672579 0.365362
vt 0.764230 0.115828
vt 0.768848 0.134831
vt 0.724119 0.781877
vt 0.757510 0.099627
vt 0.752800 0.073205
vt 0.765555 0.090296
vt 0.771352 0.111508
vt 0.795432 0.088122
vt 0.814315 0.107516
vt 0.799734 0.131097
vt 0.755303 0.783978
vt 0.790569 0.109883
vt 0.721336 0.826760
vt 0.760394 0.159790
vt 0.759620 0.142268
vt 0.726961 0.803942
vt 0.770218 0.807936
vt 0.751386 0.827173
vt 0.746320 0.805290
vt 0.755863 0.912186
vt 0.755303 0.648803
vt 0.770218 0.672761
vt 0.751386 0.691997
vt 0.746320 0.670115
vt 0.721336 0.691584
vt 0.670566 0.249656
vt 0.685354 0.240225
vt 0.724977 0.915920
vt 0.724119 0.646701
vt 0.710556 0.230998
vt 0.726961 0.668767
vt 0.751561 0.869212
vt 0.770445 0.888605
vt 0.746698 0.890972
vt 0.721226 0.217077
vt 0.721684 0.871386
vt 0.741753 0.199787
vt 0.727481 0.892598
vt 0.808113 0.334836
vt 0.813289 0.346738
vt 0.088733 0.997488
vt 0.963610 0.284533
vt 0.812863 0.359614
vt 0.792744 0.350138
vt 0.964077 0.297786
vt 0.110945 0.987010
vt 0.958893 0.309624
vt 0.943514 0.293626
vt 0.867743 0.541418
vt 0.963632 0.359614
vt 0.868210 0.554671
vt 0.140761 0.922445
vt 0.863026 0.566508
vt 0.847647 0.550511
vt 0.958882 0.334836
vt 0.964058 0.346738
vt 0.138609 0.947081
vt 0.943513 0.350138
vt 0.863015 0.862072
vt 0.868191 0.873974
vt 0.002290 0.910624
vt 0.867765 0.886850
vt 0.867743 0.676594
vt 0.847646 0.877374
vt 0.000447 0.935133
vt 0.868210 0.689846
vt 0.863026 0.701684
vt 0.847647 0.685686
vt 0.812841 0.284533
vt 0.867765 0.751674
vt 0.040591 0.993200
vt 0.813308 0.297786
vt 0.808124 0.309624
vt 0.792745 0.293626
vt 0.863015 0.726896
vt 0.020669 0.979041
vt 0.868191 0.738798
vt 0.847646 0.742198
vt 0.867765 0.616499
vt 0.911614 0.030680
vt 0.912081 0.043932
vt 0.100002 0.864177
vt 0.906897 0.055770
vt 0.891518 0.039772
vt 0.863015 0.591721
vt 0.868191 0.603623
vt 0.120211 0.878313
vt 0.847646 0.607023
vt 0.906886 0.080983
vt 0.912062 0.092884
vt 0.051741 0.860097
vt 0.911636 0.105761
vt 0.867743 0.811769
vt 0.891517 0.096284
vt 0.868210 0.825022
vt 0.029573 0.870622
vt 0.863026 0.836859
vt 0.847647 0.820861
vt 0.255371 0.255365
vt 0.020637 0.964468
vt 0.255374 0.255365
vt 0.035621 0.979563
vt 0.255372 0.255367
vt 0.025168 0.974888
vt 0.255375 0.255367
vt 0.255373 0.255369
vt 0.054839 0.988544
vt 0.043390 0.987759
vt 0.255372 0.255373
vt 0.096536 0.984683
vt 0.255373 0.255375
vt 0.255370 0.255374
vt 0.113866 0.972261
vt 0.107557 0.981883
vt 0.255373 0.255371
vt 0.076035 0.990340
vt 0.255374 0.255373
vt 0.087323 0.991519
vt 0.255361 0.255368
vt 0.064472 0.867222
vt 0.255359 0.255366
vt 0.255362 0.255366
vt 0.043963 0.872917
vt 0.053165 0.866065
vt 0.255361 0.255363
vt 0.255363 0.255364
vt 0.026698 0.885332
vt 0.032965 0.875729
vt 0.255367 0.255363
vt 0.009674 0.923815
vt 0.255369 0.255361
vt 0.255369 0.255364
vt 0.011659 0.945094
vt 0.006569 0.934778
vt 0.255365 0.255363
vt 0.014785 0.902980
vt 0.255366 0.255361
vt 0.008217 0.912316
vt 0.255363 0.255374
vt 0.120334 0.892986
vt 0.255360 0.255374
vt 0.255361 0.255372
vt 0.105138 0.877892
vt 0.115707 0.882529
vt 0.255359 0.255371
vt 0.255361 0.255370
vt 0.085728 0.868945
vt 0.097222 0.869671
vt 0.255366 0.255375
vt 0.131410 0.933789
vt 0.255365 0.255377
vt 0.255364 0.255375
vt 0.129461 0.912402
vt 0.134587 0.922778
vt 0.255368 0.255375
vt 0.125965 0.954569
vt 0.255368 0.255378
vt 0.132694 0.945294
vt 0.548585 0.451652
vt 0.568865 0.403801
vt 0.242978 0.171065
vt 0.233041 0.000350
vt 0.571572 0.393506
vt 0.641276 0.384399
vt 0.615444 0.451652
vt 0.637493 0.451325
vt 0.632814 0.451360
vt 0.570634 0.451325
vt 0.565954 0.451360
vt 0.176162 0.223946
vt 0.023351 0.147194
vt 0.633713 0.376908
vt 0.515155 0.451652
vt 0.515857 0.350793
vt 0.322182 0.202487
vt 0.465057 0.108525
vt 0.526126 0.347989
vt 0.537204 0.451325
vt 0.532525 0.451360
vt 0.648874 0.451652
vt 0.535259 0.278382
vt 0.334571 0.286792
vt 0.487383 0.363544
vt 0.542822 0.285874
vt 0.670923 0.451325
vt 0.666243 0.451360
vt 0.582015 0.451652
vt 0.607670 0.258980
vt 0.267756 0.339674
vt 0.277693 0.510389
vt 0.604963 0.269275
vt 0.604064 0.451325
vt 0.599384 0.451360
vt 0.682304 0.451652
vt 0.660678 0.311988
vt 0.188552 0.308251
vt 0.045676 0.402214
vt 0.650409 0.314792
vt 0.704353 0.451325
vt 0.699673 0.451360
vt 0.349426 0.562157
vt 0.572379 0.451375
vt 0.709777 0.562157
vt 0.639239 0.451375
vt 0.349426 0.793337
vt 0.538950 0.451375
vt 0.709777 0.677747
vt 0.672668 0.451375
vt 0.349426 0.677747
vt 0.605809 0.451375
vt 0.709778 0.793337
vt 0.706098 0.451375
vt 0.221879 0.562724
vt 0.267689 0.562651
vt 0.582231 0.562724
vt 0.628041 0.562651
vt 0.221879 0.793904
vt 0.267689 0.793830
vt 0.582230 0.678314
vt 0.628041 0.678241
vt 0.221879 0.678314
vt 0.267689 0.678241
vt 0.582231 0.793904
vt 0.628041 0.793831
vt 0.725457 0.848357
vt 0.747019 0.183057
vt 0.740945 0.060278
vt 0.769328 0.067268
vt 0.811799 0.067250
vt 0.788398 0.067117
vt 0.767928 0.848339
vt 0.744527 0.848206
vt 0.643729 0.249705
vt 0.725457 0.713182
vt 0.767928 0.713164
vt 0.744528 0.713031
vt 0.534364 0.193575
vt 0.670555 0.321122
vt 0.713025 0.321103
vt 0.689625 0.320970
vt 0.528291 0.070797
vt 0.821324 0.321122
vt 0.863794 0.321103
vt 0.840394 0.320970
vt 0.631582 0.004149
vt 0.725457 0.578007
vt 0.767928 0.577988
vt 0.744528 0.577855
vt 0.865951 0.849574
vt 0.012387 0.888150
vt 0.845174 0.849168
vt 0.909822 0.068485
vt 0.076211 0.857853
vt 0.889045 0.068079
vt 0.006714 0.958845
vt 0.865951 0.714399
vt 0.845174 0.713993
vt 0.811049 0.322339
vt 0.064286 0.999655
vt 0.790272 0.321933
vt 0.961818 0.322339
vt 0.128245 0.969490
vt 0.941040 0.321933
vt 0.865951 0.579223
vt 0.134374 0.898555
vt 0.845174 0.578817
vt 0.255363 0.255361
vt 0.017344 0.891777
vt 0.255359 0.255368
vt 0.075491 0.863956
vt 0.255372 0.255362
vt 0.012375 0.956469
vt 0.255375 0.255370
vt 0.065030 0.993566
vt 0.255370 0.255377
vt 0.123292 0.965818
vt 0.255362 0.255376
vt 0.128689 0.900976
vt 0.606267 0.398669
vt 0.582171 0.400768
vt 0.558810 0.394499
vt 0.627074 0.491859
vt 0.559672 0.410248
vt 0.557574 0.437922
vt 0.557806 0.464949
vt 0.628192 0.388456
vt 0.624666 0.464949
vt 0.645302 0.371359
vt 0.624433 0.437922
vt 0.524144 0.437922
vt 0.560215 0.491859
vt 0.526242 0.410248
vt 0.525137 0.360799
vt 0.539002 0.380618
vt 0.518885 0.337434
vt 0.524377 0.464949
vt 0.521003 0.313339
vt 0.531233 0.291422
vt 0.548343 0.274326
vt 0.659961 0.410248
vt 0.526786 0.491859
vt 0.657863 0.437922
vt 0.658095 0.464949
vt 0.591004 0.437922
vt 0.593102 0.410248
vt 0.660504 0.491859
vt 0.594364 0.262013
vt 0.570268 0.264112
vt 0.617725 0.268283
vt 0.591236 0.464949
vt 0.651399 0.301982
vt 0.637533 0.282164
vt 0.657650 0.325348
vt 0.693390 0.410248
vt 0.593645 0.491859
vt 0.691292 0.437922
vt 0.691525 0.464949
vt 0.693934 0.491859
vt 0.626531 0.410248
vt 0.655532 0.349442
vt 0.641530 0.489827
vt 0.574643 0.412257
vt 0.638701 0.464171
vt 0.638658 0.438449
vt 0.571799 0.438449
vt 0.571842 0.464171
vt 0.574671 0.489827
vt 0.541214 0.412257
vt 0.538369 0.438449
vt 0.538412 0.464171
vt 0.674932 0.412257
vt 0.541241 0.489827
vt 0.672088 0.438449
vt 0.672131 0.464171
vt 0.608073 0.412257
vt 0.674960 0.489827
vt 0.605229 0.438449
vt 0.605272 0.464171
vt 0.708362 0.412257
vt 0.608101 0.489827
vt 0.705518 0.438449
vt 0.705560 0.464171
vt 0.708389 0.489827
vt 0.641502 0.412257
vt 0.685968 0.549066
vt 0.686453 0.523891
vt 0.326043 0.600421
vt 0.685954 0.575229
vt 0.325602 0.575228
vt 0.325616 0.549065
vt 0.326102 0.523891
vt 0.326043 0.831601
vt 0.325602 0.806408
vt 0.325616 0.780245
vt 0.686395 0.716011
vt 0.326102 0.755071
vt 0.685954 0.690819
vt 0.685968 0.664656
vt 0.326043 0.716011
vt 0.686453 0.639481
vt 0.325602 0.690818
vt 0.325616 0.664655
vt 0.686395 0.831601
vt 0.326102 0.639481
vt 0.685954 0.806408
vt 0.685968 0.780245
vt 0.686453 0.755071
vt 0.686395 0.600421
vt 0.496510 0.530230
vt 0.496533 0.511665
vt 0.136342 0.614145
vt 0.496613 0.595581
vt 0.635173 0.533022
vt 0.635254 0.592226
vt 0.634936 0.516425
vt 0.274727 0.608816
vt 0.136261 0.595581
vt 0.136159 0.530230
vt 0.274821 0.533022
vt 0.274902 0.592225
vt 0.136181 0.511665
vt 0.136342 0.845325
vt 0.274585 0.516425
vt 0.274727 0.839996
vt 0.136261 0.826760
vt 0.136158 0.761410
vt 0.274821 0.764202
vt 0.274902 0.823405
vt 0.496694 0.729735
vt 0.136181 0.742845
vt 0.635079 0.724406
vt 0.274585 0.747605
vt 0.496613 0.711171
vt 0.496510 0.645820
vt 0.635173 0.648612
vt 0.635254 0.707816
vt 0.136342 0.729735
vt 0.496533 0.627255
vt 0.274727 0.724406
vt 0.634936 0.632015
vt 0.136261 0.711171
vt 0.136158 0.645820
vt 0.274821 0.648612
vt 0.274902 0.707815
vt 0.496694 0.845325
vt 0.136181 0.627255
vt 0.635079 0.839996
vt 0.274585 0.632015
vt 0.496613 0.826761
vt 0.496510 0.761410
vt 0.635173 0.764202
vt 0.635254 0.823406
vt 0.496533 0.742845
vt 0.496694 0.614145
vt 0.634937 0.747605
vt 0.635079 0.608816
vt 0.257472 0.254843
vt 0.257525 0.255594
vt 0.257318 0.256319
vt 0.257165 0.254154
vt 0.256641 0.253613
vt 0.255963 0.253283
vt 0.255214 0.253205
vt 0.254483 0.253388
vt 0.253858 0.253810
vt 0.253416 0.254420
vt 0.253209 0.255144
vt 0.253262 0.255896
vt 0.253569 0.256584
vt 0.254093 0.257126
vt 0.254771 0.257455
vt 0.255520 0.257534
vt 0.256251 0.257351
vt 0.256875 0.256929
vt 0.751942 0.132277
vt 0.743268 0.170649
vt 0.721375 0.204554
vt 0.783090 0.132929
vt 0.738573 0.782207
vt 0.735423 0.826503
vt 0.735657 0.869997
vt 0.746739 0.093236
vt 0.779528 0.088908
vt 0.728324 0.057321
vt 0.779294 0.045414
vt 0.735423 0.691328
vt 0.739219 0.914018
vt 0.738573 0.647031
vt 0.652600 0.240253
vt 0.690167 0.228581
vt 0.612289 0.238245
vt 0.735657 0.734822
vt 0.546986 0.196531
vt 0.575879 0.223230
vt 0.528569 0.160618
vt 0.683671 0.254971
vt 0.739219 0.778843
vt 0.680521 0.299267
vt 0.680755 0.342761
vt 0.831290 0.299267
vt 0.834440 0.254971
vt 0.684317 0.386783
vt 0.532041 0.083205
vt 0.523366 0.121577
vt 0.553935 0.049299
vt 0.831523 0.342761
vt 0.622711 0.013601
vt 0.585143 0.025274
vt 0.663021 0.015609
vt 0.738573 0.511856
vt 0.835085 0.386783
vt 0.735423 0.556152
vt 0.735657 0.599646
vt 0.739219 0.643668
vt 0.782444 0.001117
vt 0.699432 0.030623
vt 0.850744 0.084947
vt 0.856171 0.119553
vt 0.812307 0.796465
vt 0.850741 0.050190
vt 0.806870 0.831279
vt 0.806874 0.866037
vt 0.812300 0.900642
vt 0.812307 0.661290
vt 0.806870 0.696104
vt 0.806874 0.730861
vt 0.757405 0.269229
vt 0.812300 0.765467
vt 0.751969 0.304044
vt 0.751971 0.338801
vt 0.908174 0.269229
vt 0.757398 0.373407
vt 0.902737 0.304044
vt 0.902740 0.338801
vt 0.812308 0.526114
vt 0.908167 0.373407
vt 0.806871 0.560928
vt 0.806874 0.595686
vt 0.812300 0.630291
vt 0.856178 0.015376
vt 0.064049 0.860981
vt 0.041418 0.867213
vt 0.087482 0.862929
vt 0.022339 0.880857
vt 0.009126 0.900287
vt 0.003420 0.923184
vt 0.005573 0.946556
vt 0.015409 0.967896
vt 0.031889 0.984548
vt 0.053058 0.994534
vt 0.076440 0.996572
vt 0.099074 0.990396
vt 0.118228 0.976766
vt 0.131618 0.957341
vt 0.137672 0.934483
vt 0.135582 0.910919
vt 0.125573 0.889503
vt 0.108860 0.872833
vt 0.255347 0.255363
vt 0.255350 0.255357
vt 0.255346 0.255370
vt 0.255356 0.255352
vt 0.255362 0.255349
vt 0.255369 0.255349
vt 0.255376 0.255351
vt 0.255382 0.255355
vt 0.255386 0.255361
vt 0.255388 0.255368
vt 0.255387 0.255375
vt 0.255383 0.255382
vt 0.255378 0.255387
vt 0.255372 0.255389
vt 0.255364 0.255390
vt 0.255358 0.255388
vt 0.255352 0.255383
vt 0.255348 0.255377
vt 0.572816 0.476967
vt 0.590821 0.451483
vt 0.624251 0.451483
vt 0.617675 0.394519
vt 0.692074 0.424220
vt 0.658644 0.424220
vt 0.539386 0.476967
vt 0.706534 0.476967
vt 0.673105 0.476967
vt 0.136323 0.841897
vt 0.606245 0.476967
vt 0.572761 0.425423
vt 0.325796 0.536320
vt 0.686115 0.819160
vt 0.136173 0.515096
vt 0.686115 0.703570
vt 0.496675 0.610717
vt 0.136323 0.726307
vt 0.325796 0.767500
vt 0.686148 0.767500
vt 0.686148 0.651910
vt 0.275277 0.562628
vt 0.325797 0.651910
vt 0.325763 0.587980
vt 0.518893 0.325294
vt 0.568587 0.035845
vt 0.706723 0.218009
vt 0.593311 0.232283
vt 0.808881 0.883374
vt 0.524243 0.141201
vt 0.275277 0.793808
vt 0.635629 0.793809
vt 0.635629 0.678219
vt 0.256316 0.253418
vt 0.275277 0.678218
vt 0.635629 0.562629
vt 0.736675 0.534218
vt 0.681773 0.277333
vt 0.778934 0.067181
vt 0.751065 0.112653
vt 0.830929 0.321035
vt 0.735063 0.713095
vt 0.808881 0.613023
vt 0.753979 0.356139
vt 0.005273 0.911479
vt 0.904747 0.356139
vt 0.808879 0.813867
vt 0.808881 0.748199
vt 0.135634 0.946178
vt 0.031278 0.873195
vt 0.022935 0.976952
vt 0.117942 0.880433
vt 0.088026 0.994482
vt 0.255366 0.255349
vt 0.255385 0.255379
vt 0.010249 0.564917
vt 0.255368 0.255390
vt 0.255353 0.255354
vt 0.255384 0.255358
vt 0.255349 0.255381
vt 0.370601 0.564917
vt 0.370600 0.680507
vt 0.010249 0.680507
vt 0.370601 0.796097
vt 0.010249 0.796097
vt 0.736675 0.669393
vt 0.524926 0.424220
vt 0.523962 0.451483
vt 0.558860 0.268262
vt 0.548301 0.388423
vt 0.628235 0.274359
vt 0.253202 0.255522
vt 0.254417 0.257320
vt 0.256582 0.257167
vt 0.736675 0.804569
vt 0.254152 0.253571
vt 0.257348 0.254485
vt 0.625215 0.424220
vt 0.691110 0.451483
vt 0.651373 0.360847
vt 0.639675 0.476967
vt 0.591785 0.424220
vt 0.657681 0.451483
vt 0.582225 0.262011
vt 0.645330 0.291468
vt 0.637493 0.380654
vt 0.557392 0.451483
vt 0.531205 0.371314
vt 0.525162 0.301934
vt 0.639620 0.425423
vt 0.686148 0.536320
vt 0.571510 0.451350
vt 0.638369 0.451350
vt 0.606190 0.425423
vt 0.604939 0.451350
vt 0.705228 0.451350
vt 0.706479 0.425423
vt 0.539331 0.425423
vt 0.538080 0.451350
vt 0.671799 0.451350
vt 0.673049 0.425423
vt 0.496675 0.841897
vt 0.634787 0.836928
vt 0.257531 0.255216
vt 0.496675 0.726307
vt 0.634787 0.721338
vt 0.274435 0.721338
vt 0.136173 0.630686
vt 0.136323 0.610717
vt 0.274435 0.605748
vt 0.274435 0.836928
vt 0.136173 0.746276
vt 0.686115 0.587980
vt 0.496524 0.515096
vt 0.325570 0.562146
vt 0.634655 0.519494
vt 0.325763 0.703570
vt 0.325570 0.677736
vt 0.685922 0.793326
vt 0.496525 0.746276
vt 0.325763 0.819160
vt 0.325570 0.793326
vt 0.685922 0.677737
vt 0.496524 0.630686
vt 0.692497 0.478368
vt 0.657642 0.337487
vt 0.525349 0.478368
vt 0.539042 0.282127
vt 0.625638 0.478368
vt 0.570217 0.398653
vt 0.606318 0.264129
vt 0.659068 0.478368
vt 0.655544 0.313392
vt 0.592209 0.478368
vt 0.520992 0.349389
vt 0.558779 0.478368
vt 0.780546 0.023479
vt 0.735063 0.577920
vt 0.714994 0.042595
vt 0.852752 0.102285
vt 0.832541 0.277333
vt 0.680161 0.321035
vt 0.525954 0.102113
vt 0.603294 0.017782
vt 0.739042 0.074492
vt 0.735063 0.848271
vt 0.672018 0.236072
vt 0.560316 0.211257
vt 0.904746 0.286631
vt 0.902080 0.321434
vt 0.806213 0.578319
vt 0.808879 0.543516
vt 0.808879 0.678692
vt 0.806213 0.713495
vt 0.751311 0.321435
vt 0.753977 0.286631
vt 0.052455 0.863102
vt 0.852750 0.032778
vt 0.850084 0.067581
vt 0.806213 0.848670
vt 0.042005 0.990462
vt 0.064663 0.996589
vt 0.125755 0.967639
vt 0.109242 0.984427
vt 0.075845 0.860925
vt 0.014880 0.889979
vt 0.009565 0.957652
vt 0.003525 0.934958
vt 0.098600 0.866942
vt 0.255348 0.255360
vt 0.131511 0.899771
vt 0.137653 0.922610
vt 0.255373 0.255349
vt 0.255379 0.255353
vt 0.255387 0.255372
vt 0.255387 0.255365
vt 0.255361 0.255389
vt 0.255354 0.255386
vt 0.255347 0.255374
vt 0.255375 0.255388
vt 0.255381 0.255384
vt 0.255346 0.255367
vt 0.255359 0.255350
vt 0.010583 0.839137
vt 0.010459 0.521813
vt 0.370811 0.521813
vt 0.010584 0.607957
vt 0.370935 0.723547
vt 0.010459 0.752993
vt 0.010583 0.723547
vt 0.370811 0.637403
vt 0.370935 0.839137
vt 0.010459 0.637403
vt 0.370935 0.607957
vt 0.370811 0.752993
vt 0.632371 0.240951
vt 0.737135 0.891816
vt 0.781006 0.110727
vt 0.733759 0.188516
vt 0.136172 0.794086
vt 0.274303 0.519494
vt 0.496524 0.562906
vt 0.136172 0.562906
vt 0.737135 0.621465
vt 0.681999 0.021571
vt 0.634655 0.750674
vt 0.634787 0.605748
vt 0.536266 0.179361
vt 0.737135 0.756641
vt 0.496524 0.678496
vt 0.274303 0.750674
vt 0.541551 0.065338
vt 0.682232 0.364580
vt 0.136172 0.678496
vt 0.634655 0.635084
vt 0.642940 0.012903
vt 0.833001 0.364580
vt 0.496524 0.794086
vt 0.274303 0.635084
vt 0.255592 0.253211
vt 0.254840 0.253264
vt 0.253281 0.254773
vt 0.253610 0.254095
vt 0.253807 0.256878
vt 0.253385 0.256253
vt 0.255893 0.257474
vt 0.255142 0.257527
vt 0.749355 0.151742
vt 0.257123 0.256643
vt 0.256926 0.253861
vt 0.257453 0.255966
vt 0.558355 0.424220
vt 0.288438 0.644926
vt 0.648781 0.826544
vt 0.648781 0.595364
vt 0.648789 0.760516
vt 0.288438 0.760516
vt 0.648780 0.710954
vt 0.288429 0.710954
vt 0.648789 0.644926
vt 0.648789 0.529336
vt 0.288429 0.595364
vt 0.288429 0.826544
vt 0.288438 0.529336
vt 0.287763 0.562359
vt 0.648115 0.562359
vt 0.287763 0.793539
vt 0.648115 0.677949
vt 0.287763 0.677949
vt 0.648115 0.793539
vt 0.685922 0.562147
vt 0.579504 0.479529
vt 0.632696 0.267911
vt 0.604519 0.477116
vt 0.678972 0.423479
vt 0.651728 0.286934
vt 0.704719 0.425199
vt 0.637860 0.425199
vt 0.612113 0.423479
vt 0.658498 0.364121
vt 0.704808 0.477116
vt 0.679793 0.479529
vt 0.665457 0.338127
vt 0.512645 0.479529
vt 0.511078 0.324655
vt 0.537660 0.477116
vt 0.645543 0.423479
vt 0.518037 0.298661
vt 0.671290 0.425199
vt 0.604430 0.425199
vt 0.578683 0.423479
vt 0.581497 0.254204
vt 0.671379 0.477116
vt 0.646363 0.479529
vt 0.555506 0.261175
vt 0.612934 0.479529
vt 0.621029 0.401607
vt 0.637949 0.477116
vt 0.545254 0.423479
vt 0.595038 0.408577
vt 0.571001 0.425199
vt 0.537571 0.425199
vt 0.511824 0.423479
vt 0.524807 0.375847
vt 0.571090 0.477116
vt 0.546074 0.479529
vt 0.543839 0.394871
vt 0.709134 0.476721
vt 0.720273 0.768078
vt 0.642256 0.425751
vt 0.720286 0.587463
vt 0.359934 0.587462
vt 0.575397 0.425751
vt 0.642274 0.476721
vt 0.720273 0.536898
vt 0.720273 0.652488
vt 0.675704 0.476721
vt 0.608826 0.425751
vt 0.359934 0.703052
vt 0.709115 0.425751
vt 0.720286 0.818642
vt 0.608845 0.476721
vt 0.359921 0.652488
vt 0.359921 0.536898
vt 0.575415 0.476721
vt 0.359934 0.818642
vt 0.541967 0.425751
vt 0.720286 0.703053
vt 0.675686 0.425751
vt 0.359921 0.768078
vt 0.541986 0.476721
vt 0.619471 0.746043
vt 0.619628 0.610457
vt 0.259276 0.610457
vt 0.619471 0.514863
vt 0.619470 0.630453
vt 0.259276 0.726047
vt 0.619628 0.841637
vt 0.259119 0.630453
vt 0.259119 0.514863
vt 0.259276 0.841637
vt 0.619627 0.726047
vt 0.259119 0.746043
vt 0.039229 0.314789
vt 0.031941 0.237282
vt 0.471504 0.195949
vt 0.478793 0.273456
vt 0.095839 0.097898
vt 0.159318 0.052833
vt 0.351416 0.457905
vt 0.414895 0.412840
vt 0.127990 0.439818
vt 0.198757 0.472260
vt 0.382744 0.070920
vt 0.311977 0.038479
vt 0.818994 0.366396
vt 0.547794 0.037100
vt 0.849087 0.363146
vt 0.583936 0.011782
vt 0.722470 0.534023
vt 0.752861 0.535543
vt 0.796731 0.024805
vt 0.710512 0.022831
vt 0.766341 0.023285
vt 0.753221 0.620031
vt 0.670515 0.004191
vt 0.723127 0.623280
vt 0.723127 0.758456
vt 0.604795 0.249662
vt 0.753221 0.755206
vt 0.667568 0.277138
vt 0.564799 0.231022
vt 0.697959 0.278659
vt 0.848727 0.278659
vt 0.818337 0.277138
vt 0.511079 0.115877
vt 0.698319 0.363146
vt 0.668225 0.366396
vt 0.514934 0.159836
vt 0.760374 0.094018
vt 0.766998 0.112542
vt 0.797092 0.109292
vt 0.722470 0.804374
vt 0.764230 0.137977
vt 0.752860 0.805894
vt 0.752861 0.670719
vt 0.722470 0.669199
vt 0.691375 0.242072
vt 0.753221 0.890381
vt 0.723127 0.893631
vt 0.727516 0.216753
vt 0.809853 0.347305
vt 0.960621 0.297041
vt 0.864754 0.553925
vt 0.960621 0.347305
vt 0.864755 0.874541
vt 0.864754 0.689101
vt 0.809852 0.297041
vt 0.864755 0.739366
vt 0.908625 0.043187
vt 0.864755 0.604190
vt 0.908626 0.093452
vt 0.864754 0.824276
vt 0.027482 0.972679
vt 0.255372 0.255366
vt 0.255373 0.255368
vt 0.044790 0.984895
vt 0.255371 0.255374
vt 0.105739 0.979240
vt 0.255372 0.255372
vt 0.086532 0.988418
vt 0.255361 0.255367
vt 0.053963 0.869167
vt 0.255363 0.255365
vt 0.034783 0.878363
vt 0.255368 0.255363
vt 0.009773 0.934534
vt 0.255366 0.255363
vt 0.011327 0.913142
vt 0.113392 0.884771
vt 0.255362 0.255373
vt 0.255361 0.255371
vt 0.095820 0.872565
vt 0.255365 0.255375
vt 0.131366 0.923010
vt 0.255367 0.255375
vt 0.129587 0.944415
vt 0.544508 0.451744
vt 0.568230 0.406238
vt 0.234382 0.032197
vt 0.611367 0.451744
vt 0.643068 0.386167
vt 0.636634 0.451317
vt 0.569775 0.451317
vt 0.051602 0.161957
vt 0.511078 0.451744
vt 0.513429 0.351461
vt 0.438147 0.125609
vt 0.536345 0.451317
vt 0.644797 0.451744
vt 0.533467 0.276614
vt 0.459132 0.348781
vt 0.670064 0.451317
vt 0.577937 0.451744
vt 0.608305 0.256544
vt 0.276352 0.478542
vt 0.603205 0.451317
vt 0.663106 0.311320
vt 0.678226 0.451744
vt 0.072587 0.385129
vt 0.703494 0.451317
vt 0.359851 0.562165
vt 0.574101 0.451387
vt 0.640960 0.451387
vt 0.720203 0.562165
vt 0.359851 0.793344
vt 0.540671 0.451387
vt 0.720203 0.677755
vt 0.674390 0.451387
vt 0.607530 0.451387
vt 0.359851 0.677755
vt 0.707819 0.451387
vt 0.720203 0.793345
vt 0.259914 0.562662
vt 0.620266 0.562662
vt 0.259914 0.793842
vt 0.620266 0.678252
vt 0.259914 0.678252
vt 0.620266 0.793842
vt 0.721048 0.849096
vt 0.752818 0.180602
vt 0.741719 0.054028
vt 0.764919 0.068007
vt 0.794815 0.067123
vt 0.750944 0.848212
vt 0.721048 0.713921
vt 0.648755 0.253500
vt 0.750944 0.713037
vt 0.666146 0.321860
vt 0.533591 0.199825
vt 0.696042 0.320977
vt 0.816915 0.321860
vt 0.522491 0.073252
vt 0.846811 0.320977
vt 0.626556 0.000354
vt 0.721048 0.578745
vt 0.750944 0.577861
vt 0.862453 0.849482
vt 0.906324 0.068393
vt 0.862453 0.714306
vt 0.807551 0.322246
vt 0.958319 0.322246
vt 0.862453 0.579131
vt 0.255364 0.255364
vt 0.019965 0.893621
vt 0.255361 0.255369
vt 0.075170 0.867149
vt 0.255370 0.255364
vt 0.015312 0.955175
vt 0.255373 0.255370
vt 0.065363 0.990381
vt 0.255369 0.255375
vt 0.120667 0.963946
vt 0.255363 0.255374
vt 0.125743 0.902292
vt 0.594311 0.400770
vn 0.558322 -0.003205 -0.829618
vn -0.105569 -0.003205 -0.994407
vn 0.240904 -0.003205 -0.970544
vn -0.439310 -0.003205 -0.898330
vn -0.913966 -0.003205 -0.405778
vn -0.720063 -0.003205 -0.693901
vn -0.997631 -0.003205 -0.068712
vn -0.808397 -0.003205 0.588629
vn -0.960968 -0.003205 0.276642
vn -0.558322 -0.003205 0.829618
vn 0.105569 -0.003205 0.994407
vn -0.240905 -0.003205 0.970544
vn 0.439310 -0.003205 0.898330
vn 0.913966 -0.003205 0.405778
vn 0.720063 -0.003205 0.693901
vn 0.997631 -0.003205 0.068712
vn 0.808397 -0.003205 -0.588629
vn 0.960968 -0.003205 -0.276642
vn 0.453085 0.059701 0.889466
vn -0.462162 0.065264 0.884391
vn -0.014378 0.018579 0.999724
vn -0.014378 0.018579 0.999724
vn -0.171987 0.928363 0.329488
vn -0.171987 0.928363 0.329488
vn 0.143246 0.905813 0.398728
vn 0.143246 0.905813 0.398728
vn -0.057125 0.860446 0.506330
vn -0.057125 0.860446 0.506330
vn -0.057125 0.860446 0.506330
vn 0.199353 0.928362 0.313691
vn 0.199353 0.928362 0.313691
vn 0.416932 0.905813 0.075310
vn 0.416932 0.905813 0.075310
vn 0.409934 0.860444 0.302639
vn 0.409934 0.860444 0.302639
vn 0.409934 0.860444 0.302639
vn 0.996843 0.059701 0.052349
vn 0.534824 0.065265 0.842439
vn 0.858598 0.018579 0.512313
vn 0.858598 0.018579 0.512313
vn 0.371338 0.928363 -0.015800
vn 0.371338 0.928363 -0.015800
vn 0.273687 0.905812 -0.323418
vn 0.273687 0.905812 -0.323418
vn 0.467061 0.860443 -0.203696
vn 0.467061 0.860443 -0.203696
vn 0.467061 0.860443 -0.203696
vn 0.543757 0.059701 -0.837116
vn 0.996986 0.065265 -0.041951
vn 0.872975 0.018579 -0.487411
vn 0.872975 0.018579 -0.487411
vn 0.171986 0.928362 -0.329491
vn 0.171986 0.928362 -0.329491
vn -0.143247 0.905812 -0.398729
vn -0.143247 0.905812 -0.398729
vn 0.057125 0.860443 -0.506335
vn 0.057125 0.860443 -0.506335
vn 0.057125 0.860443 -0.506335
vn -0.453085 0.059701 -0.889466
vn 0.462162 0.065264 -0.884391
vn 0.014377 0.018579 -0.999724
vn 0.014377 0.018579 -0.999724
vn -0.199351 0.928363 -0.313691
vn -0.199351 0.928363 -0.313691
vn -0.416932 0.905813 -0.075310
vn -0.416932 0.905813 -0.075310
vn -0.409933 0.860444 -0.302639
vn -0.409933 0.860444 -0.302639
vn -0.409933 0.860444 -0.302639
vn -0.996843 0.059701 -0.052349
vn -0.534824 0.065264 -0.842439
vn -0.858598 0.018579 -0.512313
vn -0.858598 0.018579 -0.512313
vn -0.371342 0.928362 0.015800
vn -0.371342 0.928362 0.015800
vn -0.273687 0.905813 0.323418
vn -0.273687 0.905813 0.323418
vn -0.467059 0.860445 0.203694
vn -0.467059 0.860445 0.203694
vn -0.467059 0.860445 0.203694
vn -0.543757 0.059701 0.837116
vn -0.996986 0.065265 0.041952
vn -0.872975 0.018579 0.487411
vn -0.872975 0.018579 0.487411
vn -0.377456 -0.017558 0.925861
vn -0.341043 0.649670 0.679425
vn 0.344124 0.645644 0.681705
vn 0.386946 -0.020053 0.921884
vn 0.001894 0.808249 0.588837
vn 0.001894 0.808249 0.588837
vn 0.006845 0.093038 0.995639
vn 0.006845 0.093038 0.995639
vn 0.613091 -0.017558 0.789817
vn 0.417878 0.649670 0.635064
vn 0.762436 0.645644 0.042833
vn 0.991848 -0.020053 0.125838
vn 0.865671 0.093038 0.491891
vn 0.865671 0.093038 0.491891
vn 0.510894 0.808250 0.292779
vn 0.510894 0.808250 0.292779
vn 0.990547 -0.017558 -0.136044
vn 0.758921 0.649670 -0.044361
vn 0.418312 0.645644 -0.638873
vn 0.604903 -0.020053 -0.796047
vn 0.509001 0.808250 -0.296058
vn 0.509001 0.808250 -0.296058
vn 0.858826 0.093039 -0.503748
vn 0.858826 0.093039 -0.503748
vn 0.377456 -0.017558 -0.925861
vn 0.341043 0.649670 -0.679425
vn -0.344124 0.645644 -0.681705
vn -0.386946 -0.020053 -0.921884
vn -0.006845 0.093039 -0.995639
vn -0.006845 0.093039 -0.995639
vn -0.001893 0.808249 -0.588837
vn -0.001893 0.808249 -0.588837
vn -0.613091 -0.017558 -0.789817
vn -0.417878 0.649670 -0.635064
vn -0.762436 0.645644 -0.042833
vn -0.991848 -0.020053 -0.125837
vn -0.510895 0.808249 -0.292779
vn -0.510895 0.808249 -0.292779
vn -0.865671 0.093038 -0.491892
vn -0.865671 0.093038 -0.491892
vn -0.990547 -0.017558 0.136044
vn -0.758921 0.649670 0.044361
vn -0.418313 0.645644 0.638873
vn -0.604903 -0.020053 0.796047
vn -0.858826 0.093038 0.503747
vn -0.858826 0.093038 0.503747
vn -0.509002 0.808249 0.296058
vn -0.509002 0.808249 0.296058
vn 0.348003 0.059834 0.935582
vn 0.050732 0.989409 0.136000
vn -0.048556 0.989409 0.136792
vn -0.334795 0.059835 0.940389
vn 0.007028 0.059834 0.998184
vn 0.007028 0.059834 0.998184
vn 0.001158 0.989409 0.145150
vn 0.984239 0.059835 0.166412
vn 0.143146 0.989409 0.024065
vn 0.094187 0.989409 0.110447
vn 0.647004 0.059835 0.760135
vn 0.126282 0.989409 0.071572
vn 0.867966 0.059834 0.493005
vn 0.867966 0.059834 0.493005
vn 0.636236 0.059835 -0.769171
vn 0.092413 0.989409 -0.111935
vn 0.142744 0.989409 -0.026345
vn 0.981799 0.059835 -0.180254
vn 0.860938 0.059834 -0.505178
vn 0.860938 0.059834 -0.505178
vn 0.125124 0.989409 -0.073578
vn -0.348003 0.059834 -0.935582
vn -0.050732 0.989409 -0.136000
vn 0.048556 0.989409 -0.136792
vn 0.334795 0.059835 -0.940389
vn -0.001158 0.989409 -0.145150
vn -0.007028 0.059834 -0.998184
vn -0.007028 0.059834 -0.998184
vn -0.984239 0.059834 -0.166411
vn -0.143146 0.989409 -0.024065
vn -0.094187 0.989409 -0.110447
vn -0.647004 0.059835 -0.760135
vn -0.867966 0.059834 -0.493005
vn -0.867966 0.059834 -0.493005
vn -0.126282 0.989409 -0.071572
vn -0.636236 0.059835 0.769170
vn -0.092414 0.989409 0.111935
vn -0.142744 0.989409 0.026345
vn -0.981799 0.059834 0.180254
vn -0.125124 0.989409 0.073578
vn -0.860938 0.059834 0.505178
vn -0.860938 0.059834 0.505178
vn -0.336556 -0.024533 0.941344
vn -0.197947 -0.808992 0.553489
vn 0.204138 -0.808993 0.551234
vn 0.347268 -0.024532 0.937445
vn 0.003295 -0.808993 0.587810
vn 0.003295 -0.808993 0.587810
vn 0.005699 -0.024532 0.999683
vn 0.005699 -0.024532 0.999683
vn 0.646950 -0.024532 0.762138
vn 0.380362 -0.808991 0.448172
vn 0.579454 -0.808990 0.098828
vn 0.985485 -0.024533 0.167980
vn 0.868600 -0.024532 0.494906
vn 0.868600 -0.024532 0.494906
vn 0.510707 -0.808991 0.291052
vn 0.510707 -0.808991 0.291052
vn 0.983506 -0.024532 -0.179206
vn 0.578308 -0.808992 -0.105317
vn 0.375313 -0.808992 -0.452408
vn 0.638218 -0.024533 -0.769465
vn 0.507411 -0.808992 -0.296758
vn 0.507411 -0.808992 -0.296758
vn 0.862901 -0.024532 -0.504777
vn 0.862901 -0.024532 -0.504777
vn 0.336556 -0.024532 -0.941344
vn 0.197948 -0.808990 -0.553490
vn -0.204139 -0.808993 -0.551233
vn -0.347267 -0.024532 -0.937445
vn -0.005700 -0.024532 -0.999683
vn -0.005700 -0.024532 -0.999683
vn -0.003294 -0.808990 -0.587813
vn -0.003294 -0.808990 -0.587813
vn -0.646950 -0.024532 -0.762138
vn -0.380361 -0.808992 -0.448171
vn -0.579456 -0.808989 -0.098828
vn -0.985485 -0.024533 -0.167980
vn -0.510705 -0.808993 -0.291052
vn -0.510705 -0.808993 -0.291052
vn -0.868601 -0.024533 -0.494905
vn -0.868601 -0.024533 -0.494905
vn -0.983506 -0.024533 0.179206
vn -0.578310 -0.808990 0.105317
vn -0.375315 -0.808991 0.452408
vn -0.638218 -0.024533 0.769465
vn -0.862901 -0.024533 0.504777
vn -0.862901 -0.024533 0.504777
vn -0.507412 -0.808991 0.296760
vn -0.507412 -0.808991 0.296760
vn -0.226907 -0.737942 0.635574
vn -0.337076 -0.009716 0.941427
vn 0.349333 -0.009769 0.936948
vn 0.234718 -0.737943 0.632731
vn 0.004156 -0.737942 0.674852
vn 0.004156 -0.737942 0.674852
vn 0.006568 -0.007137 0.999953
vn 0.006568 -0.007137 0.999953
vn 0.436969 -0.737943 0.514294
vn 0.646762 -0.009716 0.762630
vn 0.986087 -0.009769 0.165943
vn 0.665318 -0.737945 0.113093
vn 0.869269 -0.007137 0.494289
vn 0.869269 -0.007137 0.494289
vn 0.586516 -0.737943 0.333826
vn 0.586516 -0.737943 0.333826
vn 0.663877 -0.737942 -0.121280
vn 0.983838 -0.009716 -0.178797
vn 0.636754 -0.009769 -0.771005
vn 0.430603 -0.737942 -0.519638
vn 0.582361 -0.737942 -0.341025
vn 0.582361 -0.737942 -0.341025
vn 0.862701 -0.007137 -0.505664
vn 0.862701 -0.007137 -0.505664
vn 0.226907 -0.737943 -0.635574
vn 0.337076 -0.009716 -0.941427
vn -0.349333 -0.009769 -0.936948
vn -0.234718 -0.737943 -0.632731
vn -0.006568 -0.007137 -0.999953
vn -0.006568 -0.007137 -0.999953
vn -0.004156 -0.737942 -0.674851
vn -0.004156 -0.737942 -0.674851
vn -0.436970 -0.737942 -0.514294
vn -0.646762 -0.009716 -0.762630
vn -0.986087 -0.009769 -0.165943
vn -0.665320 -0.737943 -0.113094
vn -0.586517 -0.737942 -0.333826
vn -0.586517 -0.737942 -0.333826
vn -0.869269 -0.007137 -0.494289
vn -0.869269 -0.007137 -0.494289
vn -0.663875 -0.737944 0.121280
vn -0.983838 -0.009716 0.178797
vn -0.636754 -0.009769 0.771005
vn -0.430602 -0.737942 0.519638
vn -0.862701 -0.007137 0.505664
vn -0.862701 -0.007137 0.505664
vn -0.582360 -0.737942 0.341025
vn -0.582360 -0.737942 0.341025
vn -0.368813 0.658424 0.656091
vn -0.490303 0.008479 0.871511
vn 0.490145 0.008394 0.871601
vn 0.368876 0.658324 0.656156
vn 0.000015 0.666157 0.745812
vn 0.000015 0.666157 0.745812
vn -0.000523 0.008467 0.999964
vn -0.000523 0.008467 0.999964
vn 0.383785 0.658424 0.647446
vn 0.509598 0.008479 0.860371
vn 0.999901 0.008394 0.011323
vn 0.752685 0.658324 0.008623
vn 0.865734 0.008467 0.500434
vn 0.865734 0.008467 0.500434
vn 0.645899 0.666157 0.372893
vn 0.645899 0.666157 0.372893
vn 0.752598 0.658423 -0.008644
vn 0.999902 0.008479 -0.011140
vn 0.509756 0.008394 -0.860278
vn 0.383810 0.658324 -0.647533
vn 0.645885 0.666157 -0.372918
vn 0.645885 0.666157 -0.372918
vn 0.866254 0.008467 -0.499531
vn 0.866254 0.008467 -0.499531
vn 0.368813 0.658424 -0.656090
vn 0.490303 0.008478 -0.871511
vn -0.490144 0.008394 -0.871601
vn -0.368875 0.658324 -0.656155
vn 0.000523 0.008467 -0.999964
vn 0.000523 0.008467 -0.999964
vn -0.000014 0.666157 -0.745812
vn -0.000014 0.666157 -0.745812
vn -0.383785 0.658424 -0.647447
vn -0.509599 0.008479 -0.860371
vn -0.999901 0.008394 -0.011323
vn -0.752686 0.658324 -0.008623
vn -0.645898 0.666158 -0.372893
vn -0.645898 0.666158 -0.372893
vn -0.865734 0.008467 -0.500434
vn -0.865734 0.008467 -0.500434
vn -0.752598 0.658424 0.008644
vn -0.999902 0.008479 0.011140
vn -0.509756 0.008394 0.860278
vn -0.383810 0.658325 0.647533
vn -0.866256 0.008467 0.499528
vn -0.866256 0.008467 0.499528
vn -0.645884 0.666157 0.372919
vn -0.645884 0.666157 0.372919
vn 0.365572 0.818670 -0.442873
vn 0.365572 0.818670 -0.442873
vn 0.686917 0.008864 -0.726682
vn 0.993311 0.008864 -0.115129
vn 0.564718 0.818670 -0.104275
vn 0.564718 0.818670 -0.104275
vn 0.494997 0.818670 -0.291132
vn 0.494997 0.818670 -0.291132
vn 0.894030 0.008864 -0.447919
vn 0.566325 0.818670 0.095158
vn 0.566325 0.818670 0.095158
vn 0.972784 0.008864 0.231546
vn 0.596361 0.008864 0.802668
vn 0.372664 0.818670 0.436922
vn 0.372664 0.818670 0.436922
vn 0.834924 0.008864 0.550293
vn 0.499626 0.818670 0.283114
vn 0.499626 0.818670 0.283114
vn 0.200754 0.818670 0.538031
vn 0.200754 0.818670 0.538031
vn 0.285867 0.008864 0.958228
vn -0.396950 0.008864 0.917797
vn -0.192053 0.818670 0.541197
vn -0.192053 0.818670 0.541197
vn -0.059106 0.008864 0.998212
vn 0.004629 0.818670 0.574245
vn 0.004629 0.818670 0.574245
vn -0.365572 0.818670 0.442873
vn -0.365572 0.818670 0.442873
vn -0.686917 0.008864 0.726682
vn -0.993311 0.008864 0.115129
vn -0.564718 0.818670 0.104275
vn -0.564718 0.818670 0.104275
vn -0.494997 0.818670 0.291132
vn -0.494997 0.818670 0.291132
vn -0.894030 0.008864 0.447919
vn -0.566325 0.818670 -0.095158
vn -0.566325 0.818670 -0.095158
vn -0.972784 0.008864 -0.231545
vn -0.596361 0.008864 -0.802668
vn -0.372664 0.818670 -0.436922
vn -0.372664 0.818670 -0.436922
vn -0.834924 0.008864 -0.550294
vn -0.499626 0.818670 -0.283114
vn -0.499626 0.818670 -0.283114
vn -0.200754 0.818670 -0.538031
vn -0.200754 0.818670 -0.538031
vn -0.285867 0.008864 -0.958228
vn 0.396950 0.008864 -0.917797
vn 0.192053 0.818670 -0.541198
vn 0.192053 0.818670 -0.541198
vn -0.004629 0.818670 -0.574246
vn -0.004629 0.818670 -0.574246
vn 0.059106 0.008864 -0.998212
vn 0.015700 0.072410 0.997251
vn 0.008746 0.994955 0.099943
vn -0.057455 0.994972 0.082037
vn -0.628994 0.072410 0.774031
vn -0.326326 0.072410 0.942480
vn -0.326326 0.072410 0.942480
vn -0.025990 0.994956 0.096888
vn 0.871495 0.072409 0.485028
vn 0.090921 0.994955 0.042397
vn 0.042320 0.994972 0.090774
vn 0.355834 0.072409 0.931740
vn 0.070912 0.994956 0.070950
vn 0.653047 0.072409 0.753848
vn 0.653047 0.072409 0.753848
vn 0.855795 0.072409 -0.512222
vn 0.082183 0.994955 -0.057542
vn 0.099769 0.994972 0.008739
vn 0.984827 0.072408 0.157709
vn 0.979375 0.072409 -0.188633
vn 0.979375 0.072409 -0.188633
vn 0.096899 0.994956 -0.025934
vn -0.015700 0.072409 -0.997251
vn -0.008746 0.994955 -0.099938
vn 0.057454 0.994972 -0.082035
vn 0.628994 0.072409 -0.774030
vn 0.025990 0.994956 -0.096884
vn 0.326325 0.072410 -0.942480
vn 0.326325 0.072410 -0.942480
vn -0.871495 0.072409 -0.485029
vn -0.090921 0.994955 -0.042397
vn -0.042319 0.994972 -0.090774
vn -0.355833 0.072408 -0.931740
vn -0.653048 0.072409 -0.753847
vn -0.653048 0.072409 -0.753847
vn -0.070912 0.994956 -0.070950
vn -0.855796 0.072409 0.512222
vn -0.082178 0.994955 0.057544
vn -0.099774 0.994972 -0.008740
vn -0.984827 0.072409 -0.157710
vn -0.096902 0.994956 0.025935
vn -0.979375 0.072410 0.188633
vn -0.979375 0.072410 0.188633
vn -0.625756 -0.093311 0.774418
vn -0.551062 -0.476818 0.684817
vn 0.018054 -0.476818 0.878816
vn 0.018429 -0.093310 0.995467
vn -0.283608 -0.476818 0.831992
vn -0.283608 -0.476818 0.831992
vn -0.323151 -0.093309 0.941736
vn -0.323151 -0.093309 0.941736
vn 0.357787 -0.093310 0.929130
vn 0.317538 -0.476819 0.819642
vn 0.770105 -0.476818 0.423772
vn 0.871314 -0.093311 0.481773
vn 0.653991 -0.093311 0.750725
vn 0.653991 -0.093311 0.750725
vn 0.578723 -0.476818 0.661608
vn 0.578723 -0.476818 0.661608
vn 0.983543 -0.093310 0.154712
vn 0.868600 -0.476818 0.134825
vn 0.752050 -0.476819 -0.455044
vn 0.852885 -0.093310 -0.513693
vn 0.862330 -0.476818 -0.170385
vn 0.862330 -0.476818 -0.170385
vn 0.977143 -0.093310 -0.191010
vn 0.977143 -0.093310 -0.191010
vn 0.625756 -0.093311 -0.774418
vn 0.551062 -0.476818 -0.684817
vn -0.018054 -0.476818 -0.878816
vn -0.018429 -0.093310 -0.995467
vn 0.323152 -0.093309 -0.941736
vn 0.323152 -0.093309 -0.941736
vn 0.283608 -0.476818 -0.831992
vn 0.283608 -0.476818 -0.831992
vn -0.357786 -0.093310 -0.929130
vn -0.317538 -0.476818 -0.819642
vn -0.770104 -0.476819 -0.423773
vn -0.871314 -0.093311 -0.481774
vn -0.578723 -0.476818 -0.661607
vn -0.578723 -0.476818 -0.661607
vn -0.653991 -0.093310 -0.750726
vn -0.653991 -0.093310 -0.750726
vn -0.983543 -0.093310 -0.154712
vn -0.868600 -0.476819 -0.134825
vn -0.752050 -0.476818 0.455044
vn -0.852885 -0.093310 0.513694
vn -0.977143 -0.093311 0.191010
vn -0.977143 -0.093311 0.191010
vn -0.862330 -0.476819 0.170385
vn -0.862330 -0.476819 0.170385
vn -0.539863 -0.493115 0.682192
vn -0.224418 -0.931184 0.287285
vn -0.224418 -0.931184 0.287285
vn 0.012748 -0.931184 0.364327
vn 0.012748 -0.931184 0.364327
vn 0.024945 -0.493115 0.869607
vn -0.112625 -0.931185 0.346712
vn -0.112625 -0.931185 0.346712
vn -0.112625 -0.931185 0.346712
vn -0.273982 -0.493115 0.825695
vn -0.273982 -0.493115 0.825695
vn 0.320864 -0.493115 0.808631
vn 0.136586 -0.931185 0.337993
vn 0.136586 -0.931185 0.337993
vn 0.321894 -0.931182 0.171125
vn 0.321894 -0.931182 0.171125
vn 0.765574 -0.493115 0.413200
vn 0.243951 -0.931185 0.270892
vn 0.243951 -0.931185 0.270892
vn 0.243951 -0.931185 0.270892
vn 0.578081 -0.493115 0.650123
vn 0.578081 -0.493115 0.650123
vn 0.860727 -0.493115 0.126440
vn 0.361005 -0.931184 0.050709
vn 0.361005 -0.931184 0.050709
vn 0.309141 -0.931184 -0.193204
vn 0.309141 -0.931184 -0.193204
vn 0.740629 -0.493115 -0.456407
vn 0.852064 -0.493115 -0.175572
vn 0.852064 -0.493115 -0.175572
vn 0.356573 -0.931186 -0.075820
vn 0.356573 -0.931186 -0.075820
vn 0.356573 -0.931186 -0.075820
vn 0.539863 -0.493115 -0.682192
vn 0.224419 -0.931184 -0.287284
vn 0.224419 -0.931184 -0.287284
vn -0.012749 -0.931182 -0.364332
vn -0.012749 -0.931182 -0.364332
vn -0.024945 -0.493115 -0.869607
vn 0.112627 -0.931185 -0.346712
vn 0.112627 -0.931185 -0.346712
vn 0.112627 -0.931185 -0.346712
vn 0.273982 -0.493115 -0.825695
vn 0.273982 -0.493115 -0.825695
vn -0.320864 -0.493115 -0.808631
vn -0.136586 -0.931185 -0.337993
vn -0.136586 -0.931185 -0.337993
vn -0.321894 -0.931182 -0.171125
vn -0.321894 -0.931182 -0.171125
vn -0.765574 -0.493115 -0.413200
vn -0.578082 -0.493115 -0.650123
vn -0.578082 -0.493115 -0.650123
vn -0.243951 -0.931185 -0.270892
vn -0.243951 -0.931185 -0.270892
vn -0.243951 -0.931185 -0.270892
vn -0.860727 -0.493115 -0.126440
vn -0.361004 -0.931185 -0.050709
vn -0.361004 -0.931185 -0.050709
vn -0.309146 -0.931182 0.193207
vn -0.309146 -0.931182 0.193207
vn -0.740629 -0.493115 0.456407
vn -0.852063 -0.493115 0.175572
vn -0.852063 -0.493115 0.175572
vn -0.356577 -0.931184 0.075819
vn -0.356577 -0.931184 0.075819
vn -0.356577 -0.931184 0.075819
vn 0.314924 -0.858453 -0.404823
vn 0.611688 -0.009142 -0.791046
vn -0.039894 -0.009142 -0.999162
vn -0.018975 -0.858453 -0.512540
vn 0.304245 -0.009142 -0.952550
vn 0.157466 -0.858456 -0.488117
vn -0.193128 -0.858454 -0.475140
vn -0.379222 -0.009142 -0.925261
vn -0.885247 -0.009142 -0.465032
vn -0.453363 -0.858452 -0.239838
vn -0.343987 -0.858456 -0.380430
vn -0.672810 -0.009142 -0.739759
vn -0.508047 -0.858455 -0.070317
vn -0.990910 -0.009142 -0.134214
vn -0.845353 -0.009142 0.534131
vn -0.434383 -0.858454 0.272704
vn -0.977055 -0.009142 0.212791
vn -0.501454 -0.858456 0.107687
vn -0.314922 -0.858454 0.404821
vn -0.611688 -0.009142 0.791047
vn 0.039894 -0.009142 0.999162
vn 0.018975 -0.858451 0.512545
vn -0.157468 -0.858456 0.488116
vn -0.304245 -0.009142 0.952550
vn 0.193128 -0.858454 0.475140
vn 0.379222 -0.009142 0.925261
vn 0.885247 -0.009142 0.465031
vn 0.453361 -0.858453 0.239838
vn 0.343987 -0.858456 0.380430
vn 0.672810 -0.009142 0.739759
vn 0.508048 -0.858454 0.070317
vn 0.990910 -0.009142 0.134214
vn 0.845353 -0.009142 -0.534131
vn 0.434387 -0.858452 -0.272706
vn 0.977055 -0.009142 -0.212791
vn 0.501452 -0.858457 -0.107687
vn -0.588631 -0.003205 -0.808396
vn -0.829619 -0.003205 -0.558320
vn -0.898329 -0.003205 0.439312
vn -0.994407 -0.003205 0.105571
vn 0.588631 -0.003205 0.808396
vn 0.829620 -0.003205 0.558320
vn 0.898329 -0.003205 -0.439312
vn 0.994407 -0.003205 -0.105571
vn -0.068710 -0.003205 0.997632
vn -0.405776 -0.003205 0.913967
vn 0.405776 -0.003205 -0.913967
vn 0.068710 -0.003205 -0.997632
vn 0.461434 0.867352 0.186493
vn 0.461434 0.867352 0.186493
vn 0.908605 0.404936 0.102292
vn 0.977720 0.031597 0.207522
vn 0.825187 0.259818 0.501559
vn 0.825187 0.259818 0.501559
vn 0.278471 0.905392 0.320497
vn 0.278471 0.905392 0.320497
vn 0.652928 0.037526 0.756490
vn 0.509206 0.434978 0.742633
vn -0.328676 0.037526 0.943697
vn -0.388537 0.434978 0.812301
vn -0.138323 0.905394 0.401408
vn -0.138323 0.905394 0.401408
vn -0.021770 0.259819 0.965412
vn -0.021770 0.259819 0.965412
vn 0.309141 0.031597 0.950491
vn 0.069207 0.867354 0.492857
vn 0.069207 0.867354 0.492857
vn 0.365715 0.404936 0.838021
vn 0.392224 0.867352 -0.306367
vn 0.392224 0.867352 -0.306367
vn 0.542891 0.404936 -0.735729
vn 0.668579 0.031597 -0.742969
vn 0.846957 0.259818 -0.463853
vn 0.846957 0.259818 -0.463853
vn 0.416796 0.905392 -0.080914
vn 0.416796 0.905392 -0.080914
vn 0.981603 0.037526 -0.187207
vn 0.897742 0.434978 -0.069668
vn -0.069210 0.867352 -0.492860
vn -0.069210 0.867352 -0.492860
vn -0.365715 0.404936 -0.838021
vn -0.309141 0.031597 -0.950491
vn 0.021769 0.259818 -0.965412
vn 0.021769 0.259818 -0.965412
vn 0.138323 0.905393 -0.401411
vn 0.138323 0.905393 -0.401411
vn 0.328676 0.037526 -0.943697
vn 0.388537 0.434978 -0.812301
vn -0.461434 0.867352 -0.186493
vn -0.461434 0.867352 -0.186493
vn -0.908605 0.404936 -0.102292
vn -0.977720 0.031597 -0.207522
vn -0.825187 0.259818 -0.501559
vn -0.825187 0.259818 -0.501559
vn -0.278470 0.905393 -0.320497
vn -0.278470 0.905393 -0.320497
vn -0.652928 0.037526 -0.756490
vn -0.509205 0.434979 -0.742633
vn -0.392225 0.867353 0.306364
vn -0.392225 0.867353 0.306364
vn -0.542891 0.404936 0.735729
vn -0.668579 0.031597 0.742969
vn -0.846957 0.259817 0.463852
vn -0.846957 0.259817 0.463852
vn -0.416792 0.905393 0.080914
vn -0.416792 0.905393 0.080914
vn -0.981603 0.037526 0.187207
vn -0.897742 0.434978 0.069668
vn 0.495351 0.073951 0.865540
vn -0.501904 0.073951 0.861756
vn 0.997255 0.073951 0.003783
vn 0.501904 0.073951 -0.861756
vn -0.495351 0.073951 -0.865540
vn -0.997255 0.073951 -0.003783
vn 0.970544 -0.003205 0.240903
vn 0.693900 -0.003205 -0.720064
vn 0.276644 -0.003205 0.960967
vn -0.693900 -0.003205 0.720064
vn -0.970544 -0.003205 -0.240902
vn -0.276644 -0.003205 -0.960967
vn 0.169850 0.925693 0.338000
vn 0.169850 0.925693 0.338000
vn -0.207791 0.925693 0.316094
vn -0.207791 0.925693 0.316094
vn 0.377642 0.925692 0.021906
vn 0.377642 0.925692 0.021906
vn 0.207791 0.925693 -0.316095
vn 0.207791 0.925693 -0.316095
vn -0.169850 0.925693 -0.338000
vn -0.169850 0.925693 -0.338000
vn -0.377641 0.925693 -0.021906
vn -0.377641 0.925693 -0.021906
vn -0.566825 0.176673 -0.804671
vn -0.433518 0.761836 -0.481319
vn -0.771802 0.460106 -0.438890
vn -0.771802 0.460106 -0.438890
vn -0.742967 0.053177 -0.667212
vn -0.637051 0.759309 -0.132723
vn -0.981933 0.170103 -0.082896
vn -0.953259 0.050265 -0.297944
vn -0.765990 0.460107 0.448955
vn -0.765990 0.460107 0.448955
vn -0.433467 0.759309 0.485341
vn -0.562756 0.170102 0.808932
vn -0.734657 0.050265 0.676574
vn -0.980278 0.176673 0.088549
vn -0.633593 0.761836 0.134778
vn -0.949306 0.053177 0.309823
vn 0.980278 0.176674 -0.088549
vn 0.633593 0.761837 -0.134778
vn 0.765991 0.460107 -0.448954
vn 0.765991 0.460107 -0.448954
vn 0.949306 0.053177 -0.309823
vn 0.433467 0.759309 -0.485341
vn 0.562756 0.170102 -0.808932
vn 0.734657 0.050265 -0.676574
vn -0.005811 0.460107 -0.887845
vn -0.005811 0.460107 -0.887845
vn -0.203583 0.759309 -0.618064
vn -0.419177 0.170102 -0.891827
vn -0.218602 0.050265 -0.974519
vn 0.413454 0.176674 -0.893220
vn 0.200076 0.761836 -0.616097
vn 0.206339 0.053177 -0.977035
vn -0.413454 0.176673 0.893220
vn -0.200075 0.761837 0.616096
vn 0.005811 0.460107 0.887845
vn 0.005811 0.460107 0.887845
vn -0.206339 0.053177 0.977035
vn 0.203583 0.759309 0.618064
vn 0.419177 0.170102 0.891827
vn 0.218602 0.050265 0.974519
vn 0.771801 0.460107 0.438890
vn 0.771801 0.460107 0.438890
vn 0.637051 0.759309 0.132723
vn 0.981933 0.170103 0.082895
vn 0.953259 0.050265 0.297944
vn 0.566825 0.176673 0.804672
vn 0.433517 0.761836 0.481319
vn 0.742967 0.053177 0.667212
vn 0.408242 0.578753 0.705963
vn 0.503486 -0.047382 0.862704
vn -0.407261 0.578753 0.706529
vn -0.495381 -0.047382 0.867383
vn 0.815502 0.578754 -0.000567
vn 0.998866 -0.047382 -0.004679
vn 0.407261 0.578753 -0.706529
vn 0.495381 -0.047382 -0.867383
vn -0.408242 0.578753 -0.705963
vn -0.503485 -0.047382 -0.862704
vn -0.815502 0.578754 0.000566
vn -0.998866 -0.047382 0.004679
vn -0.671370 0.635813 -0.380793
vn -0.671370 0.635813 -0.380793
vn -0.671370 0.635813 -0.380793
vn -0.111911 0.989414 -0.092394
vn -0.500643 0.635814 -0.587450
vn -0.500643 0.635814 -0.587450
vn -0.769171 0.059833 -0.636236
vn -0.616766 -0.300203 -0.727652
vn -0.452359 -0.809036 -0.375276
vn -0.828442 -0.300204 -0.472823
vn -0.828442 -0.300204 -0.472823
vn -0.769465 -0.024532 -0.638218
vn -0.761121 0.635813 -0.128206
vn -0.761121 0.635813 -0.128206
vn -0.136763 0.989414 -0.048546
vn -0.940390 0.059833 -0.334795
vn -0.553433 -0.809034 -0.197929
vn -0.940197 -0.300199 -0.160965
vn -0.941344 -0.024532 -0.336556
vn -0.823698 -0.300203 0.481041
vn -0.823698 -0.300203 0.481041
vn -0.448129 -0.809033 0.380325
vn -0.609497 -0.300203 0.733752
vn -0.762138 -0.024532 0.646950
vn -0.491590 0.635814 0.595046
vn -0.491590 0.635814 0.595046
vn -0.110423 0.989414 0.094167
vn -0.665462 0.635813 0.391027
vn -0.665462 0.635813 0.391027
vn -0.665462 0.635813 0.391027
vn -0.760136 0.059833 0.647004
vn -0.938549 -0.300202 0.170309
vn -0.551181 -0.809034 0.204119
vn -0.937445 -0.024532 0.347268
vn -0.135971 0.989414 0.050721
vn -0.759068 0.635814 0.139844
vn -0.759068 0.635814 0.139844
vn -0.935582 0.059833 0.348003
vn 0.665461 0.635814 -0.391027
vn 0.665461 0.635814 -0.391027
vn 0.665461 0.635814 -0.391027
vn 0.135971 0.989414 -0.050721
vn 0.759068 0.635814 -0.139844
vn 0.759068 0.635814 -0.139844
vn 0.935582 0.059833 -0.348003
vn 0.938549 -0.300202 -0.170309
vn 0.551179 -0.809035 -0.204118
vn 0.823698 -0.300202 -0.481040
vn 0.823698 -0.300202 -0.481040
vn 0.937445 -0.024531 -0.347268
vn 0.491589 0.635814 -0.595046
vn 0.491589 0.635814 -0.595046
vn 0.110423 0.989414 -0.094167
vn 0.760135 0.059833 -0.647004
vn 0.448126 -0.809035 -0.380322
vn 0.609497 -0.300202 -0.733752
vn 0.762138 -0.024532 -0.646950
vn -0.004744 -0.300200 -0.953864
vn -0.004744 -0.300200 -0.953864
vn -0.105305 -0.809036 -0.578249
vn -0.330699 -0.300206 -0.894715
vn -0.179206 -0.024531 -0.983506
vn -0.269531 0.635814 -0.723252
vn -0.269531 0.635814 -0.723252
vn -0.026339 0.989414 -0.142713
vn -0.005909 0.635814 -0.771820
vn -0.005909 0.635814 -0.771820
vn -0.005909 0.635814 -0.771820
vn -0.180254 0.059833 -0.981799
vn 0.321783 -0.300200 -0.897962
vn 0.098819 -0.809032 -0.579397
vn 0.167980 -0.024531 -0.985485
vn 0.024060 0.989414 -0.143115
vn 0.258425 0.635815 -0.727294
vn 0.258425 0.635815 -0.727294
vn 0.166412 0.059833 -0.984239
vn 0.005909 0.635813 0.771821
vn 0.005909 0.635813 0.771821
vn 0.005909 0.635813 0.771821
vn -0.024060 0.989414 0.143115
vn -0.258426 0.635814 0.727294
vn -0.258426 0.635814 0.727294
vn -0.166412 0.059833 0.984239
vn -0.321782 -0.300203 0.897961
vn -0.098819 -0.809034 0.579395
vn 0.004744 -0.300204 0.953863
vn 0.004744 -0.300204 0.953863
vn -0.167980 -0.024532 0.985485
vn 0.269531 0.635814 0.723253
vn 0.269531 0.635814 0.723253
vn 0.026339 0.989414 0.142713
vn 0.180254 0.059833 0.981799
vn 0.105305 -0.809036 0.578249
vn 0.330699 -0.300204 0.894715
vn 0.179206 -0.024531 0.983506
vn 0.828442 -0.300202 0.472823
vn 0.828442 -0.300202 0.472823
vn 0.553434 -0.809034 0.197928
vn 0.940196 -0.300203 0.160965
vn 0.941344 -0.024532 0.336556
vn 0.761120 0.635814 0.128206
vn 0.761120 0.635814 0.128206
vn 0.136763 0.989414 0.048546
vn 0.671370 0.635814 0.380793
vn 0.671370 0.635814 0.380793
vn 0.671370 0.635814 0.380793
vn 0.940390 0.059833 0.334795
vn 0.616766 -0.300202 0.727653
vn 0.452362 -0.809034 0.375277
vn 0.769465 -0.024531 0.638218
vn 0.111911 0.989414 0.092394
vn 0.500643 0.635814 0.587450
vn 0.500643 0.635814 0.587450
vn 0.769171 0.059833 0.636236
vn -0.973165 -0.145551 0.178229
vn -0.973165 -0.145551 0.178229
vn -0.937735 -0.007911 0.347261
vn -0.853518 -0.145550 0.500322
vn -0.853518 -0.145550 0.500322
vn -0.853518 -0.145550 0.500322
vn -0.853518 -0.145550 0.500322
vn -0.632814 -0.737861 0.234750
vn -0.761167 -0.007961 0.648507
vn -0.630924 -0.145550 0.762070
vn -0.630924 -0.145550 0.762070
vn -0.514363 -0.737859 0.437029
vn 0.006533 -0.145550 0.989329
vn 0.006533 -0.145550 0.989329
vn 0.006533 -0.145550 0.989329
vn 0.006533 -0.145550 0.989329
vn 0.181040 -0.007962 0.983443
vn 0.344510 -0.145550 0.927431
vn 0.344510 -0.145550 0.927431
vn 0.121296 -0.737859 0.663966
vn -0.332231 -0.145549 0.931900
vn -0.332231 -0.145549 0.931900
vn -0.168131 -0.007911 0.985733
vn -0.113109 -0.737859 0.665410
vn 0.332231 -0.145551 -0.931900
vn 0.332231 -0.145551 -0.931900
vn 0.168131 -0.007911 -0.985733
vn -0.006533 -0.145550 -0.989329
vn -0.006533 -0.145550 -0.989329
vn -0.006533 -0.145550 -0.989329
vn -0.006533 -0.145550 -0.989329
vn 0.113109 -0.737860 -0.665409
vn -0.181040 -0.007962 -0.983444
vn -0.344510 -0.145551 -0.927431
vn -0.344510 -0.145551 -0.927431
vn -0.121296 -0.737859 -0.663966
vn -0.860051 -0.145550 -0.489006
vn -0.860051 -0.145550 -0.489006
vn -0.860051 -0.145550 -0.489006
vn -0.860051 -0.145550 -0.489006
vn -0.942207 -0.007961 -0.334936
vn -0.975434 -0.145552 -0.165361
vn -0.975434 -0.145552 -0.165361
vn -0.635660 -0.737859 -0.226938
vn -0.640933 -0.145551 -0.753671
vn -0.640933 -0.145551 -0.753671
vn -0.769604 -0.007911 -0.638472
vn -0.519708 -0.737859 -0.430660
vn 0.640933 -0.145552 0.753671
vn 0.640933 -0.145552 0.753671
vn 0.769604 -0.007911 0.638472
vn 0.860051 -0.145551 0.489007
vn 0.860051 -0.145551 0.489007
vn 0.860051 -0.145551 0.489007
vn 0.860051 -0.145551 0.489007
vn 0.519706 -0.737860 0.430659
vn 0.942207 -0.007961 0.334936
vn 0.975433 -0.145553 0.165361
vn 0.975433 -0.145553 0.165361
vn 0.635658 -0.737861 0.226938
vn 0.853518 -0.145551 -0.500323
vn 0.853518 -0.145551 -0.500323
vn 0.853518 -0.145551 -0.500323
vn 0.853518 -0.145551 -0.500323
vn 0.761167 -0.007961 -0.648507
vn 0.630924 -0.145550 -0.762070
vn 0.630924 -0.145550 -0.762070
vn 0.514364 -0.737859 -0.437028
vn 0.973165 -0.145551 -0.178229
vn 0.973165 -0.145551 -0.178229
vn 0.937735 -0.007911 -0.347261
vn 0.632817 -0.737859 -0.234750
vn -0.979320 0.202043 0.010552
vn -0.995796 0.008187 0.091229
vn -0.845197 0.217999 0.487975
vn -0.845197 0.217999 0.487975
vn -0.742022 0.666860 0.068566
vn -0.577462 0.008055 0.816378
vn -0.498798 0.202043 0.842840
vn -0.430407 0.666726 0.608462
vn 0.000001 0.217999 0.975949
vn 0.000001 0.217999 0.975949
vn 0.418272 0.008055 0.908286
vn 0.480522 0.202044 0.853392
vn 0.311739 0.666727 0.676974
vn -0.480522 0.202043 0.853392
vn -0.418890 0.008187 0.908000
vn -0.311631 0.666860 0.676893
vn 0.480522 0.202043 -0.853392
vn 0.418891 0.008187 -0.908000
vn -0.000000 0.217999 -0.975949
vn -0.000000 0.217999 -0.975949
vn 0.311632 0.666860 -0.676892
vn -0.418273 0.008055 -0.908286
vn -0.480522 0.202044 -0.853392
vn -0.311740 0.666726 -0.676974
vn -0.845197 0.217999 -0.487974
vn -0.845197 0.217999 -0.487974
vn -0.995735 0.008055 -0.091907
vn -0.979320 0.202042 -0.010552
vn -0.742147 0.666726 -0.068514
vn -0.498798 0.202043 -0.842840
vn -0.576906 0.008187 -0.816770
vn -0.430391 0.666860 -0.608327
vn 0.498798 0.202043 0.842840
vn 0.576906 0.008187 0.816770
vn 0.845197 0.217999 0.487973
vn 0.845197 0.217999 0.487973
vn 0.430391 0.666860 0.608327
vn 0.995735 0.008055 0.091907
vn 0.979320 0.202043 0.010552
vn 0.742147 0.666726 0.068513
vn 0.845196 0.217999 -0.487976
vn 0.845196 0.217999 -0.487976
vn 0.577461 0.008055 -0.816378
vn 0.498798 0.202043 -0.842840
vn 0.430408 0.666726 -0.608461
vn 0.979320 0.202043 -0.010552
vn 0.995796 0.008187 -0.091231
vn 0.742022 0.666860 -0.068566
vn 0.858831 0.158946 -0.486975
vn 0.958228 0.008863 -0.285867
vn 0.973593 0.158947 -0.163869
vn 0.538150 0.818583 -0.200789
vn 0.538150 0.818583 -0.200789
vn 0.640483 0.158946 -0.751344
vn 0.802667 0.008863 -0.596361
vn 0.437021 0.818583 -0.372738
vn 0.437021 0.818583 -0.372738
vn -0.858831 0.158946 0.486975
vn -0.958228 0.008863 0.285867
vn -0.973593 0.158947 0.163869
vn -0.538150 0.818583 0.200789
vn -0.538150 0.818583 0.200789
vn -0.640483 0.158947 0.751344
vn -0.802667 0.008863 0.596361
vn -0.437021 0.818583 0.372739
vn -0.437021 0.818583 0.372739
vn 0.007683 0.158946 -0.987257
vn 0.231546 0.008863 -0.972784
vn 0.344882 0.158947 -0.925091
vn 0.095186 0.818583 -0.566446
vn 0.095186 0.818583 -0.566446
vn -0.330442 0.158947 -0.930346
vn -0.115130 0.008863 -0.993311
vn -0.104290 0.818584 -0.564840
vn -0.104290 0.818584 -0.564840
vn 0.330442 0.158947 0.930346
vn 0.115130 0.008863 0.993311
vn -0.007683 0.158947 0.987257
vn 0.104290 0.818583 0.564840
vn 0.104290 0.818583 0.564840
vn -0.231546 0.008863 0.972784
vn -0.344882 0.158947 0.925091
vn -0.095186 0.818583 0.566446
vn -0.095186 0.818583 0.566446
vn 0.970924 0.158947 0.179002
vn 0.917797 0.008863 0.396950
vn 0.851148 0.158946 0.500282
vn 0.541312 0.818583 0.192102
vn 0.541312 0.818583 0.192102
vn 0.726683 0.008863 0.686916
vn 0.628711 0.158946 0.761222
vn 0.442964 0.818583 0.365656
vn 0.442964 0.818583 0.365656
vn -0.970925 0.158947 -0.179002
vn -0.917797 0.008863 -0.396950
vn -0.851148 0.158946 -0.500283
vn -0.541312 0.818583 -0.192102
vn -0.541312 0.818583 -0.192102
vn -0.726682 0.008863 -0.686917
vn -0.628711 0.158946 -0.761222
vn -0.442964 0.818583 -0.365656
vn -0.442964 0.818583 -0.365656
vn -0.485683 0.679270 -0.550186
vn -0.485683 0.679270 -0.550186
vn -0.485683 0.679270 -0.550186
vn -0.057411 0.994971 -0.082079
vn -0.268218 0.679269 -0.683120
vn -0.268218 0.679269 -0.683120
vn -0.512242 0.072404 -0.855784
vn -0.339824 -0.327612 -0.881584
vn -0.455048 -0.476805 -0.752056
vn -0.620850 -0.327613 -0.712190
vn -0.620850 -0.327613 -0.712190
vn -0.513692 -0.093309 -0.852885
vn -0.644565 0.679272 -0.350893
vn -0.644565 0.679272 -0.350893
vn -0.082147 0.994956 -0.057572
vn -0.774046 0.072404 -0.628976
vn -0.684823 -0.476805 -0.551067
vn -0.826991 -0.327613 -0.456898
vn -0.774418 -0.093309 -0.625755
vn -0.927200 -0.327612 0.181577
vn -0.927200 -0.327612 0.181577
vn -0.819649 -0.476805 0.317541
vn -0.809181 -0.327612 0.487747
vn -0.929129 -0.093309 0.357788
vn -0.626163 0.679271 0.382768
vn -0.626163 0.679271 0.382768
vn -0.090932 0.994956 0.042359
vn -0.719313 0.679273 0.145523
vn -0.719313 0.679273 0.145523
vn -0.719313 0.679273 0.145523
vn -0.931732 0.072404 0.355855
vn -0.933386 -0.327612 -0.146495
vn -0.878824 -0.476805 0.018054
vn -0.995467 -0.093310 0.018429
vn -0.099786 0.994971 0.008681
vn -0.725711 0.679266 -0.109276
vn -0.725711 0.679266 -0.109276
vn -0.997252 0.072404 0.015723
vn 0.719315 0.679271 -0.145523
vn 0.719315 0.679271 -0.145523
vn 0.719315 0.679271 -0.145523
vn 0.099786 0.994971 -0.008681
vn 0.725708 0.679270 0.109276
vn 0.725708 0.679270 0.109276
vn 0.997252 0.072403 -0.015723
vn 0.933386 -0.327612 0.146495
vn 0.878824 -0.476805 -0.018054
vn 0.927200 -0.327612 -0.181576
vn 0.927200 -0.327612 -0.181576
vn 0.995467 -0.093309 -0.018429
vn 0.626164 0.679270 -0.382767
vn 0.626164 0.679270 -0.382767
vn 0.090932 0.994956 -0.042357
vn 0.931732 0.072405 -0.355855
vn 0.819649 -0.476805 -0.317541
vn 0.809180 -0.327613 -0.487748
vn 0.929129 -0.093309 -0.357788
vn 0.306350 -0.327612 -0.893767
vn 0.306350 -0.327612 -0.893767
vn 0.134827 -0.476805 -0.868607
vn -0.017811 -0.327612 -0.944645
vn 0.154712 -0.093309 -0.983544
vn -0.018401 0.679269 -0.733659
vn -0.018401 0.679269 -0.733659
vn 0.008786 0.994956 -0.099930
vn 0.233632 0.679270 -0.695707
vn 0.233632 0.679270 -0.695707
vn 0.233632 0.679270 -0.695707
vn 0.157687 0.072405 -0.984831
vn 0.593561 -0.327612 -0.735089
vn 0.423777 -0.476805 -0.770111
vn 0.481773 -0.093309 -0.871314
vn 0.042378 0.994971 -0.090760
vn 0.457488 0.679269 -0.573845
vn 0.457488 0.679269 -0.573845
vn 0.485009 0.072404 -0.871507
vn -0.233635 0.679268 0.695708
vn -0.233635 0.679268 0.695708
vn -0.233635 0.679268 0.695708
vn -0.042380 0.994970 0.090763
vn -0.457487 0.679269 0.573846
vn -0.457487 0.679269 0.573846
vn -0.485009 0.072404 0.871507
vn -0.593562 -0.327612 0.735088
vn -0.423777 -0.476805 0.770111
vn -0.306350 -0.327611 0.893768
vn -0.306350 -0.327611 0.893768
vn -0.481772 -0.093309 0.871315
vn 0.018402 0.679270 0.733658
vn 0.018402 0.679270 0.733658
vn -0.008785 0.994956 0.099932
vn -0.157687 0.072405 0.984831
vn -0.134827 -0.476805 0.868607
vn 0.017811 -0.327612 0.944645
vn -0.154711 -0.093308 0.983544
vn 0.620850 -0.327613 0.712190
vn 0.620850 -0.327613 0.712190
vn 0.684823 -0.476805 0.551067
vn 0.826992 -0.327612 0.456897
vn 0.774418 -0.093309 0.625755
vn 0.644565 0.679272 0.350893
vn 0.644565 0.679272 0.350893
vn 0.082147 0.994956 0.057572
vn 0.485683 0.679270 0.550186
vn 0.485683 0.679270 0.550186
vn 0.485683 0.679270 0.550186
vn 0.774046 0.072404 0.628975
vn 0.339824 -0.327612 0.881584
vn 0.455048 -0.476805 0.752056
vn 0.513694 -0.093309 0.852885
vn 0.057411 0.994971 0.082079
vn 0.268218 0.679269 0.683120
vn 0.268218 0.679269 0.683120
vn 0.512241 0.072404 0.855784
vn 0.475920 -0.637755 -0.605614
vn 0.171089 -0.931214 -0.321820
vn 0.171089 -0.931214 -0.321820
vn 0.240086 -0.637755 -0.731866
vn 0.240086 -0.637755 -0.731866
vn 0.413203 -0.493101 -0.765581
vn 0.050702 -0.931213 -0.360931
vn 0.050702 -0.931213 -0.360931
vn -0.024708 -0.637757 -0.769841
vn 0.126440 -0.493101 -0.860735
vn -0.513773 -0.637755 -0.573852
vn -0.513773 -0.637755 -0.573852
vn -0.287225 -0.931213 -0.224373
vn -0.287225 -0.931213 -0.224373
vn -0.679057 -0.637756 -0.363523
vn -0.682198 -0.493101 -0.539868
vn -0.286520 -0.637756 -0.714964
vn -0.193162 -0.931214 -0.309076
vn -0.193162 -0.931214 -0.309076
vn -0.456411 -0.493101 -0.740635
vn 0.286520 -0.637756 0.714964
vn 0.193162 -0.931214 0.309076
vn 0.193162 -0.931214 0.309076
vn 0.513773 -0.637755 0.573851
vn 0.513773 -0.637755 0.573851
vn 0.456411 -0.493101 0.740635
vn 0.287225 -0.931213 0.224373
vn 0.287225 -0.931213 0.224373
vn 0.679057 -0.637756 0.363523
vn 0.682198 -0.493101 0.539868
vn 0.753857 -0.637755 -0.158014
vn 0.753857 -0.637755 -0.158014
vn 0.337923 -0.931215 -0.136555
vn 0.337923 -0.931215 -0.136555
vn 0.654349 -0.637756 -0.406318
vn 0.808638 -0.493101 -0.320867
vn 0.762438 -0.637755 0.109350
vn 0.364250 -0.931214 -0.012744
vn 0.364250 -0.931214 -0.012744
vn 0.869614 -0.493101 -0.024945
vn -0.753857 -0.637755 0.158014
vn -0.753857 -0.637755 0.158014
vn -0.337929 -0.931213 0.136556
vn -0.337929 -0.931213 0.136556
vn -0.654349 -0.637756 0.406318
vn -0.808638 -0.493101 0.320867
vn -0.762436 -0.637757 -0.109350
vn -0.364251 -0.931214 0.012744
vn -0.364251 -0.931214 0.012744
vn -0.869614 -0.493101 0.024946
vn -0.475920 -0.637755 0.605614
vn -0.171088 -0.931215 0.321820
vn -0.171088 -0.931215 0.321820
vn -0.240086 -0.637755 0.731866
vn -0.240086 -0.637755 0.731866
vn -0.413203 -0.493101 0.765581
vn -0.050701 -0.931215 0.360928
vn -0.050701 -0.931215 0.360928
vn 0.024708 -0.637756 0.769842
vn -0.126440 -0.493101 0.860735
vn -0.962230 -0.238314 -0.131607
vn -0.962230 -0.238314 -0.131607
vn -0.999162 -0.009141 0.039895
vn -0.949212 -0.238315 0.205432
vn -0.949212 -0.238315 0.205432
vn -0.512656 -0.858385 0.018981
vn -0.925260 -0.009141 0.379223
vn -0.821705 -0.238316 0.517694
vn -0.821705 -0.238316 0.517694
vn -0.475247 -0.858384 0.193175
vn -0.296697 -0.238315 0.924758
vn -0.296697 -0.238315 0.924758
vn -0.134213 -0.009141 0.990910
vn 0.037482 -0.238313 0.970465
vn 0.037482 -0.238313 0.970465
vn -0.070327 -0.858383 0.508167
vn -0.595092 -0.238313 0.767511
vn -0.595092 -0.238313 0.767511
vn -0.465030 -0.009141 0.885248
vn -0.239893 -0.858383 0.453465
vn 0.595090 -0.238314 -0.767511
vn 0.595090 -0.238314 -0.767511
vn 0.465030 -0.009141 -0.885248
vn 0.296696 -0.238315 -0.924758
vn 0.296696 -0.238315 -0.924758
vn 0.239891 -0.858384 -0.453464
vn 0.134213 -0.009141 -0.990910
vn -0.037482 -0.238314 -0.970465
vn -0.037482 -0.238314 -0.970465
vn 0.070330 -0.858384 -0.508164
vn -0.652514 -0.238315 -0.719327
vn -0.652514 -0.238315 -0.719327
vn -0.791047 -0.009141 -0.611687
vn -0.859189 -0.238312 -0.452770
vn -0.859189 -0.238312 -0.452770
vn -0.404921 -0.858382 -0.314992
vn -0.367141 -0.238313 -0.899119
vn -0.367141 -0.238313 -0.899119
vn -0.534132 -0.009142 -0.845352
vn -0.272767 -0.858383 -0.434485
vn 0.962230 -0.238313 0.131606
vn 0.962230 -0.238313 0.131606
vn 0.999162 -0.009141 -0.039895
vn 0.949212 -0.238316 -0.205432
vn 0.949212 -0.238316 -0.205432
vn 0.512655 -0.858385 -0.018981
vn 0.925260 -0.009141 -0.379223
vn 0.821706 -0.238313 -0.517693
vn 0.821706 -0.238313 -0.517693
vn 0.475247 -0.858384 -0.193178
vn 0.652514 -0.238315 0.719327
vn 0.652514 -0.238315 0.719327
vn 0.791047 -0.009141 0.611687
vn 0.859189 -0.238314 0.452771
vn 0.859189 -0.238314 0.452771
vn 0.404921 -0.858382 0.314992
vn 0.367141 -0.238313 0.899119
vn 0.367141 -0.238313 0.899119
vn 0.534132 -0.009142 0.845352
vn 0.272767 -0.858383 0.434485
vn 0.505178 0.059833 0.860938
vn 0.073562 0.989414 0.125098
vn -0.447919 0.008863 -0.894030
vn -0.291188 0.818583 -0.495107
vn -0.291188 0.818583 -0.495107
vn -0.071557 0.989414 0.126255
vn -0.493005 0.059834 0.867966
vn -0.291024 -0.809034 0.510655
vn -0.494905 -0.024532 0.868601
vn 0.296728 -0.809034 0.507362
vn 0.504778 -0.024532 0.862901
vn 0.550294 0.008863 -0.834924
vn 0.283181 0.818583 -0.499729
vn 0.283181 0.818583 -0.499729
vn 0.998184 0.059834 -0.007028
vn 0.145119 0.989414 -0.001157
vn -0.998212 0.008863 -0.059106
vn -0.574369 0.818584 0.004623
vn -0.574369 0.818584 0.004623
vn 0.587753 -0.809033 -0.003293
vn 0.999683 -0.024532 -0.005700
vn 0.493005 0.059834 -0.867967
vn 0.071557 0.989414 -0.126255
vn -0.550294 0.008863 0.834924
vn -0.283181 0.818584 0.499729
vn -0.283181 0.818584 0.499729
vn 0.291025 -0.809032 -0.510658
vn 0.494905 -0.024532 -0.868601
vn -0.505178 0.059834 -0.860938
vn -0.073562 0.989414 -0.125098
vn 0.447919 0.008863 0.894030
vn 0.291188 0.818583 0.495107
vn 0.291188 0.818583 0.495107
vn -0.296729 -0.809034 -0.507362
vn -0.504778 -0.024532 -0.862901
vn -0.998184 0.059833 0.007028
vn -0.145119 0.989414 0.001157
vn 0.998212 0.008863 0.059106
vn 0.574369 0.818584 -0.004623
vn 0.574369 0.818584 -0.004623
vn -0.587756 -0.809032 0.003294
vn -0.999683 -0.024532 0.005699
vn 0.505595 -0.010744 0.862704
vn 0.341071 -0.737860 0.582438
vn -0.494326 -0.010743 0.869210
vn -0.333870 -0.737859 0.586595
vn 0.999921 -0.010743 -0.006506
vn 0.674940 -0.737861 -0.004157
vn 0.494326 -0.010743 -0.869210
vn 0.333871 -0.737860 -0.586595
vn -0.505595 -0.010744 -0.862704
vn -0.341070 -0.737860 -0.582438
vn -0.999921 -0.010743 0.006506
vn -0.674941 -0.737860 0.004157
vn 0.499930 0.008605 0.866023
vn 0.377069 0.656731 0.653088
vn -0.500033 0.008605 0.865964
vn -0.377056 0.656731 0.653095
vn 0.999963 0.008605 0.000059
vn 0.754125 0.656730 -0.000007
vn 0.500033 0.008605 -0.865964
vn 0.377056 0.656731 -0.653095
vn -0.499930 0.008605 -0.866023
vn -0.377069 0.656731 -0.653088
vn -0.999963 0.008605 -0.000059
vn -0.754125 0.656730 0.000007
vn 0.188655 0.072405 0.979371
vn 0.025912 0.994970 0.096765
vn -0.070842 0.994970 0.070824
vn -0.753833 0.072404 0.653065
vn -0.661613 -0.476805 0.578728
vn -0.750725 -0.093309 0.653992
vn 0.170386 -0.476805 0.862337
vn 0.191011 -0.093309 0.977143
vn 0.096754 0.994970 0.025940
vn 0.942487 0.072404 0.326307
vn 0.831999 -0.476805 0.283610
vn 0.941736 -0.093310 0.323152
vn 0.070842 0.994970 -0.070822
vn 0.753833 0.072404 -0.653064
vn 0.661612 -0.476805 -0.578728
vn 0.750725 -0.093310 -0.653991
vn -0.025911 0.994970 -0.096761
vn -0.188654 0.072402 -0.979371
vn -0.170386 -0.476805 -0.862337
vn -0.191010 -0.093309 -0.977143
vn -0.096756 0.994970 -0.025941
vn -0.942487 0.072404 -0.326306
vn -0.831999 -0.476805 -0.283610
vn -0.941736 -0.093310 -0.323152
vn 0.075800 -0.931213 0.356507
vn 0.075800 -0.931213 0.356507
vn 0.175573 -0.493101 0.852071
vn -0.270844 -0.931211 0.243903
vn -0.270844 -0.931211 0.243903
vn -0.650129 -0.493101 0.578087
vn 0.346647 -0.931212 0.112608
vn 0.346647 -0.931212 0.112608
vn 0.825702 -0.493101 0.273984
vn 0.270844 -0.931212 -0.243900
vn 0.270844 -0.931212 -0.243900
vn 0.650128 -0.493101 -0.578087
vn -0.075803 -0.931211 -0.356510
vn -0.075803 -0.931211 -0.356510
vn -0.175574 -0.493101 -0.852071
vn -0.346647 -0.931212 -0.112608
vn -0.346647 -0.931212 -0.112608
vn -0.825702 -0.493101 -0.273984
vn -0.212792 -0.009141 -0.977055
vn -0.107716 -0.858380 -0.501578
vn 0.739758 -0.009141 -0.672811
vn 0.380527 -0.858378 -0.344073
vn -0.952550 -0.009142 -0.304244
vn -0.488239 -0.858379 -0.157506
vn -0.739758 -0.009141 0.672811
vn -0.380521 -0.858381 0.344073
vn 0.212792 -0.009141 0.977055
vn 0.107712 -0.858379 0.501581
vn 0.952550 -0.009142 0.304244
vn 0.488237 -0.858380 0.157507
vn 0.000005 1.000000 0.000488
vn 0.000171 1.000000 0.000457
vn 0.000318 1.000000 0.000371
vn 0.006374 0.000023 0.999980
vn 0.006374 0.000023 0.999980
vn 0.348004 0.000023 0.937493
vn 0.647658 0.000023 0.761931
vn -0.000163 1.000000 0.000461
vn -0.336023 0.000023 0.941854
vn -0.000310 1.000000 0.000377
vn -0.637891 0.000023 0.770126
vn 0.985895 0.000023 0.167367
vn 0.869195 0.000023 0.494469
vn 0.869195 0.000023 0.494469
vn 0.000482 1.000000 0.000080
vn 0.000425 1.000000 0.000240
vn 0.000480 1.000000 -0.000089
vn 0.983681 0.000023 -0.179922
vn 0.000421 1.000000 -0.000248
vn 0.000310 1.000000 -0.000377
vn 0.000163 1.000000 -0.000461
vn 0.862821 0.000022 -0.505511
vn 0.862821 0.000022 -0.505511
vn 0.637891 0.000023 -0.770126
vn 0.336023 0.000023 -0.941854
vn -0.348003 0.000023 -0.937493
vn -0.006375 0.000023 -0.999980
vn -0.006375 0.000023 -0.999980
vn -0.000171 1.000000 -0.000457
vn -0.000005 1.000000 -0.000488
vn -0.000318 1.000000 -0.000371
vn -0.647658 0.000023 -0.761931
vn -0.000482 1.000000 -0.000080
vn -0.000425 1.000000 -0.000240
vn -0.000480 1.000000 0.000089
vn -0.869195 0.000023 -0.494469
vn -0.869195 0.000023 -0.494469
vn -0.985895 0.000023 -0.167367
vn -0.983681 0.000023 0.179922
vn -0.862821 0.000023 0.505510
vn -0.862821 0.000023 0.505510
vn -0.000421 1.000000 0.000248
vn 0.001306 -0.974357 0.225006
vn 0.001306 -0.974357 0.225006
vn -0.075729 -0.974357 0.211882
vn -0.143631 -0.974357 0.173204
vn 0.078183 -0.974357 0.210989
vn 0.145632 -0.974357 0.171524
vn 0.195513 -0.974357 0.111372
vn 0.195513 -0.974357 0.111372
vn 0.221814 -0.974357 0.037786
vn 0.221359 -0.974357 -0.040358
vn 0.194207 -0.974357 -0.113633
vn 0.194207 -0.974357 -0.113633
vn 0.143630 -0.974357 -0.173203
vn 0.075729 -0.974357 -0.211881
vn -0.001306 -0.974357 -0.225005
vn -0.001306 -0.974357 -0.225005
vn -0.078184 -0.974357 -0.210990
vn -0.145631 -0.974357 -0.171525
vn -0.195513 -0.974357 -0.111372
vn -0.195513 -0.974357 -0.111372
vn -0.221814 -0.974357 -0.037786
vn -0.221360 -0.974357 0.040358
vn -0.194208 -0.974357 0.113634
vn -0.194208 -0.974357 0.113634
vn -0.346704 -0.006286 0.937954
vn 0.006708 0.014540 0.999872
vn 0.006708 0.014540 0.999872
vn -0.629213 -0.006729 0.777204
vn 0.358471 -0.006729 0.933517
vn 0.638939 -0.006286 0.769231
vn 0.869268 0.014540 0.494127
vn 0.869268 0.014540 0.494127
vn 0.987685 -0.006729 0.156313
vn 0.985644 -0.006286 -0.168722
vn 0.862560 0.014540 -0.505745
vn 0.862560 0.014540 -0.505745
vn 0.629214 -0.006729 -0.777203
vn 0.346704 -0.006286 -0.937954
vn -0.006708 0.014540 -0.999872
vn -0.006708 0.014540 -0.999872
vn -0.358471 -0.006729 -0.933517
vn -0.638939 -0.006286 -0.769231
vn -0.869268 0.014540 -0.494127
vn -0.869268 0.014540 -0.494127
vn -0.987685 -0.006729 -0.156313
vn -0.985644 -0.006286 0.168722
vn -0.862561 0.014540 0.505745
vn -0.862561 0.014540 0.505745
vn -0.484089 0.012052 0.874936
vn -0.004253 0.003661 0.999984
vn -0.004253 0.003661 0.999984
vn -0.517249 0.011396 0.855759
vn -0.258931 0.842959 0.471566
vn -0.279197 0.842350 0.460972
vn 0.000384 0.889042 0.457825
vn 0.000384 0.889042 0.457825
vn 0.482485 0.011396 0.875830
vn 0.515672 0.012052 0.856701
vn 0.278923 0.842959 0.460024
vn 0.259616 0.842350 0.472277
vn 0.863886 0.003661 0.503675
vn 0.863886 0.003661 0.503675
vn 0.396680 0.889042 0.228580
vn 0.396680 0.889042 0.228580
vn 0.999734 0.011396 0.020070
vn 0.999761 0.012052 -0.018234
vn 0.537854 0.842959 -0.011542
vn 0.538812 0.842350 0.011305
vn 0.868137 0.003661 -0.496311
vn 0.868137 0.003661 -0.496311
vn 0.396296 0.889042 -0.229246
vn 0.396296 0.889042 -0.229246
vn 0.517249 0.011396 -0.855759
vn 0.484089 0.012052 -0.874936
vn 0.258931 0.842959 -0.471566
vn 0.279196 0.842350 -0.460972
vn 0.004252 0.003661 -0.999984
vn 0.004252 0.003661 -0.999984
vn -0.000384 0.889042 -0.457825
vn -0.000384 0.889042 -0.457825
vn -0.482485 0.011396 -0.875830
vn -0.515672 0.012052 -0.856701
vn -0.278923 0.842959 -0.460024
vn -0.259616 0.842350 -0.472278
vn -0.863886 0.003661 -0.503675
vn -0.863886 0.003661 -0.503675
vn -0.396680 0.889042 -0.228580
vn -0.396680 0.889042 -0.228580
vn -0.999734 0.011396 -0.020071
vn -0.999761 0.012052 0.018235
vn -0.537854 0.842959 0.011542
vn -0.538812 0.842350 -0.011305
vn -0.868138 0.003661 0.496309
vn -0.868138 0.003661 0.496309
vn -0.396296 0.889042 0.229246
vn -0.396296 0.889042 0.229246
vn 0.931457 0.000234 -0.363852
vn 0.750838 0.000234 -0.660486
vn 0.479658 0.000234 -0.877456
vn 0.999728 0.000234 -0.023332
vn 0.947417 0.000234 0.320002
vn 0.780834 0.000234 0.624739
vn 0.520070 0.000234 0.854124
vn 0.196578 0.000234 0.980488
vn -0.150623 0.000234 0.988591
vn -0.479658 0.000234 0.877456
vn -0.750838 0.000234 0.660486
vn -0.931457 0.000234 0.363852
vn -0.999728 0.000234 0.023332
vn -0.947417 0.000234 -0.320002
vn -0.780833 0.000234 -0.624739
vn -0.520070 0.000234 -0.854124
vn -0.196578 0.000234 -0.980488
vn 0.150623 0.000234 -0.988591
vn -0.007453 0.999312 0.036341
vn 0.006348 0.999336 0.035883
vn 0.015585 0.999476 0.028383
vn -0.324503 -0.000391 0.945885
vn -0.324503 -0.000391 0.945885
vn 0.018578 -0.000391 0.999827
vn 0.359420 -0.000391 0.933176
vn -0.016787 0.999476 0.027689
vn -0.628445 -0.000391 0.777854
vn -0.027904 0.999336 0.023439
vn -0.856587 -0.000391 0.516003
vn 0.875165 -0.000391 0.483824
vn 0.656909 -0.000390 0.753970
vn 0.656909 -0.000390 0.753970
vn 0.034251 0.999336 0.012444
vn 0.027746 0.999312 0.024627
vn 0.032374 0.999476 0.000694
vn 0.987864 -0.000391 0.155322
vn 0.027903 0.999336 -0.023439
vn 0.035204 0.999312 -0.011716
vn 0.016787 0.999476 -0.027690
vn 0.981412 -0.000391 -0.191914
vn 0.981412 -0.000391 -0.191914
vn 0.856587 -0.000391 -0.516002
vn 0.628445 -0.000391 -0.777854
vn -0.018578 -0.000391 -0.999827
vn 0.324503 -0.000391 -0.945885
vn 0.324503 -0.000391 -0.945885
vn -0.006348 0.999336 -0.035883
vn 0.007454 0.999312 -0.036343
vn -0.015585 0.999476 -0.028383
vn -0.359419 -0.000391 -0.933176
vn -0.034251 0.999336 -0.012444
vn -0.027746 0.999312 -0.024627
vn -0.032373 0.999476 -0.000694
vn -0.656909 -0.000391 -0.753970
vn -0.656909 -0.000391 -0.753970
vn -0.875165 -0.000391 -0.483824
vn -0.987864 -0.000391 -0.155322
vn -0.981412 -0.000391 0.191914
vn -0.981412 -0.000391 0.191914
vn -0.035198 0.999312 0.011716
vn -0.545428 -0.486279 0.682672
vn -0.279047 -0.486279 0.828049
vn -0.279047 -0.486279 0.828049
vn -0.746022 -0.486279 0.454954
vn 0.020990 -0.486279 0.873552
vn 0.318497 -0.486279 0.813691
vn 0.577588 -0.486279 0.655687
vn 0.577588 -0.486279 0.655687
vn 0.767013 -0.486279 0.418597
vn 0.863925 -0.486279 0.131019
vn 0.856636 -0.486279 -0.172362
vn 0.856636 -0.486279 -0.172362
vn 0.746023 -0.486279 -0.454954
vn 0.545428 -0.486279 -0.682672
vn 0.279047 -0.486279 -0.828049
vn 0.279047 -0.486279 -0.828049
vn -0.020990 -0.486279 -0.873552
vn -0.318497 -0.486279 -0.813691
vn -0.577588 -0.486279 -0.655687
vn -0.577588 -0.486279 -0.655687
vn -0.767014 -0.486279 -0.418597
vn -0.863925 -0.486279 -0.131019
vn -0.856636 -0.486279 0.172362
vn -0.856636 -0.486279 0.172362
vn 0.000361 -1.000000 -0.000426
vn 0.000188 -1.000000 -0.000524
vn 0.000475 -1.000000 -0.000279
vn -0.000004 -1.000000 -0.000554
vn -0.000193 -1.000000 -0.000521
vn -0.000360 -1.000000 -0.000425
vn -0.000478 -1.000000 -0.000272
vn -0.000549 -1.000000 -0.000095
vn -0.000549 -1.000000 0.000100
vn -0.000480 -1.000000 0.000281
vn -0.000357 -1.000000 0.000426
vn -0.000188 -1.000000 0.000524
vn 0.000004 -1.000000 0.000551
vn 0.000193 -1.000000 0.000521
vn 0.000360 -1.000000 0.000425
vn 0.000478 -1.000000 0.000272
vn 0.000546 -1.000000 0.000095
vn 0.000544 -1.000000 -0.000100
vn 0.600237 -0.003098 -0.799817
vn 0.290484 -0.003098 -0.956875
vn 0.837591 -0.003098 -0.546289
vn -0.054304 -0.003098 -0.998520
vn -0.392543 -0.003098 -0.919729
vn -0.683436 -0.003098 -0.730004
vn -0.891895 -0.003098 -0.452231
vn -0.992780 -0.003098 -0.119912
vn -0.973920 -0.003098 0.226870
vn -0.837591 -0.003098 0.546289
vn -0.600237 -0.003098 0.799817
vn -0.290485 -0.003098 0.956875
vn 0.054304 -0.003099 0.998520
vn 0.392543 -0.003098 0.919729
vn 0.683436 -0.003098 0.730004
vn 0.891896 -0.003098 0.452231
vn 0.992780 -0.003098 0.119912
vn 0.973920 -0.003098 -0.226870
vn 0.173210 -0.974355 0.143636
vn -0.505510 0.000023 -0.862821
vn -0.494469 0.000023 0.869195
vn -0.000080 1.000000 0.000479
vn -0.941854 0.000023 -0.336023
vn 0.761931 0.000023 -0.647658
vn 0.210996 -0.974355 -0.078186
vn -0.210998 -0.974355 0.078187
vn 0.037787 -0.974355 -0.221822
vn 0.991835 0.006312 0.127375
vn -0.173209 -0.974355 -0.143636
vn 0.040359 -0.974355 0.221369
vn 0.764602 0.008010 0.644453
vn -0.944811 0.007568 -0.327527
vn 0.601836 0.007218 0.798587
vn 0.756053 0.007567 -0.654467
vn -0.606227 0.006312 0.795266
vn -0.385607 0.006312 -0.922642
vn 0.940414 0.008010 -0.339938
vn -0.940414 0.008011 0.339938
vn 0.175812 0.008010 -0.984391
vn 0.275255 0.834928 0.476581
vn -0.764602 0.008010 -0.644453
vn 0.188758 0.007568 0.981994
vn 0.000455 1.000000 -0.000171
vn -0.021074 0.999418 -0.026827
vn 0.021075 0.999418 0.026827
vn 0.033771 0.999418 -0.004839
vn 0.454959 -0.486264 0.746030
vn 0.012694 0.999418 -0.031666
vn 0.550359 0.834928 -0.000087
vn -0.550359 0.834928 0.000087
vn 0.275105 0.834928 -0.476668
vn 0.877456 0.000234 0.479657
vn -0.275255 0.834928 -0.476581
vn -0.275105 0.834928 0.476668
vn -0.777854 -0.000391 -0.628444
vn 0.933176 -0.000391 -0.359419
vn -0.753971 -0.000391 0.656907
vn -0.012694 0.999418 0.031663
vn -0.191915 -0.000391 -0.981412
vn 0.945885 -0.000391 0.324502
vn -0.873560 -0.486264 0.020990
vn 0.418601 -0.486264 -0.767021
vn -0.000284 -1.000000 -0.000485
vn -0.454959 -0.486264 -0.746030
vn -0.131020 -0.486264 0.863934
vn 0.873560 -0.486264 -0.020990
vn 0.000284 -1.000000 0.000485
vn 0.000095 -1.000000 -0.000554
vn -0.000564 -1.000000 0.000003
vn 0.000559 -1.000000 -0.000003
vn -0.000281 -1.000000 0.000488
vn -0.546291 -0.003098 -0.837590
vn -0.452228 -0.003098 0.891897
vn 0.431948 0.466439 0.771916
vn 0.546291 -0.003098 0.837590
vn 0.119909 -0.003098 -0.992780
vn -0.998520 -0.003098 0.054307
vn 0.998520 -0.003098 -0.054307
vn -0.452526 0.466438 0.760037
vn 0.452525 0.466439 -0.760036
vn -0.431948 0.466440 -0.771916
vn -0.884474 0.466439 -0.011880
vn 0.884473 0.466440 0.011880
vn 0.777855 -0.000391 0.628444
vn 0.941854 0.000023 0.336023
vn 0.999980 0.000023 -0.006375
vn 0.000080 1.000000 -0.000479
vn 0.000375 1.000000 0.000309
vn -0.000375 1.000000 -0.000309
vn -0.854123 0.000234 0.520071
vn -0.877456 0.000234 -0.479657
vn -0.023333 0.000234 -0.999728
vn -0.155322 -0.000391 0.987864
vn 0.023333 0.000234 0.999728
vn 0.980488 0.000234 -0.196579
vn -0.761932 0.000023 0.647658
vn -0.999980 0.000023 0.006374
vn -0.000369 1.000000 0.000316
vn -0.037787 -0.974355 0.221822
vn -0.179922 0.000023 -0.983681
vn 0.494469 0.000023 -0.869195
vn -0.000089 1.000000 -0.000478
vn -0.000458 1.000000 -0.000162
vn -0.000239 1.000000 0.000423
vn 0.505510 0.000023 0.862820
vn 0.000458 1.000000 0.000162
vn 0.000369 1.000000 -0.000316
vn -0.171531 -0.974355 0.145637
vn -0.175811 0.008010 0.984391
vn 0.113638 -0.974355 0.194214
vn -0.111376 -0.974355 0.195520
vn -0.040359 -0.974355 -0.221370
vn -0.113638 -0.974355 -0.194214
vn -0.225015 -0.974355 0.001306
vn -0.211889 -0.974355 -0.075732
vn 0.211890 -0.974355 0.075732
vn 0.225014 -0.974355 -0.001306
vn 0.111376 -0.974355 -0.195520
vn 0.171530 -0.974355 -0.145636
vn -0.991835 0.006312 -0.127376
vn -0.494593 0.866811 -0.063381
vn 0.854123 0.000234 -0.520071
vn 0.606227 0.006312 -0.795266
vn 0.302186 0.866811 -0.396640
vn -0.192407 0.866811 -0.460020
vn -0.601836 0.007218 -0.798587
vn 0.385606 0.006312 0.922642
vn 0.192406 0.866811 0.460020
vn 0.494593 0.866811 0.063380
vn 0.992515 0.007218 -0.121913
vn -0.756053 0.007568 0.654467
vn -0.390678 0.007218 0.920499
vn 0.505245 -0.013878 0.862864
vn -0.191454 0.867411 0.459285
vn -0.188758 0.007568 -0.981994
vn -0.505245 -0.013878 -0.862864
vn -0.999885 -0.013878 0.006123
vn -0.992515 0.007218 0.121911
vn 0.944811 0.007568 0.327527
vn 0.999885 -0.013878 -0.006123
vn 0.494640 -0.013879 -0.868987
vn 0.390679 0.007218 -0.920499
vn -0.937493 0.000023 0.348004
vn -0.000455 1.000000 0.000171
vn 0.937493 0.000022 -0.348004
vn 0.000239 1.000000 -0.000423
vn -0.167367 0.000023 0.985895
vn 0.000247 1.000000 0.000418
vn -0.000247 1.000000 -0.000418
vn 0.167367 0.000023 -0.985895
vn -0.000486 1.000000 0.000005
vn -0.770126 0.000023 -0.637891
vn 0.000486 1.000000 -0.000005
vn 0.770126 0.000023 0.637891
vn -0.933176 -0.000391 0.359419
vn -0.945885 -0.000391 -0.324502
vn -0.033396 0.999270 0.018572
vn -0.418601 -0.486264 0.767021
vn 0.155322 -0.000391 -0.987864
vn 0.753971 -0.000391 -0.656907
vn 0.000613 0.999270 -0.038212
vn -0.032785 0.999269 -0.019637
vn -0.021588 0.999437 0.025670
vn 0.191915 -0.000391 0.981412
vn 0.032785 0.999269 0.019637
vn 0.033401 0.999269 -0.018574
vn 0.131020 -0.486264 -0.863934
vn -0.172365 -0.486264 -0.856643
vn -0.828057 -0.486264 -0.279049
vn -0.682678 -0.486264 -0.545434
vn 0.682678 -0.486264 0.545433
vn 0.828057 -0.486264 0.279049
vn 0.655693 -0.486264 -0.577593
vn 0.813698 -0.486264 -0.318500
vn 0.000282 -1.000000 -0.000488
vn -0.813698 -0.486264 0.318500
vn -0.655693 -0.486264 0.577593
vn 0.172364 -0.486264 0.856644
vn -0.000528 -1.000000 0.000195
vn -0.000425 -1.000000 0.000362
vn 0.000099 -1.000000 0.000548
vn -0.000092 -1.000000 0.000552
vn 0.000431 -1.000000 -0.000358
vn -0.000104 -1.000000 -0.000549
vn -0.000522 -1.000000 -0.000189
vn -0.000433 -1.000000 -0.000357
vn 0.000520 -1.000000 -0.000196
vn 0.452228 -0.003098 -0.891897
vn 0.000522 -1.000000 0.000189
vn 0.000433 -1.000000 0.000357
vn -0.799818 -0.003098 -0.600234
vn -0.956876 -0.003098 -0.290481
vn -0.730002 -0.003098 0.683438
vn -0.919727 -0.003098 0.392546
vn 0.799818 -0.003098 0.600234
vn 0.956876 -0.003098 0.290482
vn 0.919727 -0.003098 -0.392546
vn 0.226874 -0.003098 0.973919
vn -0.119909 -0.003098 0.992780
vn 0.730002 -0.003098 -0.683438
vn -0.226873 -0.003098 -0.973919
vn 0.910224 0.306684 0.278277
vn 0.663563 0.326077 0.673318
vn -0.251329 0.326078 0.911322
vn 0.214117 0.306685 0.927415
vn 0.696107 0.306683 -0.649138
vn 0.914892 0.326077 -0.238004
vn -0.214118 0.306684 -0.927415
vn 0.251329 0.326078 -0.911322
vn -0.910224 0.306684 -0.278277
vn -0.663563 0.326077 -0.673318
vn -0.696107 0.306683 0.649138
vn -0.914893 0.326075 0.238004
vn 0.033027 0.999437 0.005859
vn 0.516003 -0.000391 0.856586
vn -0.483824 -0.000391 0.875165
vn 0.011440 0.999437 0.031530
vn 0.999910 0.013432 0.000609
vn 0.302024 0.867411 0.395449
vn -0.500482 0.013432 0.865643
vn 0.499427 0.013432 0.866252
vn -0.999827 -0.000391 0.018578
vn -0.033774 0.999418 0.004839
vn -0.493481 0.867411 0.063836
vn -0.302185 0.866811 0.396640
vn 0.021587 0.999437 -0.025671
vn 0.999827 -0.000391 -0.018578
vn 0.500482 0.013432 -0.865643
vn 0.493481 0.867411 -0.063837
vn -0.011439 0.999437 -0.031530
vn 0.483824 -0.000390 -0.875165
vn -0.499428 0.013432 -0.866252
vn 0.191457 0.867411 -0.459285
vn -0.033023 0.999438 -0.005860
vn -0.516003 -0.000391 -0.856587
vn -0.999910 0.013432 -0.000609
vn -0.302025 0.867411 -0.395449
vn 0.660487 0.000234 0.750838
vn 0.363853 0.000234 0.931456
vn -0.624738 0.000234 0.780834
vn -0.320001 0.000234 0.947417
vn -0.988591 0.000234 -0.150622
vn -0.980488 0.000234 0.196579
vn -0.363853 0.000234 -0.931456
vn -0.660487 0.000234 -0.750838
vn -0.000613 0.999270 0.038210
vn 0.320001 0.000234 -0.947417
vn 0.988591 0.000234 0.150622
vn 0.624738 0.000234 -0.780834
vn 0.179922 0.000023 0.983681
vn -0.658059 0.353805 -0.664666
vn -0.909864 0.345605 -0.229577
vn -0.653752 0.345605 0.673176
vn -0.904647 0.353804 0.237563
vn 0.904647 0.353805 -0.237563
vn 0.653751 0.345605 -0.673176
vn -0.256112 0.345605 -0.902754
vn 0.246588 0.353805 -0.902229
vn -0.246588 0.353805 0.902229
vn 0.256112 0.345605 0.902754
vn 0.909863 0.345605 0.229577
vn 0.658059 0.353805 0.664666
vn 0.498918 0.112758 0.859283
vn -0.494702 0.112758 0.861717
vn 0.993620 0.112758 -0.002434
vn 0.494702 0.112758 -0.861717
vn -0.498918 0.112758 -0.859283
vn -0.993620 0.112758 0.002434
vn -0.494640 -0.013878 0.868987
vn -0.595001 0.635884 -0.491554
vn -0.595001 0.635884 -0.491554
vn -0.733750 -0.300217 -0.609492
vn -0.727239 0.635884 -0.258407
vn -0.727239 0.635884 -0.258407
vn -0.897959 -0.300214 -0.321779
vn -0.727648 -0.300214 0.616766
vn -0.587407 0.635884 0.500605
vn -0.587407 0.635884 0.500605
vn -0.894711 -0.300215 0.330700
vn -0.723199 0.635884 0.269509
vn -0.723199 0.635884 0.269509
vn 0.723199 0.635884 -0.269509
vn 0.723199 0.635884 -0.269509
vn 0.894712 -0.300213 -0.330700
vn 0.587407 0.635884 -0.500604
vn 0.587407 0.635884 -0.500604
vn 0.727648 -0.300215 -0.616765
vn -0.170310 -0.300219 -0.938543
vn -0.139833 0.635884 -0.759011
vn -0.139833 0.635884 -0.759011
vn 0.160961 -0.300211 -0.940194
vn 0.128197 0.635884 -0.761063
vn 0.128197 0.635884 -0.761063
vn -0.128198 0.635884 0.761063
vn -0.128198 0.635884 0.761063
vn -0.160962 -0.300214 0.940193
vn 0.139833 0.635884 0.759012
vn 0.139833 0.635884 0.759012
vn 0.170310 -0.300217 0.938544
vn 0.897959 -0.300215 0.321779
vn 0.727239 0.635884 0.258407
vn 0.727239 0.635884 0.258407
vn 0.733750 -0.300214 0.609493
vn 0.595001 0.635884 0.491554
vn 0.595001 0.635884 0.491554
vn -0.927433 -0.145540 0.344509
vn -0.927433 -0.145540 0.344509
vn -0.753673 -0.145539 0.640933
vn -0.753673 -0.145539 0.640933
vn 0.178228 -0.145539 0.973166
vn 0.178228 -0.145539 0.973166
vn -0.165363 -0.145539 0.975435
vn -0.165363 -0.145539 0.975435
vn 0.165363 -0.145540 -0.975435
vn 0.165363 -0.145540 -0.975435
vn -0.178228 -0.145538 -0.973167
vn -0.178228 -0.145538 -0.973167
vn -0.931901 -0.145540 -0.332233
vn -0.931901 -0.145540 -0.332233
vn -0.762070 -0.145539 -0.630926
vn -0.762070 -0.145539 -0.630926
vn 0.762070 -0.145540 0.630926
vn 0.762070 -0.145540 0.630926
vn 0.931901 -0.145540 0.332233
vn 0.931901 -0.145540 0.332233
vn 0.753673 -0.145540 -0.640933
vn 0.753673 -0.145540 -0.640933
vn 0.927433 -0.145540 -0.344509
vn 0.927433 -0.145540 -0.344509
vn -0.974045 0.208238 0.088737
vn -0.563870 0.208239 0.799179
vn 0.410175 0.208239 0.887915
vn -0.410174 0.208239 0.887916
vn 0.410175 0.208238 -0.887915
vn -0.410175 0.208239 -0.887915
vn -0.974045 0.208238 -0.088736
vn -0.563870 0.208239 -0.799179
vn 0.563870 0.208239 0.799179
vn 0.974045 0.208238 0.088736
vn 0.563870 0.208239 -0.799179
vn 0.974044 0.208239 -0.088737
vn 0.930349 0.158934 -0.330441
vn 0.761224 0.158934 -0.628712
vn -0.930349 0.158934 0.330442
vn -0.761224 0.158934 0.628712
vn 0.179003 0.158934 -0.970926
vn -0.163868 0.158934 -0.973595
vn 0.163868 0.158934 0.973595
vn -0.179003 0.158934 0.970926
vn 0.925092 0.158934 0.344883
vn 0.751345 0.158934 0.640485
vn -0.925092 0.158934 -0.344883
vn -0.751345 0.158934 -0.640485
vn -0.382731 0.679332 -0.626119
vn -0.382731 0.679332 -0.626119
vn -0.487747 -0.327615 -0.809180
vn -0.573796 0.679332 -0.457457
vn -0.573796 0.679332 -0.457457
vn -0.735089 -0.327614 -0.593560
vn -0.881583 -0.327614 0.339824
vn -0.683068 0.679331 0.268192
vn -0.683068 0.679331 0.268192
vn -0.944644 -0.327615 0.017812
vn -0.733602 0.679331 0.018395
vn -0.733602 0.679331 0.018395
vn 0.733599 0.679334 -0.018395
vn 0.733599 0.679334 -0.018395
vn 0.944644 -0.327614 -0.017812
vn 0.683065 0.679334 -0.268193
vn 0.683065 0.679334 -0.268193
vn 0.881583 -0.327614 -0.339825
vn 0.146494 -0.327614 -0.933386
vn 0.109273 0.679334 -0.725648
vn 0.109273 0.679334 -0.725648
vn 0.456897 -0.327614 -0.826991
vn 0.350869 0.679333 -0.644514
vn 0.350869 0.679333 -0.644514
vn -0.350869 0.679331 0.644516
vn -0.350869 0.679331 0.644516
vn -0.456897 -0.327614 0.826991
vn -0.109272 0.679332 0.725650
vn -0.109272 0.679332 0.725650
vn -0.146494 -0.327614 0.933386
vn 0.735089 -0.327614 0.593560
vn 0.573797 0.679331 0.457456
vn 0.573797 0.679331 0.457456
vn 0.487748 -0.327615 0.809179
vn 0.382730 0.679332 0.626120
vn 0.382730 0.679332 0.626120
vn 0.363522 -0.637765 -0.679049
vn 0.109349 -0.637766 -0.762428
vn -0.605610 -0.637765 -0.475911
vn -0.406315 -0.637766 -0.654342
vn 0.406315 -0.637766 0.654342
vn 0.605610 -0.637766 0.475912
vn 0.714958 -0.637765 -0.286516
vn 0.769836 -0.637763 -0.024707
vn -0.714958 -0.637765 0.286516
vn -0.769834 -0.637766 0.024707
vn -0.363522 -0.637765 0.679049
vn -0.109349 -0.637766 0.762429
vn -0.970471 -0.238290 0.037480
vn -0.970471 -0.238290 0.037480
vn -0.899125 -0.238289 0.367141
vn -0.899125 -0.238289 0.367141
vn -0.131610 -0.238291 0.962235
vn -0.131610 -0.238291 0.962235
vn -0.452776 -0.238289 0.859193
vn -0.452776 -0.238289 0.859193
vn 0.452776 -0.238290 -0.859193
vn 0.452776 -0.238290 -0.859193
vn 0.131610 -0.238289 -0.962235
vn 0.131610 -0.238289 -0.962235
vn -0.767514 -0.238290 -0.595096
vn -0.767514 -0.238290 -0.595096
vn -0.517694 -0.238289 -0.821712
vn -0.517694 -0.238289 -0.821712
vn 0.970471 -0.238290 -0.037480
vn 0.970471 -0.238290 -0.037480
vn 0.899126 -0.238288 -0.367140
vn 0.899126 -0.238288 -0.367140
vn 0.767514 -0.238290 0.595096
vn 0.767514 -0.238290 0.595096
vn 0.517694 -0.238289 0.821712
vn 0.517694 -0.238289 0.821712
vn 0.390997 0.635884 0.665412
vn 0.390997 0.635884 0.665412
vn -0.486975 0.158934 -0.858834
vn -0.380765 0.635885 0.671319
vn -0.380765 0.635885 0.671319
vn -0.472819 -0.300216 0.828440
vn 0.481041 -0.300214 0.823694
vn 0.500284 0.158934 -0.851150
vn 0.771762 0.635885 -0.005908
vn 0.771762 0.635885 -0.005908
vn -0.987259 0.158934 -0.007684
vn 0.953860 -0.300215 -0.004746
vn 0.380765 0.635885 -0.671318
vn 0.380765 0.635885 -0.671318
vn -0.500284 0.158934 0.851150
vn 0.472820 -0.300211 -0.828441
vn -0.390997 0.635885 -0.665411
vn -0.390997 0.635885 -0.665411
vn 0.486975 0.158934 0.858834
vn -0.481041 -0.300214 -0.823694
vn -0.771762 0.635884 0.005908
vn -0.771762 0.635884 0.005908
vn 0.987259 0.158934 0.007684
vn -0.953861 -0.300212 0.004746
vn 0.500322 -0.145540 0.853520
vn 0.500322 -0.145540 0.853520
vn -0.489008 -0.145538 0.860052
vn -0.489008 -0.145538 0.860052
vn 0.989331 -0.145542 -0.006532
vn 0.989331 -0.145542 -0.006532
vn 0.489008 -0.145540 -0.860052
vn 0.489008 -0.145540 -0.860052
vn -0.500322 -0.145540 -0.853520
vn -0.500322 -0.145540 -0.853520
vn -0.989331 -0.145541 0.006532
vn -0.989331 -0.145541 0.006532
vn 0.489756 0.201385 0.848283
vn -0.489756 0.201385 0.848283
vn 0.979512 0.201384 -0.000000
vn 0.489756 0.201384 -0.848283
vn -0.489756 0.201385 -0.848283
vn -0.979512 0.201384 -0.000000
vn 0.145504 0.679331 0.719262
vn 0.145504 0.679331 0.719262
vn -0.550146 0.679332 0.485642
vn -0.550146 0.679332 0.485642
vn -0.712189 -0.327615 0.620851
vn 0.181577 -0.327614 0.927199
vn 0.695648 0.679334 0.233623
vn 0.695648 0.679334 0.233623
vn 0.893766 -0.327615 0.306350
vn 0.550150 0.679331 -0.485639
vn 0.550150 0.679331 -0.485639
vn 0.712189 -0.327615 -0.620851
vn -0.145504 0.679331 -0.719262
vn -0.145504 0.679331 -0.719262
vn -0.181577 -0.327614 -0.927199
vn -0.695649 0.679333 -0.233622
vn -0.695649 0.679333 -0.233622
vn -0.893766 -0.327615 -0.306350
vn 0.158013 -0.637767 0.753847
vn -0.573845 -0.637767 0.513765
vn 0.731856 -0.637768 0.240081
vn 0.573845 -0.637767 -0.513766
vn -0.158013 -0.637767 -0.753847
vn -0.731856 -0.637768 -0.240081
vn -0.205431 -0.238288 -0.949219
vn -0.205431 -0.238288 -0.949219
vn 0.719333 -0.238289 -0.652518
vn 0.719333 -0.238289 -0.652518
vn -0.924764 -0.238287 -0.296699
vn -0.924764 -0.238287 -0.296699
vn -0.719332 -0.238289 0.652518
vn -0.719332 -0.238289 0.652518
vn 0.205431 -0.238287 0.949219
vn 0.205431 -0.238287 0.949219
vn 0.924764 -0.238288 0.296700
vn 0.924764 -0.238288 0.296700
vn 0.000089 1.000000 0.000478
f 184/184/184 1410/1410/1410 1621/1621/1621
f 184/184/184 1621/1621/1621 829/829/829
f 1410/1410/1410 231/231/231 890/890/890
f 1410/1410/1410 890/890/890 1621/1621/1621
f 1621/1621/1621 890/890/890 237/237/237
f 1621/1621/1621 237/237/237 1411/1411/1411
f 829/829/829 1621/1621/1621 1411/1411/1411
f 829/829/829 1411/1411/1411 189/189/189
f 164/164/164 1271/1271/1271 1622/1622/1622
f 164/164/164 1622/1622/1622 1394/1394/1394
f 1271/1271/1271 154/154/154 1388/1388/1388
f 1271/1271/1271 1388/1388/1388 1622/1622/1622
f 1622/1622/1622 1388/1388/1388 202/202/202
f 1622/1622/1622 202/202/202 1277/1277/1277
f 1394/1394/1394 1622/1622/1622 1277/1277/1277
f 1394/1394/1394 1277/1277/1277 207/207/207
f 136/136/136 1249/1249/1249 1623/1623/1623
f 136/136/136 1623/1623/1623 1371/1371/1371
f 1249/1249/1249 168/168/168 1373/1373/1373
f 1249/1249/1249 1373/1373/1373 1623/1623/1623
f 1623/1623/1623 1373/1373/1373 218/218/218
f 1623/1623/1623 218/218/218 1251/1251/1251
f 1371/1371/1371 1623/1623/1623 1251/1251/1251
f 1371/1371/1371 1251/1251/1251 175/175/175
f 369/369/369 1370/1370/1370 1624/1624/1624
f 369/369/369 1624/1624/1624 977/977/977
f 1370/1370/1370 135/135/135 800/800/800
f 1370/1370/1370 800/800/800 1624/1624/1624
f 1624/1624/1624 800/800/800 139/139/139
f 1624/1624/1624 139/139/139 1363/1363/1363
f 977/977/977 1624/1624/1624 1363/1363/1363
f 977/977/977 1363/1363/1363 371/371/371
f 165/165/165 1398/1398/1398 1625/1625/1625
f 165/165/165 1625/1625/1625 736/736/736
f 1398/1398/1398 213/213/213 739/739/739
f 1398/1398/1398 739/739/739 1625/1625/1625
f 1625/1625/1625 739/739/739 210/210/210
f 1625/1625/1625 210/210/210 1400/1400/1400
f 736/736/736 1625/1625/1625 1400/1400/1400
f 736/736/736 1400/1400/1400 161/161/161
f 151/151/151 1384/1384/1384 1626/1626/1626
f 151/151/151 1626/1626/1626 774/774/774
f 1384/1384/1384 197/197/197 777/777/777
f 1384/1384/1384 777/777/777 1626/1626/1626
f 1626/1626/1626 777/777/777 194/194/194
f 1626/1626/1626 194/194/194 1386/1386/1386
f 774/774/774 1626/1626/1626 1386/1386/1386
f 774/774/774 1386/1386/1386 147/147/147
f 244/244/244 1416/1416/1416 1627/1627/1627
f 244/244/244 1627/1627/1627 906/906/906
f 1416/1416/1416 196/196/196 767/767/767
f 1416/1416/1416 767/767/767 1627/1627/1627
f 1627/1627/1627 767/767/767 192/192/192
f 1627/1627/1627 192/192/192 1414/1414/1414
f 906/906/906 1627/1627/1627 1414/1414/1414
f 906/906/906 1414/1414/1414 239/239/239
f 216/216/216 1426/1426/1426 1628/1628/1628
f 216/216/216 1628/1628/1628 753/753/753
f 1426/1426/1426 263/263/263 842/842/842
f 1426/1426/1426 842/842/842 1628/1628/1628
f 1628/1628/1628 842/842/842 269/269/269
f 1628/1628/1628 269/269/269 1427/1427/1427
f 753/753/753 1628/1628/1628 1427/1427/1427
f 753/753/753 1427/1427/1427 221/221/221
f 200/200/200 1418/1418/1418 1629/1629/1629
f 200/200/200 1629/1629/1629 791/791/791
f 1418/1418/1418 247/247/247 866/866/866
f 1418/1418/1418 866/866/866 1629/1629/1629
f 1629/1629/1629 866/866/866 254/254/254
f 1629/1629/1629 254/254/254 1420/1420/1420
f 791/791/791 1629/1629/1629 1420/1420/1420
f 791/791/791 1420/1420/1420 206/206/206
f 37/37/37 1469/1469/1469 1630/1630/1630
f 37/37/37 1630/1630/1630 580/580/580
f 1469/1469/1469 281/281/281 944/944/944
f 1469/1469/1469 944/944/944 1630/1630/1630
f 1630/1630/1630 944/944/944 284/284/284
f 1630/1630/1630 284/284/284 1466/1466/1466
f 580/580/580 1630/1630/1630 1466/1466/1466
f 580/580/580 1466/1466/1466 40/40/40
f 260/260/260 1424/1424/1424 1631/1631/1631
f 260/260/260 1631/1631/1631 882/882/882
f 1424/1424/1424 212/212/212 729/729/729
f 1424/1424/1424 729/729/729 1631/1631/1631
f 1631/1631/1631 729/729/729 208/208/208
f 1631/1631/1631 208/208/208 1422/1422/1422
f 882/882/882 1631/1631/1631 1422/1422/1422
f 882/882/882 1422/1422/1422 255/255/255
f 226/226/226 1409/1409/1409 1632/1632/1632
f 226/226/226 1632/1632/1632 854/854/854
f 1409/1409/1409 177/177/177 813/813/813
f 1409/1409/1409 813/813/813 1632/1632/1632
f 1632/1632/1632 813/813/813 180/180/180
f 1632/1632/1632 180/180/180 1406/1406/1406
f 854/854/854 1632/1632/1632 1406/1406/1406
f 854/854/854 1406/1406/1406 228/228/228
f 97/97/97 1435/1435/1435 1633/1633/1633
f 97/97/97 1633/1633/1633 708/708/708
f 1435/1435/1435 235/235/235 885/885/885
f 1435/1435/1435 885/885/885 1633/1633/1633
f 1633/1633/1633 885/885/885 232/232/232
f 1633/1633/1633 232/232/232 1434/1434/1434
f 708/708/708 1633/1633/1633 1434/1434/1434
f 708/708/708 1434/1434/1434 93/93/93
f 261/261/261 1447/1447/1447 1634/1634/1634
f 261/261/261 1634/1634/1634 875/875/875
f 1447/1447/1447 123/123/123 668/668/668
f 1447/1447/1447 668/668/668 1634/1634/1634
f 1634/1634/1634 668/668/668 120/120/120
f 1634/1634/1634 120/120/120 1449/1449/1449
f 875/875/875 1634/1634/1634 1449/1449/1449
f 875/875/875 1449/1449/1449 257/257/257
f 39/39/39 1465/1465/1465 1635/1635/1635
f 39/39/39 1635/1635/1635 585/585/585
f 1465/1465/1465 283/283/283 940/940/940
f 1465/1465/1465 940/940/940 1635/1635/1635
f 1635/1635/1635 940/940/940 280/280/280
f 1635/1635/1635 280/280/280 1462/1462/1462
f 585/585/585 1635/1635/1635 1462/1462/1462
f 585/585/585 1462/1462/1462 38/38/38
f 245/245/245 1439/1439/1439 1636/1636/1636
f 245/245/245 1636/1636/1636 899/899/899
f 1439/1439/1439 107/107/107 684/684/684
f 1439/1439/1439 684/684/684 1636/1636/1636
f 1636/1636/1636 684/684/684 104/104/104
f 1636/1636/1636 104/104/104 1441/1441/1441
f 899/899/899 1636/1636/1636 1441/1441/1441
f 899/899/899 1441/1441/1441 241/241/241
f 316/316/316 1498/1498/1498 1637/1637/1637
f 316/316/316 1637/1637/1637 912/912/912
f 1498/1498/1498 84/84/84 630/630/630
f 1498/1498/1498 630/630/630 1637/1637/1637
f 1637/1637/1637 630/630/630 81/81/81
f 1637/1637/1637 81/81/81 1456/1456/1456
f 912/912/912 1637/1637/1637 1456/1456/1456
f 912/912/912 1456/1456/1456 313/313/313
f 59/59/59 1485/1485/1485 1638/1638/1638
f 59/59/59 1638/1638/1638 610/610/610
f 1485/1485/1485 297/297/297 928/928/928
f 1485/1485/1485 928/928/928 1638/1638/1638
f 1638/1638/1638 928/928/928 299/299/299
f 1638/1638/1638 299/299/299 1481/1481/1481
f 610/610/610 1638/1638/1638 1481/1481/1481
f 610/610/610 1481/1481/1481 61/61/61
f 240/240/240 1438/1438/1438 1639/1639/1639
f 240/240/240 1639/1639/1639 905/905/905
f 1438/1438/1438 101/101/101 681/681/681
f 1438/1438/1438 681/681/681 1639/1639/1639
f 1639/1639/1639 681/681/681 108/108/108
f 1639/1639/1639 108/108/108 1440/1440/1440
f 905/905/905 1639/1639/1639 1440/1440/1440
f 905/905/905 1440/1440/1440 246/246/246
f 129/129/129 1451/1451/1451 1640/1640/1640
f 129/129/129 1640/1640/1640 676/676/676
f 1451/1451/1451 267/267/267 837/837/837
f 1451/1451/1451 837/837/837 1640/1640/1640
f 1640/1640/1640 837/837/837 264/264/264
f 1640/1640/1640 264/264/264 1450/1450/1450
f 676/676/676 1640/1640/1640 1450/1450/1450
f 676/676/676 1450/1450/1450 125/125/125
f 114/114/114 1444/1444/1444 1641/1641/1641
f 114/114/114 1641/1641/1641 692/692/692
f 1444/1444/1444 252/252/252 861/861/861
f 1444/1444/1444 861/861/861 1641/1641/1641
f 1641/1641/1641 861/861/861 248/248/248
f 1641/1641/1641 248/248/248 1442/1442/1442
f 692/692/692 1641/1641/1641 1442/1442/1442
f 692/692/692 1442/1442/1442 109/109/109
f 94/94/94 709/709/709 1642/1642/1642
f 94/94/94 1642/1642/1642 1463/1463/1463
f 709/709/709 87/87/87 1464/1464/1464
f 709/709/709 1464/1464/1464 1642/1642/1642
f 1642/1642/1642 1464/1464/1464 274/274/274
f 1642/1642/1642 274/274/274 1298/1298/1298
f 1463/1463/1463 1642/1642/1642 1298/1298/1298
f 1463/1463/1463 1298/1298/1298 279/279/279
f 256/256/256 1446/1446/1446 1643/1643/1643
f 256/256/256 1643/1643/1643 881/881/881
f 1446/1446/1446 117/117/117 665/665/665
f 1446/1446/1446 665/665/665 1643/1643/1643
f 1643/1643/1643 665/665/665 124/124/124
f 1643/1643/1643 124/124/124 1448/1448/1448
f 881/881/881 1643/1643/1643 1448/1448/1448
f 881/881/881 1448/1448/1448 262/262/262
f 230/230/230 1431/1431/1431 1644/1644/1644
f 230/230/230 1644/1644/1644 851/851/851
f 1431/1431/1431 92/92/92 700/700/700
f 1431/1431/1431 700/700/700 1644/1644/1644
f 1644/1644/1644 700/700/700 88/88/88
f 1644/1644/1644 88/88/88 1433/1433/1433
f 851/851/851 1644/1644/1644 1433/1433/1433
f 851/851/851 1433/1433/1433 225/225/225
f 351/351/351 1379/1379/1379 1645/1645/1645
f 351/351/351 1645/1645/1645 968/968/968
f 1379/1379/1379 149/149/149 762/762/762
f 1379/1379/1379 762/762/762 1645/1645/1645
f 1645/1645/1645 762/762/762 153/153/153
f 1645/1645/1645 153/153/153 1381/1381/1381
f 968/968/968 1645/1645/1645 1381/1381/1381
f 968/968/968 1381/1381/1381 353/353/353
f 407/407/407 1552/1552/1552 1646/1646/1646
f 407/407/407 1646/1646/1646 1012/1012/1012
f 1552/1552/1552 69/69/69 624/624/624
f 1552/1552/1552 624/624/624 1646/1646/1646
f 1646/1646/1646 624/624/624 64/64/64
f 1646/1646/1646 64/64/64 1549/1549/1549
f 1012/1012/1012 1646/1646/1646 1549/1549/1549
f 1012/1012/1012 1549/1549/1549 403/403/403
f 384/384/384 1534/1534/1534 1647/1647/1647
f 384/384/384 1647/1647/1647 1119/1119/1119
f 1534/1534/1534 34/34/34 583/583/583
f 1534/1534/1534 583/583/583 1647/1647/1647
f 1647/1647/1647 583/583/583 30/30/30
f 1647/1647/1647 30/30/30 1521/1521/1521
f 1119/1119/1119 1647/1647/1647 1521/1521/1521
f 1119/1119/1119 1521/1521/1521 382/382/382
f 393/393/393 1538/1538/1538 1648/1648/1648
f 393/393/393 1648/1648/1648 1050/1050/1050
f 1538/1538/1538 45/45/45 603/603/603
f 1538/1538/1538 603/603/603 1648/1648/1648
f 1648/1648/1648 603/603/603 41/41/41
f 1648/1648/1648 41/41/41 1535/1535/1535
f 1050/1050/1050 1648/1648/1648 1535/1535/1535
f 1050/1050/1050 1535/1535/1535 389/389/389
f 424/424/424 1566/1566/1566 1649/1649/1649
f 424/424/424 1649/1649/1649 1117/1117/1117
f 1566/1566/1566 474/474/474 1148/1148/1148
f 1566/1566/1566 1148/1148/1148 1649/1649/1649
f 1649/1649/1649 1148/1148/1148 483/483/483
f 1649/1649/1649 483/483/483 1567/1567/1567
f 1117/1117/1117 1649/1649/1649 1567/1567/1567
f 1117/1117/1117 1567/1567/1567 429/429/429
f 398/398/398 1548/1548/1548 1650/1650/1650
f 398/398/398 1650/1650/1650 1081/1081/1081
f 1548/1548/1548 57/57/57 613/613/613
f 1548/1548/1548 613/613/613 1650/1650/1650
f 1650/1650/1650 613/613/613 52/52/52
f 1650/1650/1650 52/52/52 1539/1539/1539
f 1081/1081/1081 1650/1650/1650 1539/1539/1539
f 1081/1081/1081 1539/1539/1539 396/396/396
f 102/102/102 713/713/713 1651/1651/1651
f 102/102/102 1651/1651/1651 1471/1471/1471
f 713/713/713 95/95/95 1472/1472/1472
f 713/713/713 1472/1472/1472 1651/1651/1651
f 1651/1651/1651 1472/1472/1472 282/282/282
f 1651/1651/1651 282/282/282 1302/1302/1302
f 1471/1471/1471 1651/1651/1651 1302/1302/1302
f 1471/1471/1471 1302/1302/1302 287/287/287
f 126/126/126 719/719/719 1652/1652/1652
f 126/126/126 1652/1652/1652 1495/1495/1495
f 719/719/719 119/119/119 1496/1496/1496
f 719/719/719 1496/1496/1496 1652/1652/1652
f 1652/1652/1652 1496/1496/1496 306/306/306
f 1652/1652/1652 306/306/306 1308/1308/1308
f 1495/1495/1495 1652/1652/1652 1308/1308/1308
f 1495/1495/1495 1308/1308/1308 311/311/311
f 110/110/110 715/715/715 1653/1653/1653
f 110/110/110 1653/1653/1653 1479/1479/1479
f 715/715/715 103/103/103 1480/1480/1480
f 715/715/715 1480/1480/1480 1653/1653/1653
f 1653/1653/1653 1480/1480/1480 290/290/290
f 1653/1653/1653 290/290/290 1304/1304/1304
f 1479/1479/1479 1653/1653/1653 1304/1304/1304
f 1479/1479/1479 1304/1304/1304 295/295/295
f 330/330/330 1505/1505/1505 1654/1654/1654
f 330/330/330 1654/1654/1654 992/992/992
f 1505/1505/1505 14/14/14 570/570/570
f 1505/1505/1505 570/570/570 1654/1654/1654
f 1654/1654/1654 570/570/570 15/15/15
f 1654/1654/1654 15/15/15 1506/1506/1506
f 992/992/992 1654/1654/1654 1506/1506/1506
f 992/992/992 1506/1506/1506 334/334/334
f 118/118/118 717/717/717 1655/1655/1655
f 118/118/118 1655/1655/1655 1487/1487/1487
f 717/717/717 111/111/111 1488/1488/1488
f 717/717/717 1488/1488/1488 1655/1655/1655
f 1655/1655/1655 1488/1488/1488 298/298/298
f 1655/1655/1655 298/298/298 1306/1306/1306
f 1487/1487/1487 1655/1655/1655 1306/1306/1306
f 1487/1487/1487 1306/1306/1306 303/303/303
f 86/86/86 711/711/711 1656/1656/1656
f 86/86/86 1656/1656/1656 1457/1457/1457
f 711/711/711 127/127/127 1458/1458/1458
f 711/711/711 1458/1458/1458 1656/1656/1656
f 1656/1656/1656 1458/1458/1458 314/314/314
f 1656/1656/1656 314/314/314 1300/1300/1300
f 1457/1457/1457 1656/1656/1656 1300/1300/1300
f 1457/1457/1457 1300/1300/1300 271/271/271
f 405/405/405 1554/1554/1554 1657/1657/1657
f 405/405/405 1657/1657/1657 1024/1024/1024
f 1554/1554/1554 453/453/453 1027/1027/1027
f 1554/1554/1554 1027/1027/1027 1657/1657/1657
f 1657/1657/1657 1027/1027/1027 450/450/450
f 1657/1657/1657 450/450/450 1556/1556/1556
f 1024/1024/1024 1657/1657/1657 1556/1556/1556
f 1024/1024/1024 1556/1556/1556 401/401/401
f 391/391/391 1540/1540/1540 1658/1658/1658
f 391/391/391 1658/1658/1658 1062/1062/1062
f 1540/1540/1540 437/437/437 1065/1065/1065
f 1540/1540/1540 1065/1065/1065 1658/1658/1658
f 1658/1658/1658 1065/1065/1065 434/434/434
f 1658/1658/1658 434/434/434 1542/1542/1542
f 1062/1062/1062 1658/1658/1658 1542/1542/1542
f 1062/1062/1062 1542/1542/1542 387/387/387
f 376/376/376 1312/1312/1312 1659/1659/1659
f 376/376/376 1659/1659/1659 1527/1527/1527
f 1312/1312/1312 408/408/408 1529/1529/1529
f 1312/1312/1312 1529/1529/1529 1659/1659/1659
f 1659/1659/1659 1529/1529/1529 458/458/458
f 1659/1659/1659 458/458/458 1314/1314/1314
f 1527/1527/1527 1659/1659/1659 1314/1314/1314
f 1527/1527/1527 1314/1314/1314 415/415/415
f 24/24/24 1526/1526/1526 1660/1660/1660
f 24/24/24 1660/1660/1660 590/590/590
f 1526/1526/1526 375/375/375 1088/1088/1088
f 1526/1526/1526 1088/1088/1088 1660/1660/1660
f 1660/1660/1660 1088/1088/1088 379/379/379
f 1660/1660/1660 379/379/379 1519/1519/1519
f 590/590/590 1660/1660/1660 1519/1519/1519
f 590/590/590 1519/1519/1519 29/29/29
f 404/404/404 1326/1326/1326 1661/1661/1661
f 404/404/404 1661/1661/1661 1550/1550/1550
f 1326/1326/1326 394/394/394 1544/1544/1544
f 1326/1326/1326 1544/1544/1544 1661/1661/1661
f 1661/1661/1661 1544/1544/1544 442/442/442
f 1661/1661/1661 442/442/442 1328/1328/1328
f 1550/1550/1550 1661/1661/1661 1328/1328/1328
f 1550/1550/1550 1328/1328/1328 447/447/447
f 390/390/390 1318/1318/1318 1662/1662/1662
f 390/390/390 1662/1662/1662 1536/1536/1536
f 1318/1318/1318 380/380/380 1530/1530/1530
f 1318/1318/1318 1530/1530/1530 1662/1662/1662
f 1662/1662/1662 1530/1530/1530 426/426/426
f 1662/1662/1662 426/426/426 1320/1320/1320
f 1536/1536/1536 1662/1662/1662 1320/1320/1320
f 1536/1536/1536 1320/1320/1320 431/431/431
f 524/524/524 1583/1583/1583 1663/1663/1663
f 524/524/524 1663/1663/1663 1172/1172/1172
f 1583/1583/1583 461/461/461 1041/1041/1041
f 1583/1583/1583 1041/1041/1041 1663/1663/1663
f 1663/1663/1663 1041/1041/1041 456/456/456
f 1663/1663/1663 456/456/456 1582/1582/1582
f 1172/1172/1172 1663/1663/1663 1582/1582/1582
f 1172/1172/1172 1582/1582/1582 518/518/518
f 440/440/440 1574/1574/1574 1664/1664/1664
f 440/440/440 1664/1664/1664 1079/1079/1079
f 1574/1574/1574 496/496/496 1128/1128/1128
f 1574/1574/1574 1128/1128/1128 1664/1664/1664
f 1664/1664/1664 1128/1128/1128 506/506/506
f 1664/1664/1664 506/506/506 1576/1576/1576
f 1079/1079/1079 1664/1664/1664 1576/1576/1576
f 1079/1079/1079 1576/1576/1576 446/446/446
f 539/539/539 1590/1590/1590 1665/1665/1665
f 539/539/539 1665/1665/1665 1222/1222/1222
f 1590/1590/1590 481/481/481 1145/1145/1145
f 1590/1590/1590 1145/1145/1145 1665/1665/1665
f 1665/1665/1665 1145/1145/1145 476/476/476
f 1665/1665/1665 476/476/476 1589/1589/1589
f 1222/1222/1222 1665/1665/1665 1589/1589/1589
f 1222/1222/1222 1589/1589/1589 535/535/535
f 514/514/514 1580/1580/1580 1666/1666/1666
f 514/514/514 1666/1666/1666 1142/1142/1142
f 1580/1580/1580 452/452/452 1017/1017/1017
f 1580/1580/1580 1017/1017/1017 1666/1666/1666
f 1666/1666/1666 1017/1017/1017 448/448/448
f 1666/1666/1666 448/448/448 1578/1578/1578
f 1142/1142/1142 1666/1666/1666 1578/1578/1578
f 1142/1142/1142 1578/1578/1578 507/507/507
f 420/420/420 1563/1563/1563 1667/1667/1667
f 420/420/420 1667/1667/1667 1101/1101/1101
f 1563/1563/1563 473/473/473 1182/1182/1182
f 1563/1563/1563 1182/1182/1182 1667/1667/1667
f 1667/1667/1667 1182/1182/1182 468/468/468
f 1667/1667/1667 468/468/468 1565/1565/1565
f 1101/1101/1101 1667/1667/1667 1565/1565/1565
f 1101/1101/1101 1565/1565/1565 417/417/417
f 492/492/492 1572/1572/1572 1668/1668/1668
f 492/492/492 1668/1668/1668 1162/1162/1162
f 1572/1572/1572 436/436/436 1055/1055/1055
f 1572/1572/1572 1055/1055/1055 1668/1668/1668
f 1668/1668/1668 1055/1055/1055 432/432/432
f 1668/1668/1668 432/432/432 1570/1570/1570
f 1162/1162/1162 1668/1668/1668 1570/1570/1570
f 1162/1162/1162 1570/1570/1570 485/485/485
f 557/557/557 1599/1599/1599 1669/1669/1669
f 557/557/557 1669/1669/1669 1242/1242/1242
f 1599/1599/1599 517/517/517 1141/1141/1141
f 1599/1599/1599 1141/1141/1141 1669/1669/1669
f 1669/1669/1669 1141/1141/1141 509/509/509
f 1669/1669/1669 509/509/509 1598/1598/1598
f 1242/1242/1242 1669/1669/1669 1598/1598/1598
f 1242/1242/1242 1598/1598/1598 553/553/553
f 471/471/471 1586/1586/1586 1670/1670/1670
f 471/471/471 1670/1670/1670 1180/1180/1180
f 1586/1586/1586 534/534/534 1212/1212/1212
f 1586/1586/1586 1212/1212/1212 1670/1670/1670
f 1670/1670/1670 1212/1212/1212 532/532/532
f 1670/1670/1670 532/532/532 1588/1588/1588
f 1180/1180/1180 1670/1670/1670 1588/1588/1588
f 1180/1180/1180 1588/1588/1588 467/467/467
f 486/486/486 1592/1592/1592 1671/1671/1671
f 486/486/486 1671/1671/1671 1160/1160/1160
f 1592/1592/1592 541/541/541 1188/1188/1188
f 1592/1592/1592 1188/1188/1188 1671/1671/1671
f 1671/1671/1671 1188/1188/1188 546/546/546
f 1671/1671/1671 546/546/546 1593/1593/1593
f 1160/1160/1160 1671/1671/1671 1593/1593/1593
f 1160/1160/1160 1593/1593/1593 493/493/493
f 520/520/520 1601/1601/1601 1672/1672/1672
f 520/520/520 1672/1672/1672 1171/1171/1171
f 1601/1601/1601 559/559/559 1228/1228/1228
f 1601/1601/1601 1228/1228/1228 1672/1672/1672
f 1672/1672/1672 1228/1228/1228 564/564/564
f 1672/1672/1672 564/564/564 1602/1602/1602
f 1171/1171/1171 1672/1672/1672 1602/1602/1602
f 1171/1171/1171 1602/1602/1602 528/528/528
f 551/551/551 1596/1596/1596 1673/1673/1673
f 551/551/551 1673/1673/1673 1202/1202/1202
f 1596/1596/1596 504/504/504 1125/1125/1125
f 1596/1596/1596 1125/1125/1125 1673/1673/1673
f 1673/1673/1673 1125/1125/1125 498/498/498
f 1673/1673/1673 498/498/498 1595/1595/1595
f 1202/1202/1202 1673/1673/1673 1595/1595/1595
f 1202/1202/1202 1595/1595/1595 547/547/547
f 536/536/536 1607/1607/1607 1674/1674/1674
f 536/536/536 1674/1674/1674 1221/1221/1221
f 1607/1607/1607 4/4/4 565/565/565
f 1607/1607/1607 565/565/565 1674/1674/1674
f 1674/1674/1674 565/565/565 6/6/6
f 1674/1674/1674 6/6/6 1608/1608/1608
f 1221/1221/1221 1674/1674/1674 1608/1608/1608
f 1221/1221/1221 1608/1608/1608 540/540/540
f 12/12/12 1614/1614/1614 1675/1675/1675
f 12/12/12 1675/1675/1675 574/574/574
f 1614/1614/1614 552/552/552 1201/1201/1201
f 1614/1614/1614 1201/1201/1201 1675/1675/1675
f 1675/1675/1675 1201/1201/1201 548/548/548
f 1675/1675/1675 548/548/548 1613/1613/1613
f 574/574/574 1675/1675/1675 1613/1613/1613
f 574/574/574 1613/1613/1613 10/10/10
f 38/38/38 637/637/637 1676/1676/1676
f 38/38/38 1676/1676/1676 586/586/586
f 637/637/637 19/19/19 596/596/596
f 637/637/637 596/596/596 1676/1676/1676
f 1676/1676/1676 596/596/596 26/26/26
f 1676/1676/1676 26/26/26 650/650/650
f 586/586/586 1676/1676/1676 650/650/650
f 586/586/586 650/650/650 31/31/31
f 554/554/554 1616/1616/1616 1677/1677/1677
f 554/554/554 1677/1677/1677 1241/1241/1241
f 1616/1616/1616 13/13/13 569/569/569
f 1616/1616/1616 569/569/569 1677/1677/1677
f 1677/1677/1677 569/569/569 15/15/15
f 1677/1677/1677 15/15/15 1617/1617/1617
f 1241/1241/1241 1677/1677/1677 1617/1617/1617
f 1241/1241/1241 1617/1617/1617 558/558/558
f 533/533/533 1604/1604/1604 1678/1678/1678
f 533/533/533 1678/1678/1678 1209/1209/1209
f 1604/1604/1604 3/3/3 576/576/576
f 1604/1604/1604 576/576/576 1678/1678/1678
f 1678/1678/1678 576/576/576 2/2/2
f 1678/1678/1678 2/2/2 1606/1606/1606
f 1209/1209/1209 1678/1678/1678 1606/1606/1606
f 1209/1209/1209 1606/1606/1606 531/531/531
f 9/9/9 1611/1611/1611 1679/1679/1679
f 9/9/9 1679/1679/1679 568/568/568
f 1611/1611/1611 545/545/545 1185/1185/1185
f 1611/1611/1611 1185/1185/1185 1679/1679/1679
f 1679/1679/1679 1185/1185/1185 542/542/542
f 1679/1679/1679 542/542/542 1610/1610/1610
f 568/568/568 1679/1679/1679 1610/1610/1610
f 568/568/568 1610/1610/1610 7/7/7
f 18/18/18 1620/1620/1620 1680/1680/1680
f 18/18/18 1680/1680/1680 572/572/572
f 1620/1620/1620 563/563/563 1225/1225/1225
f 1620/1620/1620 1225/1225/1225 1680/1680/1680
f 1680/1680/1680 1225/1225/1225 560/560/560
f 1680/1680/1680 560/560/560 1619/1619/1619
f 572/572/572 1680/1680/1680 1619/1619/1619
f 572/572/572 1619/1619/1619 16/16/16
f 20/20/20 638/638/638 1681/1681/1681
f 20/20/20 1681/1681/1681 588/588/588
f 638/638/638 81/81/81 629/629/629
f 638/638/638 629/629/629 1681/1681/1681
f 1681/1681/1681 629/629/629 76/76/76
f 1681/1681/1681 76/76/76 651/651/651
f 588/588/588 1681/1681/1681 651/651/651
f 588/588/588 651/651/651 23/23/23
f 60/60/60 640/640/640 1682/1682/1682
f 60/60/60 1682/1682/1682 616/616/616
f 640/640/640 48/48/48 599/599/599
f 640/640/640 599/599/599 1682/1682/1682
f 1682/1682/1682 599/599/599 44/44/44
f 1682/1682/1682 44/44/44 656/656/656
f 616/616/616 1682/1682/1682 656/656/656
f 616/616/616 656/656/656 53/53/53
f 71/71/71 641/641/641 1683/1683/1683
f 71/71/71 1683/1683/1683 626/626/626
f 641/641/641 59/59/59 609/609/609
f 641/641/641 609/609/609 1683/1683/1683
f 1683/1683/1683 609/609/609 54/54/54
f 1683/1683/1683 54/54/54 657/657/657
f 626/626/626 1683/1683/1683 657/657/657
f 626/626/626 657/657/657 63/63/63
f 82/82/82 642/642/642 1684/1684/1684
f 82/82/82 1684/1684/1684 636/636/636
f 642/642/642 70/70/70 619/619/619
f 642/642/642 619/619/619 1684/1684/1684
f 1684/1684/1684 619/619/619 65/65/65
f 1684/1684/1684 65/65/65 659/659/659
f 636/636/636 1684/1684/1684 659/659/659
f 636/636/636 659/659/659 74/74/74
f 49/49/49 639/639/639 1685/1685/1685
f 49/49/49 1685/1685/1685 606/606/606
f 639/639/639 37/37/37 579/579/579
f 639/639/639 579/579/579 1685/1685/1685
f 1685/1685/1685 579/579/579 33/33/33
f 1685/1685/1685 33/33/33 654/654/654
f 606/606/606 1685/1685/1685 654/654/654
f 606/606/606 654/654/654 42/42/42
f 426/426/426 1530/1530/1530 1686/1686/1686
f 426/426/426 1686/1686/1686 1108/1108/1108
f 1530/1530/1530 380/380/380 1115/1115/1115
f 1530/1530/1530 1115/1115/1115 1686/1686/1686
f 1686/1686/1686 1115/1115/1115 386/386/386
f 1686/1686/1686 386/386/386 1532/1532/1532
f 1108/1108/1108 1686/1686/1686 1532/1532/1532
f 1108/1108/1108 1532/1532/1532 428/428/428
f 186/186/186 1374/1374/1374 1687/1687/1687
f 186/186/186 1687/1687/1687 820/820/820
f 1374/1374/1374 140/140/140 827/827/827
f 1374/1374/1374 827/827/827 1687/1687/1687
f 1687/1687/1687 827/827/827 146/146/146
f 1687/1687/1687 146/146/146 1376/1376/1376
f 820/820/820 1687/1687/1687 1376/1376/1376
f 820/820/820 1376/1376/1376 188/188/188
f 150/150/150 1257/1257/1257 1688/1688/1688
f 150/150/150 1688/1688/1688 1380/1380/1380
f 1257/1257/1257 140/140/140 1374/1374/1374
f 1257/1257/1257 1374/1374/1374 1688/1688/1688
f 1688/1688/1688 1374/1374/1374 186/186/186
f 1688/1688/1688 186/186/186 1263/1263/1263
f 1380/1380/1380 1688/1688/1688 1263/1263/1263
f 1380/1380/1380 1263/1263/1263 191/191/191
f 158/158/158 1392/1392/1392 1689/1689/1689
f 158/158/158 1689/1689/1689 793/793/793
f 1392/1392/1392 345/345/345 990/990/990
f 1392/1392/1392 990/990/990 1689/1689/1689
f 1689/1689/1689 990/990/990 342/342/342
f 1689/1689/1689 342/342/342 1383/1383/1383
f 793/793/793 1689/1689/1689 1383/1383/1383
f 793/793/793 1383/1383/1383 156/156/156
f 144/144/144 1378/1378/1378 1690/1690/1690
f 144/144/144 1690/1690/1690 831/831/831
f 1378/1378/1378 363/363/363 1008/1008/1008
f 1378/1378/1378 1008/1008/1008 1690/1690/1690
f 1690/1690/1690 1008/1008/1008 360/360/360
f 1690/1690/1690 360/360/360 1365/1365/1365
f 831/831/831 1690/1690/1690 1365/1365/1365
f 831/831/831 1365/1365/1365 142/142/142
f 167/167/167 1396/1396/1396 1691/1691/1691
f 167/167/167 1691/1691/1691 724/724/724
f 1396/1396/1396 336/336/336 999/999/999
f 1396/1396/1396 999/999/999 1691/1691/1691
f 1691/1691/1691 999/999/999 333/333/333
f 1691/1691/1691 333/333/333 1393/1393/1393
f 724/724/724 1691/1691/1691 1393/1393/1393
f 724/724/724 1393/1393/1393 163/163/163
f 9/9/9 1512/1512/1512 1692/1692/1692
f 9/9/9 1692/1692/1692 567/567/567
f 1512/1512/1512 354/354/354 970/970/970
f 1512/1512/1512 970/970/970 1692/1692/1692
f 1692/1692/1692 970/970/970 348/348/348
f 1692/1692/1692 348/348/348 1511/1511/1511
f 567/567/567 1692/1692/1692 1511/1511/1511
f 567/567/567 1511/1511/1511 8/8/8
f 6/6/6 1515/1515/1515 1693/1693/1693
f 6/6/6 1693/1693/1693 566/566/566
f 1515/1515/1515 361/361/361 1001/1001/1001
f 1515/1515/1515 1001/1001/1001 1693/1693/1693
f 1693/1693/1693 1001/1001/1001 357/357/357
f 1693/1693/1693 357/357/357 1514/1514/1514
f 566/566/566 1693/1693/1693 1514/1514/1514
f 566/566/566 1514/1514/1514 5/5/5
f 3/3/3 1518/1518/1518 1694/1694/1694
f 3/3/3 1694/1694/1694 576/576/576
f 1518/1518/1518 372/372/372 979/979/979
f 1518/1518/1518 979/979/979 1694/1694/1694
f 1694/1694/1694 979/979/979 366/366/366
f 1694/1694/1694 366/366/366 1517/1517/1517
f 576/576/576 1694/1694/1694 1517/1517/1517
f 576/576/576 1517/1517/1517 2/2/2
f 378/378/378 1523/1523/1523 1695/1695/1695
f 378/378/378 1695/1695/1695 1100/1100/1100
f 1523/1523/1523 422/422/422 1103/1103/1103
f 1523/1523/1523 1103/1103/1103 1695/1695/1695
f 1695/1695/1695 1103/1103/1103 418/418/418
f 1695/1695/1695 418/418/418 1524/1524/1524
f 1100/1100/1100 1695/1695/1695 1524/1524/1524
f 1100/1100/1100 1524/1524/1524 373/373/373
f 12/12/12 1509/1509/1509 1696/1696/1696
f 12/12/12 1696/1696/1696 573/573/573
f 1509/1509/1509 343/343/343 983/983/983
f 1509/1509/1509 983/983/983 1696/1696/1696
f 1696/1696/1696 983/983/983 339/339/339
f 1696/1696/1696 339/339/339 1508/1508/1508
f 573/573/573 1696/1696/1696 1508/1508/1508
f 573/573/573 1508/1508/1508 11/11/11
f 16/16/16 1504/1504/1504 1697/1697/1697
f 16/16/16 1697/1697/1697 572/572/572
f 1504/1504/1504 322/322/322 956/956/956
f 1504/1504/1504 956/956/956 1697/1697/1697
f 1697/1697/1697 956/956/956 327/327/327
f 1697/1697/1697 327/327/327 1501/1501/1501
f 572/572/572 1697/1697/1697 1501/1501/1501
f 572/572/572 1501/1501/1501 18/18/18
f 218/218/218 1373/1373/1373 1698/1698/1698
f 218/218/218 1698/1698/1698 744/744/744
f 1373/1373/1373 168/168/168 751/751/751
f 1373/1373/1373 751/751/751 1698/1698/1698
f 1698/1698/1698 751/751/751 174/174/174
f 1698/1698/1698 174/174/174 1403/1403/1403
f 744/744/744 1698/1698/1698 1403/1403/1403
f 744/744/744 1403/1403/1403 220/220/220
f 171/171/171 1278/1278/1278 1699/1699/1699
f 171/171/171 1699/1699/1699 1401/1401/1401
f 1278/1278/1278 161/161/161 1400/1400/1400
f 1278/1278/1278 1400/1400/1400 1699/1699/1699
f 1699/1699/1699 1400/1400/1400 210/210/210
f 1699/1699/1699 210/210/210 1284/1284/1284
f 1401/1401/1401 1699/1699/1699 1284/1284/1284
f 1401/1401/1401 1284/1284/1284 215/215/215
f 326/326/326 1404/1404/1404 1700/1700/1700
f 326/326/326 1700/1700/1700 963/963/963
f 1404/1404/1404 172/172/172 747/747/747
f 1404/1404/1404 747/747/747 1700/1700/1700
f 1700/1700/1700 747/747/747 169/169/169
f 1700/1700/1700 169/169/169 1372/1372/1372
f 963/963/963 1700/1700/1700 1372/1372/1372
f 963/963/963 1372/1372/1372 320/320/320
f 227/227/227 1405/1405/1405 1701/1701/1701
f 227/227/227 1701/1701/1701 858/858/858
f 1405/1405/1405 179/179/179 805/805/805
f 1405/1405/1405 805/805/805 1701/1701/1701
f 1701/1701/1701 805/805/805 176/176/176
f 1701/1701/1701 176/176/176 1407/1407/1407
f 858/858/858 1701/1701/1701 1407/1407/1407
f 858/858/858 1407/1407/1407 223/223/223
f 202/202/202 1388/1388/1388 1702/1702/1702
f 202/202/202 1702/1702/1702 782/782/782
f 1388/1388/1388 154/154/154 789/789/789
f 1388/1388/1388 789/789/789 1702/1702/1702
f 1702/1702/1702 789/789/789 159/159/159
f 1702/1702/1702 159/159/159 1389/1389/1389
f 782/782/782 1702/1702/1702 1389/1389/1389
f 782/782/782 1389/1389/1389 203/203/203
f 157/157/157 1264/1264/1264 1703/1703/1703
f 157/157/157 1703/1703/1703 1387/1387/1387
f 1264/1264/1264 147/147/147 1386/1386/1386
f 1264/1264/1264 1386/1386/1386 1703/1703/1703
f 1703/1703/1703 1386/1386/1386 194/194/194
f 1703/1703/1703 194/194/194 1270/1270/1270
f 1387/1387/1387 1703/1703/1703 1270/1270/1270
f 1387/1387/1387 1270/1270/1270 199/199/199
f 155/155/155 1391/1391/1391 1704/1704/1704
f 155/155/155 1704/1704/1704 785/785/785
f 1391/1391/1391 338/338/338 986/986/986
f 1391/1391/1391 986/986/986 1704/1704/1704
f 1704/1704/1704 986/986/986 345/345/345
f 1704/1704/1704 345/345/345 1392/1392/1392
f 785/785/785 1704/1704/1704 1392/1392/1392
f 785/785/785 1392/1392/1392 158/158/158
f 162/162/162 1395/1395/1395 1705/1705/1705
f 162/162/162 1705/1705/1705 735/735/735
f 1395/1395/1395 329/329/329 995/995/995
f 1395/1395/1395 995/995/995 1705/1705/1705
f 1705/1705/1705 995/995/995 336/336/336
f 1705/1705/1705 336/336/336 1396/1396/1396
f 735/735/735 1705/1705/1705 1396/1396/1396
f 735/735/735 1396/1396/1396 167/167/167
f 169/169/169 1248/1248/1248 1706/1706/1706
f 169/169/169 1706/1706/1706 1372/1372/1372
f 1248/1248/1248 135/135/135 1370/1370/1370
f 1248/1248/1248 1370/1370/1370 1706/1706/1706
f 1706/1706/1706 1370/1370/1370 369/369/369
f 1706/1706/1706 369/369/369 1256/1256/1256
f 1372/1372/1372 1706/1706/1706 1256/1256/1256
f 1372/1372/1372 1256/1256/1256 320/320/320
f 143/143/143 1243/1243/1243 1707/1707/1707
f 143/143/143 1707/1707/1707 1369/1369/1369
f 1243/1243/1243 133/133/133 1368/1368/1368
f 1243/1243/1243 1368/1368/1368 1707/1707/1707
f 1707/1707/1707 1368/1368/1368 178/178/178
f 1707/1707/1707 178/178/178 1253/1253/1253
f 1369/1369/1369 1707/1707/1707 1253/1253/1253
f 1369/1369/1369 1253/1253/1253 183/183/183
f 141/141/141 1377/1377/1377 1708/1708/1708
f 141/141/141 1708/1708/1708 823/823/823
f 1377/1377/1377 356/356/356 1004/1004/1004
f 1377/1377/1377 1004/1004/1004 1708/1708/1708
f 1708/1708/1708 1004/1004/1004 363/363/363
f 1708/1708/1708 363/363/363 1378/1378/1378
f 823/823/823 1708/1708/1708 1378/1378/1378
f 823/823/823 1378/1378/1378 144/144/144
f 353/353/353 1381/1381/1381 1709/1709/1709
f 353/353/353 1709/1709/1709 972/972/972
f 1381/1381/1381 153/153/153 773/773/773
f 1381/1381/1381 773/773/773 1709/1709/1709
f 1709/1709/1709 773/773/773 148/148/148
f 1709/1709/1709 148/148/148 1382/1382/1382
f 972/972/972 1709/1709/1709 1382/1382/1382
f 972/972/972 1382/1382/1382 347/347/347
f 222/222/222 1428/1428/1428 1710/1710/1710
f 222/222/222 1710/1710/1710 742/742/742
f 1428/1428/1428 270/270/270 846/846/846
f 1428/1428/1428 846/846/846 1710/1710/1710
f 1710/1710/1710 846/846/846 266/266/266
f 1710/1710/1710 266/266/266 1408/1408/1408
f 742/742/742 1710/1710/1710 1408/1408/1408
f 742/742/742 1408/1408/1408 217/217/217
f 224/224/224 1429/1429/1429 1711/1711/1711
f 224/224/224 1711/1711/1711 857/857/857
f 1429/1429/1429 85/85/85 697/697/697
f 1429/1429/1429 697/697/697 1711/1711/1711
f 1711/1711/1711 697/697/697 91/91/91
f 1711/1711/1711 91/91/91 1430/1430/1430
f 857/857/857 1711/1711/1711 1430/1430/1430
f 857/857/857 1430/1430/1430 229/229/229
f 184/184/184 1252/1252/1252 1712/1712/1712
f 184/184/184 1712/1712/1712 1410/1410/1410
f 1252/1252/1252 177/177/177 1409/1409/1409
f 1252/1252/1252 1409/1409/1409 1712/1712/1712
f 1712/1712/1712 1409/1409/1409 226/226/226
f 1712/1712/1712 226/226/226 1286/1286/1286
f 1410/1410/1410 1712/1712/1712 1286/1286/1286
f 1410/1410/1410 1286/1286/1286 231/231/231
f 176/176/176 1250/1250/1250 1713/1713/1713
f 176/176/176 1713/1713/1713 1407/1407/1407
f 1250/1250/1250 217/217/217 1408/1408/1408
f 1250/1250/1250 1408/1408/1408 1713/1713/1713
f 1713/1713/1713 1408/1408/1408 266/266/266
f 1713/1713/1713 266/266/266 1288/1288/1288
f 1407/1407/1407 1713/1713/1713 1288/1288/1288
f 1407/1407/1407 1288/1288/1288 223/223/223
f 205/205/205 1419/1419/1419 1714/1714/1714
f 205/205/205 1714/1714/1714 780/780/780
f 1419/1419/1419 253/253/253 870/870/870
f 1419/1419/1419 870/870/870 1714/1714/1714
f 1714/1714/1714 870/870/870 250/250/250
f 1714/1714/1714 250/250/250 1421/1421/1421
f 780/780/780 1714/1714/1714 1421/1421/1421
f 780/780/780 1421/1421/1421 201/201/201
f 208/208/208 1276/1276/1276 1715/1715/1715
f 208/208/208 1715/1715/1715 1422/1422/1422
f 1276/1276/1276 201/201/201 1421/1421/1421
f 1276/1276/1276 1421/1421/1421 1715/1715/1715
f 1715/1715/1715 1421/1421/1421 250/250/250
f 1715/1715/1715 250/250/250 1294/1294/1294
f 1422/1422/1422 1715/1715/1715 1294/1294/1294
f 1422/1422/1422 1294/1294/1294 255/255/255
f 216/216/216 1283/1283/1283 1716/1716/1716
f 216/216/216 1716/1716/1716 1426/1426/1426
f 1283/1283/1283 209/209/209 1425/1425/1425
f 1283/1283/1283 1425/1425/1425 1716/1716/1716
f 1716/1716/1716 1425/1425/1425 258/258/258
f 1716/1716/1716 258/258/258 1296/1296/1296
f 1426/1426/1426 1716/1716/1716 1296/1296/1296
f 1426/1426/1426 1296/1296/1296 263/263/263
f 258/258/258 1425/1425/1425 1717/1717/1717
f 258/258/258 1717/1717/1717 878/878/878
f 1425/1425/1425 209/209/209 737/737/737
f 1425/1425/1425 737/737/737 1717/1717/1717
f 1717/1717/1717 737/737/737 211/211/211
f 1717/1717/1717 211/211/211 1423/1423/1423
f 878/878/878 1717/1717/1717 1423/1423/1423
f 878/878/878 1423/1423/1423 259/259/259
f 190/190/190 1412/1412/1412 1718/1718/1718
f 190/190/190 1718/1718/1718 818/818/818
f 1412/1412/1412 238/238/238 894/894/894
f 1412/1412/1412 894/894/894 1718/1718/1718
f 1718/1718/1718 894/894/894 234/234/234
f 1718/1718/1718 234/234/234 1413/1413/1413
f 818/818/818 1718/1718/1718 1413/1413/1413
f 818/818/818 1413/1413/1413 185/185/185
f 192/192/192 1262/1262/1262 1719/1719/1719
f 192/192/192 1719/1719/1719 1414/1414/1414
f 1262/1262/1262 185/185/185 1413/1413/1413
f 1262/1262/1262 1413/1413/1413 1719/1719/1719
f 1719/1719/1719 1413/1413/1413 234/234/234
f 1719/1719/1719 234/234/234 1290/1290/1290
f 1414/1414/1414 1719/1719/1719 1290/1290/1290
f 1414/1414/1414 1290/1290/1290 239/239/239
f 200/200/200 1269/1269/1269 1720/1720/1720
f 200/200/200 1720/1720/1720 1418/1418/1418
f 1269/1269/1269 193/193/193 1417/1417/1417
f 1269/1269/1269 1417/1417/1417 1720/1720/1720
f 1720/1720/1720 1417/1417/1417 242/242/242
f 1720/1720/1720 242/242/242 1292/1292/1292
f 1418/1418/1418 1720/1720/1720 1292/1292/1292
f 1418/1418/1418 1292/1292/1292 247/247/247
f 242/242/242 1417/1417/1417 1721/1721/1721
f 242/242/242 1721/1721/1721 902/902/902
f 1417/1417/1417 193/193/193 775/775/775
f 1417/1417/1417 775/775/775 1721/1721/1721
f 1721/1721/1721 775/775/775 195/195/195
f 1721/1721/1721 195/195/195 1415/1415/1415
f 902/902/902 1721/1721/1721 1415/1415/1415
f 902/902/902 1415/1415/1415 243/243/243
f 70/70/70 1493/1493/1493 1722/1722/1722
f 70/70/70 1722/1722/1722 620/620/620
f 1493/1493/1493 305/305/305 933/933/933
f 1493/1493/1493 933/933/933 1722/1722/1722
f 1722/1722/1722 933/933/933 309/309/309
f 1722/1722/1722 309/309/309 1489/1489/1489
f 620/620/620 1722/1722/1722 1489/1489/1489
f 620/620/620 1489/1489/1489 72/72/72
f 306/306/306 1496/1496/1496 1723/1723/1723
f 306/306/306 1723/1723/1723 935/935/935
f 1496/1496/1496 119/119/119 666/666/666
f 1496/1496/1496 666/666/666 1723/1723/1723
f 1723/1723/1723 666/666/666 121/121/121
f 1723/1723/1723 121/121/121 1491/1491/1491
f 935/935/935 1723/1723/1723 1491/1491/1491
f 935/935/935 1491/1491/1491 307/307/307
f 18/18/18 1501/1501/1501 1724/1724/1724
f 18/18/18 1724/1724/1724 571/571/571
f 1501/1501/1501 327/327/327 961/961/961
f 1501/1501/1501 961/961/961 1724/1724/1724
f 1724/1724/1724 961/961/961 321/321/321
f 1724/1724/1724 321/321/321 1502/1502/1502
f 571/571/571 1724/1724/1724 1502/1502/1502
f 571/571/571 1502/1502/1502 17/17/17
f 48/48/48 1477/1477/1477 1725/1725/1725
f 48/48/48 1725/1725/1725 600/600/600
f 1477/1477/1477 289/289/289 949/949/949
f 1477/1477/1477 949/949/949 1725/1725/1725
f 1725/1725/1725 949/949/949 293/293/293
f 1725/1725/1725 293/293/293 1473/1473/1473
f 600/600/600 1725/1725/1725 1473/1473/1473
f 600/600/600 1473/1473/1473 50/50/50
f 290/290/290 1480/1480/1480 1726/1726/1726
f 290/290/290 1726/1726/1726 951/951/951
f 1480/1480/1480 103/103/103 682/682/682
f 1480/1480/1480 682/682/682 1726/1726/1726
f 1726/1726/1726 682/682/682 105/105/105
f 1726/1726/1726 105/105/105 1475/1475/1475
f 951/951/951 1726/1726/1726 1475/1475/1475
f 951/951/951 1475/1475/1475 291/291/291
f 115/115/115 1483/1483/1483 1727/1727/1727
f 115/115/115 1727/1727/1727 687/687/687
f 1483/1483/1483 301/301/301 930/930/930
f 1483/1483/1483 930/930/930 1727/1727/1727
f 1727/1727/1727 930/930/930 298/298/298
f 1727/1727/1727 298/298/298 1488/1488/1488
f 687/687/687 1727/1727/1727 1488/1488/1488
f 687/687/687 1488/1488/1488 111/111/111
f 73/73/73 1490/1490/1490 1728/1728/1728
f 73/73/73 1728/1728/1728 625/625/625
f 1490/1490/1490 310/310/310 937/937/937
f 1490/1490/1490 937/937/937 1728/1728/1728
f 1728/1728/1728 937/937/937 304/304/304
f 1728/1728/1728 304/304/304 1486/1486/1486
f 625/625/625 1728/1728/1728 1486/1486/1486
f 625/625/625 1486/1486/1486 71/71/71
f 278/278/278 1455/1455/1455 1729/1729/1729
f 278/278/278 1729/1729/1729 917/917/917
f 1455/1455/1455 22/22/22 593/593/593
f 1455/1455/1455 593/593/593 1729/1729/1729
f 1729/1729/1729 593/593/593 19/19/19
f 1729/1729/1729 19/19/19 1461/1461/1461
f 917/917/917 1729/1729/1729 1461/1461/1461
f 917/917/917 1461/1461/1461 273/273/273
f 274/274/274 1464/1464/1464 1730/1730/1730
f 274/274/274 1730/1730/1730 919/919/919
f 1464/1464/1464 87/87/87 698/698/698
f 1464/1464/1464 698/698/698 1730/1730/1730
f 1730/1730/1730 698/698/698 90/90/90
f 1730/1730/1730 90/90/90 1460/1460/1460
f 919/919/919 1730/1730/1730 1460/1460/1460
f 919/919/919 1460/1460/1460 276/276/276
f 100/100/100 1468/1468/1468 1731/1731/1731
f 100/100/100 1731/1731/1731 703/703/703
f 1468/1468/1468 286/286/286 946/946/946
f 1468/1468/1468 946/946/946 1731/1731/1731
f 1731/1731/1731 946/946/946 282/282/282
f 1731/1731/1731 282/282/282 1472/1472/1472
f 703/703/703 1731/1731/1731 1472/1472/1472
f 703/703/703 1472/1472/1472 95/95/95
f 51/51/51 1474/1474/1474 1732/1732/1732
f 51/51/51 1732/1732/1732 605/605/605
f 1474/1474/1474 294/294/294 953/953/953
f 1474/1474/1474 953/953/953 1732/1732/1732
f 1732/1732/1732 953/953/953 288/288/288
f 1732/1732/1732 288/288/288 1470/1470/1470
f 605/605/605 1732/1732/1732 1470/1470/1470
f 605/605/605 1470/1470/1470 49/49/49
f 128/128/128 1432/1432/1432 1733/1733/1733
f 128/128/128 1733/1733/1733 673/673/673
f 1432/1432/1432 265/265/265 843/843/843
f 1432/1432/1432 843/843/843 1733/1733/1733
f 1733/1733/1733 843/843/843 268/268/268
f 1733/1733/1733 268/268/268 1452/1452/1452
f 673/673/673 1733/1733/1733 1452/1452/1452
f 673/673/673 1452/1452/1452 130/130/130
f 272/272/272 1453/1453/1453 1734/1734/1734
f 272/272/272 1734/1734/1734 921/921/921
f 1453/1453/1453 20/20/20 587/587/587
f 1453/1453/1453 587/587/587 1734/1734/1734
f 1734/1734/1734 587/587/587 21/21/21
f 1734/1734/1734 21/21/21 1454/1454/1454
f 921/921/921 1734/1734/1734 1454/1454/1454
f 921/921/921 1454/1454/1454 277/277/277
f 232/232/232 1285/1285/1285 1735/1735/1735
f 232/232/232 1735/1735/1735 1434/1434/1434
f 1285/1285/1285 225/225/225 1433/1433/1433
f 1285/1285/1285 1433/1433/1433 1735/1735/1735
f 1735/1735/1735 1433/1433/1433 88/88/88
f 1735/1735/1735 88/88/88 710/710/710
f 1434/1434/1434 1735/1735/1735 710/710/710
f 1434/1434/1434 710/710/710 93/93/93
f 275/275/275 1459/1459/1459 1736/1736/1736
f 275/275/275 1736/1736/1736 922/922/922
f 1459/1459/1459 89/89/89 694/694/694
f 1459/1459/1459 694/694/694 1736/1736/1736
f 1736/1736/1736 694/694/694 86/86/86
f 1736/1736/1736 86/86/86 1457/1457/1457
f 922/922/922 1736/1736/1736 1457/1457/1457
f 922/922/922 1457/1457/1457 271/271/271
f 112/112/112 1445/1445/1445 1737/1737/1737
f 112/112/112 1737/1737/1737 689/689/689
f 1445/1445/1445 249/249/249 867/867/867
f 1445/1445/1445 867/867/867 1737/1737/1737
f 1737/1737/1737 867/867/867 251/251/251
f 1737/1737/1737 251/251/251 1443/1443/1443
f 689/689/689 1737/1737/1737 1443/1443/1443
f 689/689/689 1443/1443/1443 113/113/113
f 256/256/256 1293/1293/1293 1738/1738/1738
f 256/256/256 1738/1738/1738 1446/1446/1446
f 1293/1293/1293 249/249/249 1445/1445/1445
f 1293/1293/1293 1445/1445/1445 1738/1738/1738
f 1738/1738/1738 1445/1445/1445 112/112/112
f 1738/1738/1738 112/112/112 718/718/718
f 1446/1446/1446 1738/1738/1738 718/718/718
f 1446/1446/1446 718/718/718 117/117/117
f 264/264/264 1295/1295/1295 1739/1739/1739
f 264/264/264 1739/1739/1739 1450/1450/1450
f 1295/1295/1295 257/257/257 1449/1449/1449
f 1295/1295/1295 1449/1449/1449 1739/1739/1739
f 1739/1739/1739 1449/1449/1449 120/120/120
f 1739/1739/1739 120/120/120 720/720/720
f 1450/1450/1450 1739/1739/1739 720/720/720
f 1450/1450/1450 720/720/720 125/125/125
f 312/312/312 1494/1494/1494 1740/1740/1740
f 312/312/312 1740/1740/1740 908/908/908
f 1494/1494/1494 82/82/82 635/635/635
f 1494/1494/1494 635/635/635 1740/1740/1740
f 1740/1740/1740 635/635/635 83/83/83
f 1740/1740/1740 83/83/83 1497/1497/1497
f 908/908/908 1740/1740/1740 1497/1497/1497
f 908/908/908 1497/1497/1497 315/315/315
f 96/96/96 1437/1437/1437 1741/1741/1741
f 96/96/96 1741/1741/1741 705/705/705
f 1437/1437/1437 233/233/233 891/891/891
f 1437/1437/1437 891/891/891 1741/1741/1741
f 1741/1741/1741 891/891/891 236/236/236
f 1741/1741/1741 236/236/236 1436/1436/1436
f 705/705/705 1741/1741/1741 1436/1436/1436
f 705/705/705 1436/1436/1436 98/98/98
f 240/240/240 1289/1289/1289 1742/1742/1742
f 240/240/240 1742/1742/1742 1438/1438/1438
f 1289/1289/1289 233/233/233 1437/1437/1437
f 1289/1289/1289 1437/1437/1437 1742/1742/1742
f 1742/1742/1742 1437/1437/1437 96/96/96
f 1742/1742/1742 96/96/96 714/714/714
f 1438/1438/1438 1742/1742/1742 714/714/714
f 1438/1438/1438 714/714/714 101/101/101
f 248/248/248 1291/1291/1291 1743/1743/1743
f 248/248/248 1743/1743/1743 1442/1442/1442
f 1291/1291/1291 241/241/241 1441/1441/1441
f 1291/1291/1291 1441/1441/1441 1743/1743/1743
f 1743/1743/1743 1441/1441/1441 104/104/104
f 1743/1743/1743 104/104/104 716/716/716
f 1442/1442/1442 1743/1743/1743 716/716/716
f 1442/1442/1442 716/716/716 109/109/109
f 62/62/62 1482/1482/1482 1744/1744/1744
f 62/62/62 1744/1744/1744 615/615/615
f 1482/1482/1482 300/300/300 924/924/924
f 1482/1482/1482 924/924/924 1744/1744/1744
f 1744/1744/1744 924/924/924 296/296/296
f 1744/1744/1744 296/296/296 1478/1478/1478
f 615/615/615 1744/1744/1744 1478/1478/1478
f 615/615/615 1478/1478/1478 60/60/60
f 219/219/219 1402/1402/1402 1745/1745/1745
f 219/219/219 1745/1745/1745 754/754/754
f 1402/1402/1402 173/173/173 758/758/758
f 1402/1402/1402 758/758/758 1745/1745/1745
f 1745/1745/1745 758/758/758 171/171/171
f 1745/1745/1745 171/171/171 1401/1401/1401
f 754/754/754 1745/1745/1745 1401/1401/1401
f 754/754/754 1401/1401/1401 215/215/215
f 324/324/324 1397/1397/1397 1746/1746/1746
f 324/324/324 1746/1746/1746 959/959/959
f 1397/1397/1397 170/170/170 755/755/755
f 1397/1397/1397 755/755/755 1746/1746/1746
f 1746/1746/1746 755/755/755 172/172/172
f 1746/1746/1746 172/172/172 1404/1404/1404
f 959/959/959 1746/1746/1746 1404/1404/1404
f 959/959/959 1404/1404/1404 326/326/326
f 150/150/150 1380/1380/1380 1747/1747/1747
f 150/150/150 1747/1747/1747 765/765/765
f 1380/1380/1380 191/191/191 770/770/770
f 1380/1380/1380 770/770/770 1747/1747/1747
f 1747/1747/1747 770/770/770 198/198/198
f 1747/1747/1747 198/198/198 1385/1385/1385
f 765/765/765 1747/1747/1747 1385/1385/1385
f 765/765/765 1385/1385/1385 152/152/152
f 148/148/148 1265/1265/1265 1748/1748/1748
f 148/148/148 1748/1748/1748 1382/1382/1382
f 1265/1265/1265 156/156/156 1383/1383/1383
f 1265/1265/1265 1383/1383/1383 1748/1748/1748
f 1748/1748/1748 1383/1383/1383 342/342/342
f 1748/1748/1748 342/342/342 1268/1268/1268
f 1382/1382/1382 1748/1748/1748 1268/1268/1268
f 1382/1382/1382 1268/1268/1268 347/347/347
f 136/136/136 1371/1371/1371 1749/1749/1749
f 136/136/136 1749/1749/1749 803/803/803
f 1371/1371/1371 175/175/175 808/808/808
f 1371/1371/1371 808/808/808 1749/1749/1749
f 1749/1749/1749 808/808/808 181/181/181
f 1749/1749/1749 181/181/181 1366/1366/1366
f 803/803/803 1749/1749/1749 1366/1366/1366
f 803/803/803 1366/1366/1366 137/137/137
f 134/134/134 1244/1244/1244 1750/1750/1750
f 134/134/134 1750/1750/1750 1364/1364/1364
f 1244/1244/1244 142/142/142 1365/1365/1365
f 1244/1244/1244 1365/1365/1365 1750/1750/1750
f 1750/1750/1750 1365/1365/1365 360/360/360
f 1750/1750/1750 360/360/360 1247/1247/1247
f 1364/1364/1364 1750/1750/1750 1247/1247/1247
f 1364/1364/1364 1247/1247/1247 365/365/365
f 155/155/155 1272/1272/1272 1751/1751/1751
f 155/155/155 1751/1751/1751 1391/1391/1391
f 1272/1272/1272 163/163/163 1393/1393/1393
f 1272/1272/1272 1393/1393/1393 1751/1751/1751
f 1751/1751/1751 1393/1393/1393 333/333/333
f 1751/1751/1751 333/333/333 1275/1275/1275
f 1391/1391/1391 1751/1751/1751 1275/1275/1275
f 1391/1391/1391 1275/1275/1275 338/338/338
f 204/204/204 1390/1390/1390 1752/1752/1752
f 204/204/204 1752/1752/1752 792/792/792
f 1390/1390/1390 160/160/160 796/796/796
f 1390/1390/1390 796/796/796 1752/1752/1752
f 1752/1752/1752 796/796/796 157/157/157
f 1752/1752/1752 157/157/157 1387/1387/1387
f 792/792/792 1752/1752/1752 1387/1387/1387
f 792/792/792 1387/1387/1387 199/199/199
f 162/162/162 1279/1279/1279 1753/1753/1753
f 162/162/162 1753/1753/1753 1395/1395/1395
f 1279/1279/1279 170/170/170 1397/1397/1397
f 1279/1279/1279 1397/1397/1397 1753/1753/1753
f 1753/1753/1753 1397/1397/1397 324/324/324
f 1753/1753/1753 324/324/324 1282/1282/1282
f 1395/1395/1395 1753/1753/1753 1282/1282/1282
f 1395/1395/1395 1282/1282/1282 329/329/329
f 164/164/164 1394/1394/1394 1754/1754/1754
f 164/164/164 1754/1754/1754 727/727/727
f 1394/1394/1394 207/207/207 732/732/732
f 1394/1394/1394 732/732/732 1754/1754/1754
f 1754/1754/1754 732/732/732 214/214/214
f 1754/1754/1754 214/214/214 1399/1399/1399
f 727/727/727 1754/1754/1754 1399/1399/1399
f 727/727/727 1399/1399/1399 166/166/166
f 141/141/141 1258/1258/1258 1755/1755/1755
f 141/141/141 1755/1755/1755 1377/1377/1377
f 1258/1258/1258 149/149/149 1379/1379/1379
f 1258/1258/1258 1379/1379/1379 1755/1755/1755
f 1755/1755/1755 1379/1379/1379 351/351/351
f 1755/1755/1755 351/351/351 1261/1261/1261
f 1377/1377/1377 1755/1755/1755 1261/1261/1261
f 1377/1377/1377 1261/1261/1261 356/356/356
f 187/187/187 1375/1375/1375 1756/1756/1756
f 187/187/187 1756/1756/1756 830/830/830
f 1375/1375/1375 145/145/145 834/834/834
f 1375/1375/1375 834/834/834 1756/1756/1756
f 1756/1756/1756 834/834/834 143/143/143
f 1756/1756/1756 143/143/143 1369/1369/1369
f 830/830/830 1756/1756/1756 1369/1369/1369
f 830/830/830 1369/1369/1369 183/183/183
f 458/458/458 1529/1529/1529 1757/1757/1757
f 458/458/458 1757/1757/1757 1032/1032/1032
f 1529/1529/1529 408/408/408 1039/1039/1039
f 1529/1529/1529 1039/1039/1039 1757/1757/1757
f 1757/1757/1757 1039/1039/1039 414/414/414
f 1757/1757/1757 414/414/414 1559/1559/1559
f 1032/1032/1032 1757/1757/1757 1559/1559/1559
f 1032/1032/1032 1559/1559/1559 460/460/460
f 411/411/411 1330/1330/1330 1758/1758/1758
f 411/411/411 1758/1758/1758 1557/1557/1557
f 1330/1330/1330 401/401/401 1556/1556/1556
f 1330/1330/1330 1556/1556/1556 1758/1758/1758
f 1758/1758/1758 1556/1556/1556 450/450/450
f 1758/1758/1758 450/450/450 1332/1332/1332
f 1557/1557/1557 1758/1758/1758 1332/1332/1332
f 1557/1557/1557 1332/1332/1332 455/455/455
f 80/80/80 1560/1560/1560 1759/1759/1759
f 80/80/80 1759/1759/1759 628/628/628
f 1560/1560/1560 412/412/412 1035/1035/1035
f 1560/1560/1560 1035/1035/1035 1759/1759/1759
f 1759/1759/1759 1035/1035/1035 409/409/409
f 1759/1759/1759 409/409/409 1528/1528/1528
f 628/628/628 1759/1759/1759 1528/1528/1528
f 628/628/628 1528/1528/1528 77/77/77
f 416/416/416 1561/1561/1561 1760/1760/1760
f 416/416/416 1760/1760/1760 1093/1093/1093
f 1561/1561/1561 463/463/463 1178/1178/1178
f 1561/1561/1561 1178/1178/1178 1760/1760/1760
f 1760/1760/1760 1178/1178/1178 472/472/472
f 1760/1760/1760 472/472/472 1562/1562/1562
f 1093/1093/1093 1760/1760/1760 1562/1562/1562
f 1093/1093/1093 1562/1562/1562 419/419/419
f 442/442/442 1544/1544/1544 1761/1761/1761
f 442/442/442 1761/1761/1761 1070/1070/1070
f 1544/1544/1544 394/394/394 1077/1077/1077
f 1544/1544/1544 1077/1077/1077 1761/1761/1761
f 1761/1761/1761 1077/1077/1077 399/399/399
f 1761/1761/1761 399/399/399 1545/1545/1545
f 1070/1070/1070 1761/1761/1761 1545/1545/1545
f 1070/1070/1070 1545/1545/1545 443/443/443
f 397/397/397 1322/1322/1322 1762/1762/1762
f 397/397/397 1762/1762/1762 1543/1543/1543
f 1322/1322/1322 387/387/387 1542/1542/1542
f 1322/1322/1322 1542/1542/1542 1762/1762/1762
f 1762/1762/1762 1542/1542/1542 434/434/434
f 1762/1762/1762 434/434/434 1324/1324/1324
f 1543/1543/1543 1762/1762/1762 1324/1324/1324
f 1543/1543/1543 1324/1324/1324 439/439/439
f 395/395/395 1547/1547/1547 1763/1763/1763
f 395/395/395 1763/1763/1763 1073/1073/1073
f 1547/1547/1547 55/55/55 608/608/608
f 1547/1547/1547 608/608/608 1763/1763/1763
f 1763/1763/1763 608/608/608 57/57/57
f 1763/1763/1763 57/57/57 1548/1548/1548
f 1073/1073/1073 1763/1763/1763 1548/1548/1548
f 1073/1073/1073 1548/1548/1548 398/398/398
f 402/402/402 1551/1551/1551 1764/1764/1764
f 402/402/402 1764/1764/1764 1023/1023/1023
f 1551/1551/1551 66/66/66 618/618/618
f 1551/1551/1551 618/618/618 1764/1764/1764
f 1764/1764/1764 618/618/618 69/69/69
f 1764/1764/1764 69/69/69 1552/1552/1552
f 1023/1023/1023 1764/1764/1764 1552/1552/1552
f 1023/1023/1023 1552/1552/1552 407/407/407
f 24/24/24 652/652/652 1765/1765/1765
f 24/24/24 1765/1765/1765 1526/1526/1526
f 652/652/652 77/77/77 1528/1528/1528
f 652/652/652 1528/1528/1528 1765/1765/1765
f 1765/1765/1765 1528/1528/1528 409/409/409
f 1765/1765/1765 409/409/409 1311/1311/1311
f 1526/1526/1526 1765/1765/1765 1311/1311/1311
f 1526/1526/1526 1311/1311/1311 375/375/375
f 383/383/383 1309/1309/1309 1766/1766/1766
f 383/383/383 1766/1766/1766 1525/1525/1525
f 1309/1309/1309 373/373/373 1524/1524/1524
f 1309/1309/1309 1524/1524/1524 1766/1766/1766
f 1766/1766/1766 1524/1524/1524 418/418/418
f 1766/1766/1766 418/418/418 1316/1316/1316
f 1525/1525/1525 1766/1766/1766 1316/1316/1316
f 1525/1525/1525 1316/1316/1316 423/423/423
f 381/381/381 1533/1533/1533 1767/1767/1767
f 381/381/381 1767/1767/1767 1111/1111/1111
f 1533/1533/1533 32/32/32 577/577/577
f 1533/1533/1533 577/577/577 1767/1767/1767
f 1767/1767/1767 577/577/577 34/34/34
f 1767/1767/1767 34/34/34 1534/1534/1534
f 1111/1111/1111 1767/1767/1767 1534/1534/1534
f 1111/1111/1111 1534/1534/1534 384/384/384
f 388/388/388 1537/1537/1537 1768/1768/1768
f 388/388/388 1768/1768/1768 1061/1061/1061
f 1537/1537/1537 43/43/43 597/597/597
f 1537/1537/1537 597/597/597 1768/1768/1768
f 1768/1768/1768 597/597/597 45/45/45
f 1768/1768/1768 45/45/45 1538/1538/1538
f 1061/1061/1061 1768/1768/1768 1538/1538/1538
f 1061/1061/1061 1538/1538/1538 393/393/393
f 445/445/445 1575/1575/1575 1769/1769/1769
f 445/445/445 1769/1769/1769 1068/1068/1068
f 1575/1575/1575 505/505/505 1132/1132/1132
f 1575/1575/1575 1132/1132/1132 1769/1769/1769
f 1769/1769/1769 1132/1132/1132 501/501/501
f 1769/1769/1769 501/501/501 1577/1577/1577
f 1068/1068/1068 1769/1769/1769 1577/1577/1577
f 1068/1068/1068 1577/1577/1577 441/441/441
f 448/448/448 1327/1327/1327 1770/1770/1770
f 448/448/448 1770/1770/1770 1578/1578/1578
f 1327/1327/1327 441/441/441 1577/1577/1577
f 1327/1327/1327 1577/1577/1577 1770/1770/1770
f 1770/1770/1770 1577/1577/1577 501/501/501
f 1770/1770/1770 501/501/501 1347/1347/1347
f 1578/1578/1578 1770/1770/1770 1347/1347/1347
f 1578/1578/1578 1347/1347/1347 507/507/507
f 456/456/456 1331/1331/1331 1771/1771/1771
f 456/456/456 1771/1771/1771 1582/1582/1582
f 1331/1331/1331 449/449/449 1581/1581/1581
f 1331/1331/1331 1581/1581/1581 1771/1771/1771
f 1771/1771/1771 1581/1581/1581 512/512/512
f 1771/1771/1771 512/512/512 1350/1350/1350
f 1582/1582/1582 1771/1771/1771 1350/1350/1350
f 1582/1582/1582 1350/1350/1350 518/518/518
f 512/512/512 1581/1581/1581 1772/1772/1772
f 512/512/512 1772/1772/1772 1138/1138/1138
f 1581/1581/1581 449/449/449 1025/1025/1025
f 1581/1581/1581 1025/1025/1025 1772/1772/1772
f 1772/1772/1772 1025/1025/1025 451/451/451
f 1772/1772/1772 451/451/451 1579/1579/1579
f 1138/1138/1138 1772/1772/1772 1579/1579/1579
f 1138/1138/1138 1579/1579/1579 513/513/513
f 430/430/430 1568/1568/1568 1773/1773/1773
f 430/430/430 1773/1773/1773 1106/1106/1106
f 1568/1568/1568 484/484/484 1152/1152/1152
f 1568/1568/1568 1152/1152/1152 1773/1773/1773
f 1773/1773/1773 1152/1152/1152 479/479/479
f 1773/1773/1773 479/479/479 1569/1569/1569
f 1106/1106/1106 1773/1773/1773 1569/1569/1569
f 1106/1106/1106 1569/1569/1569 425/425/425
f 432/432/432 1319/1319/1319 1774/1774/1774
f 432/432/432 1774/1774/1774 1570/1570/1570
f 1319/1319/1319 425/425/425 1569/1569/1569
f 1319/1319/1319 1569/1569/1569 1774/1774/1774
f 1774/1774/1774 1569/1569/1569 479/479/479
f 1774/1774/1774 479/479/479 1341/1341/1341
f 1570/1570/1570 1774/1774/1774 1341/1341/1341
f 1570/1570/1570 1341/1341/1341 485/485/485
f 440/440/440 1323/1323/1323 1775/1775/1775
f 440/440/440 1775/1775/1775 1574/1574/1574
f 1323/1323/1323 433/433/433 1573/1573/1573
f 1323/1323/1323 1573/1573/1573 1775/1775/1775
f 1775/1775/1775 1573/1573/1573 490/490/490
f 1775/1775/1775 490/490/490 1344/1344/1344
f 1574/1574/1574 1775/1775/1775 1344/1344/1344
f 1574/1574/1574 1344/1344/1344 496/496/496
f 490/490/490 1573/1573/1573 1776/1776/1776
f 490/490/490 1776/1776/1776 1158/1158/1158
f 1573/1573/1573 433/433/433 1063/1063/1063
f 1573/1573/1573 1063/1063/1063 1776/1776/1776
f 1776/1776/1776 1063/1063/1063 435/435/435
f 1776/1776/1776 435/435/435 1571/1571/1571
f 1158/1158/1158 1776/1776/1776 1571/1571/1571
f 1158/1158/1158 1571/1571/1571 491/491/491
f 465/465/465 1585/1585/1585 1777/1777/1777
f 465/465/465 1777/1777/1777 1175/1175/1175
f 1585/1585/1585 529/529/529 1208/1208/1208
f 1585/1585/1585 1208/1208/1208 1777/1777/1777
f 1777/1777/1777 1208/1208/1208 534/534/534
f 1777/1777/1777 534/534/534 1586/1586/1586
f 1175/1175/1175 1777/1777/1777 1586/1586/1586
f 1175/1175/1175 1586/1586/1586 471/471/471
f 523/523/523 1564/1564/1564 1778/1778/1778
f 523/523/523 1778/1778/1778 1168/1168/1168
f 1564/1564/1564 457/457/457 1030/1030/1030
f 1564/1564/1564 1030/1030/1030 1778/1778/1778
f 1778/1778/1778 1030/1030/1030 462/462/462
f 1778/1778/1778 462/462/462 1584/1584/1584
f 1168/1168/1168 1778/1778/1778 1584/1584/1584
f 1168/1168/1168 1584/1584/1584 525/525/525
f 416/416/416 1313/1313/1313 1779/1779/1779
f 416/416/416 1779/1779/1779 1561/1561/1561
f 1313/1313/1313 457/457/457 1564/1564/1564
f 1313/1313/1313 1564/1564/1564 1779/1779/1779
f 1779/1779/1779 1564/1564/1564 523/523/523
f 1779/1779/1779 523/523/523 1338/1338/1338
f 1561/1561/1561 1779/1779/1779 1338/1338/1338
f 1561/1561/1561 1338/1338/1338 463/463/463
f 424/424/424 1315/1315/1315 1780/1780/1780
f 424/424/424 1780/1780/1780 1566/1566/1566
f 1315/1315/1315 417/417/417 1565/1565/1565
f 1315/1315/1315 1565/1565/1565 1780/1780/1780
f 1780/1780/1780 1565/1565/1565 468/468/468
f 1780/1780/1780 468/468/468 1335/1335/1335
f 1566/1566/1566 1780/1780/1780 1335/1335/1335
f 1566/1566/1566 1335/1335/1335 474/474/474
f 493/493/493 1593/1593/1593 1781/1781/1781
f 493/493/493 1781/1781/1781 1155/1155/1155
f 1593/1593/1593 546/546/546 1192/1192/1192
f 1593/1593/1593 1192/1192/1192 1781/1781/1781
f 1781/1781/1781 1192/1192/1192 544/544/544
f 1781/1781/1781 544/544/544 1594/1594/1594
f 1155/1155/1155 1781/1781/1781 1594/1594/1594
f 1155/1155/1155 1594/1594/1594 488/488/488
f 498/498/498 1343/1343/1343 1782/1782/1782
f 498/498/498 1782/1782/1782 1595/1595/1595
f 1343/1343/1343 488/488/488 1594/1594/1594
f 1343/1343/1343 1594/1594/1594 1782/1782/1782
f 1782/1782/1782 1594/1594/1594 544/544/544
f 1782/1782/1782 544/544/544 1358/1358/1358
f 1595/1595/1595 1782/1782/1782 1358/1358/1358
f 1595/1595/1595 1358/1358/1358 547/547/547
f 509/509/509 1346/1346/1346 1783/1783/1783
f 509/509/509 1783/1783/1783 1598/1598/1598
f 1346/1346/1346 500/500/500 1597/1597/1597
f 1346/1346/1346 1597/1597/1597 1783/1783/1783
f 1783/1783/1783 1597/1597/1597 550/550/550
f 1783/1783/1783 550/550/550 1360/1360/1360
f 1598/1598/1598 1783/1783/1783 1360/1360/1360
f 1598/1598/1598 1360/1360/1360 553/553/553
f 550/550/550 1597/1597/1597 1784/1784/1784
f 550/550/550 1784/1784/1784 1198/1198/1198
f 1597/1597/1597 500/500/500 1130/1130/1130
f 1597/1597/1597 1130/1130/1130 1784/1784/1784
f 1784/1784/1784 1130/1130/1130 504/504/504
f 1784/1784/1784 504/504/504 1596/1596/1596
f 1198/1198/1198 1784/1784/1784 1596/1596/1596
f 1198/1198/1198 1596/1596/1596 551/551/551
f 465/465/465 1337/1337/1337 1785/1785/1785
f 465/465/465 1785/1785/1785 1585/1585/1585
f 1337/1337/1337 522/522/522 1587/1587/1587
f 1337/1337/1337 1587/1587/1587 1785/1785/1785
f 1785/1785/1785 1587/1587/1587 562/562/562
f 1785/1785/1785 562/562/562 1354/1354/1354
f 1585/1585/1585 1785/1785/1785 1354/1354/1354
f 1585/1585/1585 1354/1354/1354 529/529/529
f 476/476/476 1334/1334/1334 1786/1786/1786
f 476/476/476 1786/1786/1786 1589/1589/1589
f 1334/1334/1334 467/467/467 1588/1588/1588
f 1334/1334/1334 1588/1588/1588 1786/1786/1786
f 1786/1786/1786 1588/1588/1588 532/532/532
f 1786/1786/1786 532/532/532 1352/1352/1352
f 1589/1589/1589 1786/1786/1786 1352/1352/1352
f 1589/1589/1589 1352/1352/1352 535/535/535
f 486/486/486 1339/1339/1339 1787/1787/1787
f 486/486/486 1787/1787/1787 1592/1592/1592
f 1339/1339/1339 477/477/477 1591/1591/1591
f 1339/1339/1339 1591/1591/1591 1787/1787/1787
f 1787/1787/1787 1591/1591/1591 538/538/538
f 1787/1787/1787 538/538/538 1356/1356/1356
f 1592/1592/1592 1787/1787/1787 1356/1356/1356
f 1592/1592/1592 1356/1356/1356 541/541/541
f 538/538/538 1591/1591/1591 1788/1788/1788
f 538/538/538 1788/1788/1788 1218/1218/1218
f 1591/1591/1591 477/477/477 1149/1149/1149
f 1591/1591/1591 1149/1149/1149 1788/1788/1788
f 1788/1788/1788 1149/1149/1149 481/481/481
f 1788/1788/1788 481/481/481 1590/1590/1590
f 1218/1218/1218 1788/1788/1788 1590/1590/1590
f 1218/1218/1218 1590/1590/1590 539/539/539
f 528/528/528 1602/1602/1602 1789/1789/1789
f 528/528/528 1789/1789/1789 1166/1166/1166
f 1602/1602/1602 564/564/564 1232/1232/1232
f 1602/1602/1602 1232/1232/1232 1789/1789/1789
f 1789/1789/1789 1232/1232/1232 562/562/562
f 1789/1789/1789 562/562/562 1587/1587/1587
f 1166/1166/1166 1789/1789/1789 1587/1587/1587
f 1166/1166/1166 1587/1587/1587 522/522/522
f 530/530/530 1603/1603/1603 1790/1790/1790
f 530/530/530 1790/1790/1790 1205/1205/1205
f 1603/1603/1603 1/1/1 575/575/575
f 1603/1603/1603 575/575/575 1790/1790/1790
f 1790/1790/1790 575/575/575 3/3/3
f 1790/1790/1790 3/3/3 1604/1604/1604
f 1205/1205/1205 1790/1790/1790 1604/1604/1604
f 1205/1205/1205 1604/1604/1604 533/533/533
f 520/520/520 1349/1349/1349 1791/1791/1791
f 520/520/520 1791/1791/1791 1601/1601/1601
f 1349/1349/1349 511/511/511 1600/1600/1600
f 1349/1349/1349 1600/1600/1600 1791/1791/1791
f 1791/1791/1791 1600/1600/1600 556/556/556
f 1791/1791/1791 556/556/556 1362/1362/1362
f 1601/1601/1601 1791/1791/1791 1362/1362/1362
f 1601/1601/1601 1362/1362/1362 559/559/559
f 556/556/556 1600/1600/1600 1792/1792/1792
f 556/556/556 1792/1792/1792 1238/1238/1238
f 1600/1600/1600 511/511/511 1136/1136/1136
f 1600/1600/1600 1136/1136/1136 1792/1792/1792
f 1792/1792/1792 1136/1136/1136 517/517/517
f 1792/1792/1792 517/517/517 1599/1599/1599
f 1238/1238/1238 1792/1792/1792 1599/1599/1599
f 1238/1238/1238 1599/1599/1599 557/557/557
f 540/540/540 1608/1608/1608 1793/1793/1793
f 540/540/540 1793/1793/1793 1215/1215/1215
f 1608/1608/1608 6/6/6 566/566/566
f 1608/1608/1608 566/566/566 1793/1793/1793
f 1793/1793/1793 566/566/566 5/5/5
f 1793/1793/1793 5/5/5 1609/1609/1609
f 1215/1215/1215 1793/1793/1793 1609/1609/1609
f 1215/1215/1215 1609/1609/1609 537/537/537
f 542/542/542 1355/1355/1355 1794/1794/1794
f 542/542/542 1794/1794/1794 1610/1610/1610
f 1355/1355/1355 537/537/537 1609/1609/1609
f 1355/1355/1355 1609/1609/1609 1794/1794/1794
f 1794/1794/1794 1609/1609/1609 5/5/5
f 1794/1794/1794 5/5/5 647/647/647
f 1610/1610/1610 1794/1794/1794 647/647/647
f 1610/1610/1610 647/647/647 7/7/7
f 548/548/548 1357/1357/1357 1795/1795/1795
f 548/548/548 1795/1795/1795 1613/1613/1613
f 1357/1357/1357 543/543/543 1612/1612/1612
f 1357/1357/1357 1612/1612/1612 1795/1795/1795
f 1795/1795/1795 1612/1612/1612 8/8/8
f 1795/1795/1795 8/8/8 646/646/646
f 1613/1613/1613 1795/1795/1795 646/646/646
f 1613/1613/1613 646/646/646 10/10/10
f 8/8/8 1612/1612/1612 1796/1796/1796
f 8/8/8 1796/1796/1796 567/567/567
f 1612/1612/1612 543/543/543 1189/1189/1189
f 1612/1612/1612 1189/1189/1189 1796/1796/1796
f 1796/1796/1796 1189/1189/1189 545/545/545
f 1796/1796/1796 545/545/545 1611/1611/1611
f 567/567/567 1796/1796/1796 1611/1611/1611
f 567/567/567 1611/1611/1611 9/9/9
f 558/558/558 1617/1617/1617 1797/1797/1797
f 558/558/558 1797/1797/1797 1235/1235/1235
f 1617/1617/1617 15/15/15 570/570/570
f 1617/1617/1617 570/570/570 1797/1797/1797
f 1797/1797/1797 570/570/570 14/14/14
f 1797/1797/1797 14/14/14 1618/1618/1618
f 1235/1235/1235 1797/1797/1797 1618/1618/1618
f 1235/1235/1235 1618/1618/1618 555/555/555
f 560/560/560 1361/1361/1361 1798/1798/1798
f 560/560/560 1798/1798/1798 1619/1619/1619
f 1361/1361/1361 555/555/555 1618/1618/1618
f 1361/1361/1361 1618/1618/1618 1798/1798/1798
f 1798/1798/1798 1618/1618/1618 14/14/14
f 1798/1798/1798 14/14/14 643/643/643
f 1619/1619/1619 1798/1798/1798 643/643/643
f 1619/1619/1619 643/643/643 16/16/16
f 17/17/17 1605/1605/1605 1799/1799/1799
f 17/17/17 1799/1799/1799 571/571/571
f 1605/1605/1605 561/561/561 1229/1229/1229
f 1605/1605/1605 1229/1229/1229 1799/1799/1799
f 1799/1799/1799 1229/1229/1229 563/563/563
f 1799/1799/1799 563/563/563 1620/1620/1620
f 571/571/571 1799/1799/1799 1620/1620/1620
f 571/571/571 1620/1620/1620 18/18/18
f 554/554/554 1359/1359/1359 1800/1800/1800
f 554/554/554 1800/1800/1800 1616/1616/1616
f 1359/1359/1359 549/549/549 1615/1615/1615
f 1359/1359/1359 1615/1615/1615 1800/1800/1800
f 1800/1800/1800 1615/1615/1615 11/11/11
f 1800/1800/1800 11/11/11 645/645/645
f 1616/1616/1616 1800/1800/1800 645/645/645
f 1616/1616/1616 645/645/645 13/13/13
f 11/11/11 1615/1615/1615 1801/1801/1801
f 11/11/11 1801/1801/1801 573/573/573
f 1615/1615/1615 549/549/549 1195/1195/1195
f 1615/1615/1615 1195/1195/1195 1801/1801/1801
f 1801/1801/1801 1195/1195/1195 552/552/552
f 1801/1801/1801 552/552/552 1614/1614/1614
f 573/573/573 1801/1801/1801 1614/1614/1614
f 573/573/573 1614/1614/1614 12/12/12
f 530/530/530 1353/1353/1353 1802/1802/1802
f 530/530/530 1802/1802/1802 1603/1603/1603
f 1353/1353/1353 561/561/561 1605/1605/1605
f 1353/1353/1353 1605/1605/1605 1802/1802/1802
f 1802/1802/1802 1605/1605/1605 17/17/17
f 1802/1802/1802 17/17/17 644/644/644
f 1603/1603/1603 1802/1802/1802 644/644/644
f 1603/1603/1603 644/644/644 1/1/1
f 536/536/536 1351/1351/1351 1803/1803/1803
f 536/536/536 1803/1803/1803 1607/1607/1607
f 1351/1351/1351 531/531/531 1606/1606/1606
f 1351/1351/1351 1606/1606/1606 1803/1803/1803
f 1803/1803/1803 1606/1606/1606 2/2/2
f 1803/1803/1803 2/2/2 648/648/648
f 1607/1607/1607 1803/1803/1803 648/648/648
f 1607/1607/1607 648/648/648 4/4/4
f 33/33/33 579/579/579 1804/1804/1804
f 33/33/33 1804/1804/1804 578/578/578
f 579/579/579 37/37/37 580/580/580
f 579/579/579 580/580/580 1804/1804/1804
f 1804/1804/1804 580/580/580 40/40/40
f 1804/1804/1804 40/40/40 582/582/582
f 578/578/578 1804/1804/1804 582/582/582
f 578/578/578 582/582/582 36/36/36
f 35/35/35 581/581/581 1805/1805/1805
f 35/35/35 1805/1805/1805 584/584/584
f 581/581/581 39/39/39 585/585/585
f 581/581/581 585/585/585 1805/1805/1805
f 1805/1805/1805 585/585/585 38/38/38
f 1805/1805/1805 38/38/38 586/586/586
f 584/584/584 1805/1805/1805 586/586/586
f 584/584/584 586/586/586 31/31/31
f 20/20/20 588/588/588 1806/1806/1806
f 20/20/20 1806/1806/1806 587/587/587
f 588/588/588 23/23/23 589/589/589
f 588/588/588 589/589/589 1806/1806/1806
f 1806/1806/1806 589/589/589 27/27/27
f 1806/1806/1806 27/27/27 591/591/591
f 587/587/587 1806/1806/1806 591/591/591
f 587/587/587 591/591/591 21/21/21
f 22/22/22 592/592/592 1807/1807/1807
f 22/22/22 1807/1807/1807 593/593/593
f 592/592/592 28/28/28 594/594/594
f 592/592/592 594/594/594 1807/1807/1807
f 1807/1807/1807 594/594/594 26/26/26
f 1807/1807/1807 26/26/26 596/596/596
f 593/593/593 1807/1807/1807 596/596/596
f 593/593/593 596/596/596 19/19/19
f 44/44/44 599/599/599 1808/1808/1808
f 44/44/44 1808/1808/1808 598/598/598
f 599/599/599 48/48/48 600/600/600
f 599/599/599 600/600/600 1808/1808/1808
f 1808/1808/1808 600/600/600 50/50/50
f 1808/1808/1808 50/50/50 601/601/601
f 598/598/598 1808/1808/1808 601/601/601
f 598/598/598 601/601/601 46/46/46
f 47/47/47 602/602/602 1809/1809/1809
f 47/47/47 1809/1809/1809 604/604/604
f 602/602/602 51/51/51 605/605/605
f 602/602/602 605/605/605 1809/1809/1809
f 1809/1809/1809 605/605/605 49/49/49
f 1809/1809/1809 49/49/49 606/606/606
f 604/604/604 1809/1809/1809 606/606/606
f 604/604/604 606/606/606 42/42/42
f 54/54/54 609/609/609 1810/1810/1810
f 54/54/54 1810/1810/1810 607/607/607
f 609/609/609 59/59/59 610/610/610
f 609/609/609 610/610/610 1810/1810/1810
f 1810/1810/1810 610/610/610 61/61/61
f 1810/1810/1810 61/61/61 611/611/611
f 607/607/607 1810/1810/1810 611/611/611
f 607/607/607 611/611/611 56/56/56
f 58/58/58 612/612/612 1811/1811/1811
f 58/58/58 1811/1811/1811 614/614/614
f 612/612/612 62/62/62 615/615/615
f 612/612/612 615/615/615 1811/1811/1811
f 1811/1811/1811 615/615/615 60/60/60
f 1811/1811/1811 60/60/60 616/616/616
f 614/614/614 1811/1811/1811 616/616/616
f 614/614/614 616/616/616 53/53/53
f 65/65/65 619/619/619 1812/1812/1812
f 65/65/65 1812/1812/1812 617/617/617
f 619/619/619 70/70/70 620/620/620
f 619/619/619 620/620/620 1812/1812/1812
f 1812/1812/1812 620/620/620 72/72/72
f 1812/1812/1812 72/72/72 621/621/621
f 617/617/617 1812/1812/1812 621/621/621
f 617/617/617 621/621/621 67/67/67
f 68/68/68 622/622/622 1813/1813/1813
f 68/68/68 1813/1813/1813 623/623/623
f 622/622/622 73/73/73 625/625/625
f 622/622/622 625/625/625 1813/1813/1813
f 1813/1813/1813 625/625/625 71/71/71
f 1813/1813/1813 71/71/71 626/626/626
f 623/623/623 1813/1813/1813 626/626/626
f 623/623/623 626/626/626 63/63/63
f 76/76/76 629/629/629 1814/1814/1814
f 76/76/76 1814/1814/1814 627/627/627
f 629/629/629 81/81/81 630/630/630
f 629/629/629 630/630/630 1814/1814/1814
f 1814/1814/1814 630/630/630 84/84/84
f 1814/1814/1814 84/84/84 632/632/632
f 627/627/627 1814/1814/1814 632/632/632
f 627/627/627 632/632/632 79/79/79
f 78/78/78 631/631/631 1815/1815/1815
f 78/78/78 1815/1815/1815 633/633/633
f 631/631/631 83/83/83 635/635/635
f 631/631/631 635/635/635 1815/1815/1815
f 1815/1815/1815 635/635/635 82/82/82
f 1815/1815/1815 82/82/82 636/636/636
f 633/633/633 1815/1815/1815 636/636/636
f 633/633/633 636/636/636 74/74/74
f 41/41/41 653/653/653 1816/1816/1816
f 41/41/41 1816/1816/1816 1535/1535/1535
f 653/653/653 32/32/32 1533/1533/1533
f 653/653/653 1533/1533/1533 1816/1816/1816
f 1816/1816/1816 1533/1533/1533 381/381/381
f 1816/1816/1816 381/381/381 1317/1317/1317
f 1535/1535/1535 1816/1816/1816 1317/1317/1317
f 1535/1535/1535 1317/1317/1317 389/389/389
f 427/427/427 1531/1531/1531 1817/1817/1817
f 427/427/427 1817/1817/1817 1118/1118/1118
f 1531/1531/1531 385/385/385 1122/1122/1122
f 1531/1531/1531 1122/1122/1122 1817/1817/1817
f 1817/1817/1817 1122/1122/1122 383/383/383
f 1817/1817/1817 383/383/383 1525/1525/1525
f 1118/1118/1118 1817/1817/1817 1525/1525/1525
f 1118/1118/1118 1525/1525/1525 423/423/423
f 376/376/376 1527/1527/1527 1818/1818/1818
f 376/376/376 1818/1818/1818 1091/1091/1091
f 1527/1527/1527 415/415/415 1096/1096/1096
f 1527/1527/1527 1096/1096/1096 1818/1818/1818
f 1818/1818/1818 1096/1096/1096 421/421/421
f 1818/1818/1818 421/421/421 1522/1522/1522
f 1091/1091/1091 1818/1818/1818 1522/1522/1522
f 1091/1091/1091 1522/1522/1522 377/377/377
f 30/30/30 649/649/649 1819/1819/1819
f 30/30/30 1819/1819/1819 1521/1521/1521
f 649/649/649 25/25/25 1520/1520/1520
f 649/649/649 1520/1520/1520 1819/1819/1819
f 1819/1819/1819 1520/1520/1520 374/374/374
f 1819/1819/1819 374/374/374 1310/1310/1310
f 1521/1521/1521 1819/1819/1819 1310/1310/1310
f 1521/1521/1521 1310/1310/1310 382/382/382
f 288/288/288 1301/1301/1301 1820/1820/1820
f 288/288/288 1820/1820/1820 1470/1470/1470
f 1301/1301/1301 281/281/281 1469/1469/1469
f 1301/1301/1301 1469/1469/1469 1820/1820/1820
f 1820/1820/1820 1469/1469/1469 37/37/37
f 1820/1820/1820 37/37/37 639/639/639
f 1470/1470/1470 1820/1820/1820 639/639/639
f 1470/1470/1470 639/639/639 49/49/49
f 94/94/94 1463/1463/1463 1821/1821/1821
f 94/94/94 1821/1821/1821 707/707/707
f 1463/1463/1463 279/279/279 943/943/943
f 1463/1463/1463 943/943/943 1821/1821/1821
f 1821/1821/1821 943/943/943 285/285/285
f 1821/1821/1821 285/285/285 1467/1467/1467
f 707/707/707 1821/1821/1821 1467/1467/1467
f 707/707/707 1467/1467/1467 99/99/99
f 272/272/272 1299/1299/1299 1822/1822/1822
f 272/272/272 1822/1822/1822 1453/1453/1453
f 1299/1299/1299 313/313/313 1456/1456/1456
f 1299/1299/1299 1456/1456/1456 1822/1822/1822
f 1822/1822/1822 1456/1456/1456 81/81/81
f 1822/1822/1822 81/81/81 638/638/638
f 1453/1453/1453 1822/1822/1822 638/638/638
f 1453/1453/1453 638/638/638 20/20/20
f 280/280/280 1297/1297/1297 1823/1823/1823
f 280/280/280 1823/1823/1823 1462/1462/1462
f 1297/1297/1297 273/273/273 1461/1461/1461
f 1297/1297/1297 1461/1461/1461 1823/1823/1823
f 1823/1823/1823 1461/1461/1461 19/19/19
f 1823/1823/1823 19/19/19 637/637/637
f 1462/1462/1462 1823/1823/1823 637/637/637
f 1462/1462/1462 637/637/637 38/38/38
f 459/459/459 1558/1558/1558 1824/1824/1824
f 459/459/459 1824/1824/1824 1042/1042/1042
f 1558/1558/1558 413/413/413 1046/1046/1046
f 1558/1558/1558 1046/1046/1046 1824/1824/1824
f 1824/1824/1824 1046/1046/1046 411/411/411
f 1824/1824/1824 411/411/411 1557/1557/1557
f 1042/1042/1042 1824/1824/1824 1557/1557/1557
f 1042/1042/1042 1557/1557/1557 455/455/455
f 75/75/75 1553/1553/1553 1825/1825/1825
f 75/75/75 1825/1825/1825 634/634/634
f 1553/1553/1553 410/410/410 1043/1043/1043
f 1553/1553/1553 1043/1043/1043 1825/1825/1825
f 1825/1825/1825 1043/1043/1043 412/412/412
f 1825/1825/1825 412/412/412 1560/1560/1560
f 634/634/634 1825/1825/1825 1560/1560/1560
f 634/634/634 1560/1560/1560 80/80/80
f 126/126/126 1495/1495/1495 1826/1826/1826
f 126/126/126 1826/1826/1826 675/675/675
f 1495/1495/1495 311/311/311 911/911/911
f 1495/1495/1495 911/911/911 1826/1826/1826
f 1826/1826/1826 911/911/911 317/317/317
f 1826/1826/1826 317/317/317 1499/1499/1499
f 675/675/675 1826/1826/1826 1499/1499/1499
f 675/675/675 1499/1499/1499 131/131/131
f 132/132/132 1500/1500/1500 1827/1827/1827
f 132/132/132 1827/1827/1827 671/671/671
f 1500/1500/1500 318/318/318 914/914/914
f 1500/1500/1500 914/914/914 1827/1827/1827
f 1827/1827/1827 914/914/914 314/314/314
f 1827/1827/1827 314/314/314 1458/1458/1458
f 671/671/671 1827/1827/1827 1458/1458/1458
f 671/671/671 1458/1458/1458 127/127/127
f 52/52/52 655/655/655 1828/1828/1828
f 52/52/52 1828/1828/1828 1539/1539/1539
f 655/655/655 43/43/43 1537/1537/1537
f 655/655/655 1537/1537/1537 1828/1828/1828
f 1828/1828/1828 1537/1537/1537 388/388/388
f 1828/1828/1828 388/388/388 1321/1321/1321
f 1539/1539/1539 1828/1828/1828 1321/1321/1321
f 1539/1539/1539 1321/1321/1321 396/396/396
f 390/390/390 1536/1536/1536 1829/1829/1829
f 390/390/390 1829/1829/1829 1053/1053/1053
f 1536/1536/1536 431/431/431 1058/1058/1058
f 1536/1536/1536 1058/1058/1058 1829/1829/1829
f 1829/1829/1829 1058/1058/1058 438/438/438
f 1829/1829/1829 438/438/438 1541/1541/1541
f 1053/1053/1053 1829/1829/1829 1541/1541/1541
f 1053/1053/1053 1541/1541/1541 392/392/392
f 296/296/296 1303/1303/1303 1830/1830/1830
f 296/296/296 1830/1830/1830 1478/1478/1478
f 1303/1303/1303 289/289/289 1477/1477/1477
f 1303/1303/1303 1477/1477/1477 1830/1830/1830
f 1830/1830/1830 1477/1477/1477 48/48/48
f 1830/1830/1830 48/48/48 640/640/640
f 1478/1478/1478 1830/1830/1830 640/640/640
f 1478/1478/1478 640/640/640 60/60/60
f 292/292/292 1476/1476/1476 1831/1831/1831
f 292/292/292 1831/1831/1831 954/954/954
f 1476/1476/1476 106/106/106 678/678/678
f 1476/1476/1476 678/678/678 1831/1831/1831
f 1831/1831/1831 678/678/678 102/102/102
f 1831/1831/1831 102/102/102 1471/1471/1471
f 954/954/954 1831/1831/1831 1471/1471/1471
f 954/954/954 1471/1471/1471 287/287/287
f 64/64/64 658/658/658 1832/1832/1832
f 64/64/64 1832/1832/1832 1549/1549/1549
f 658/658/658 55/55/55 1547/1547/1547
f 658/658/658 1547/1547/1547 1832/1832/1832
f 1832/1832/1832 1547/1547/1547 395/395/395
f 1832/1832/1832 395/395/395 1325/1325/1325
f 1549/1549/1549 1832/1832/1832 1325/1325/1325
f 1549/1549/1549 1325/1325/1325 403/403/403
f 444/444/444 1546/1546/1546 1833/1833/1833
f 444/444/444 1833/1833/1833 1080/1080/1080
f 1546/1546/1546 400/400/400 1084/1084/1084
f 1546/1546/1546 1084/1084/1084 1833/1833/1833
f 1833/1833/1833 1084/1084/1084 397/397/397
f 1833/1833/1833 397/397/397 1543/1543/1543
f 1080/1080/1080 1833/1833/1833 1543/1543/1543
f 1080/1080/1080 1543/1543/1543 439/439/439
f 304/304/304 1305/1305/1305 1834/1834/1834
f 304/304/304 1834/1834/1834 1486/1486/1486
f 1305/1305/1305 297/297/297 1485/1485/1485
f 1305/1305/1305 1485/1485/1485 1834/1834/1834
f 1834/1834/1834 1485/1485/1485 59/59/59
f 1834/1834/1834 59/59/59 641/641/641
f 1486/1486/1486 1834/1834/1834 641/641/641
f 1486/1486/1486 641/641/641 71/71/71
f 110/110/110 1479/1479/1479 1835/1835/1835
f 110/110/110 1835/1835/1835 691/691/691
f 1479/1479/1479 295/295/295 927/927/927
f 1479/1479/1479 927/927/927 1835/1835/1835
f 1835/1835/1835 927/927/927 302/302/302
f 1835/1835/1835 302/302/302 1484/1484/1484
f 691/691/691 1835/1835/1835 1484/1484/1484
f 691/691/691 1484/1484/1484 116/116/116
f 75/75/75 660/660/660 1836/1836/1836
f 75/75/75 1836/1836/1836 1553/1553/1553
f 660/660/660 66/66/66 1551/1551/1551
f 660/660/660 1551/1551/1551 1836/1836/1836
f 1836/1836/1836 1551/1551/1551 402/402/402
f 1836/1836/1836 402/402/402 1329/1329/1329
f 1553/1553/1553 1836/1836/1836 1329/1329/1329
f 1553/1553/1553 1329/1329/1329 410/410/410
f 404/404/404 1550/1550/1550 1837/1837/1837
f 404/404/404 1837/1837/1837 1015/1015/1015
f 1550/1550/1550 447/447/447 1020/1020/1020
f 1550/1550/1550 1020/1020/1020 1837/1837/1837
f 1837/1837/1837 1020/1020/1020 454/454/454
f 1837/1837/1837 454/454/454 1555/1555/1555
f 1015/1015/1015 1837/1837/1837 1555/1555/1555
f 1015/1015/1015 1555/1555/1555 406/406/406
f 312/312/312 1307/1307/1307 1838/1838/1838
f 312/312/312 1838/1838/1838 1494/1494/1494
f 1307/1307/1307 305/305/305 1493/1493/1493
f 1307/1307/1307 1493/1493/1493 1838/1838/1838
f 1838/1838/1838 1493/1493/1493 70/70/70
f 1838/1838/1838 70/70/70 642/642/642
f 1494/1494/1494 1838/1838/1838 642/642/642
f 1494/1494/1494 642/642/642 82/82/82
f 308/308/308 1492/1492/1492 1839/1839/1839
f 308/308/308 1839/1839/1839 938/938/938
f 1492/1492/1492 122/122/122 662/662/662
f 1492/1492/1492 662/662/662 1839/1839/1839
f 1839/1839/1839 662/662/662 118/118/118
f 1839/1839/1839 118/118/118 1487/1487/1487
f 938/938/938 1839/1839/1839 1487/1487/1487
f 938/938/938 1487/1487/1487 303/303/303
f 334/334/334 1506/1506/1506 1840/1840/1840
f 334/334/334 1840/1840/1840 996/996/996
f 1506/1506/1506 15/15/15 569/569/569
f 1506/1506/1506 569/569/569 1840/1840/1840
f 1840/1840/1840 569/569/569 13/13/13
f 1840/1840/1840 13/13/13 1507/1507/1507
f 996/996/996 1840/1840/1840 1507/1507/1507
f 996/996/996 1507/1507/1507 331/331/331
f 13/13/13 645/645/645 1841/1841/1841
f 13/13/13 1841/1841/1841 1507/1507/1507
f 645/645/645 11/11/11 1508/1508/1508
f 645/645/645 1508/1508/1508 1841/1841/1841
f 1841/1841/1841 1508/1508/1508 339/339/339
f 1841/1841/1841 339/339/339 1273/1273/1273
f 1507/1507/1507 1841/1841/1841 1273/1273/1273
f 1507/1507/1507 1273/1273/1273 331/331/331
f 10/10/10 646/646/646 1842/1842/1842
f 10/10/10 1842/1842/1842 1510/1510/1510
f 646/646/646 8/8/8 1511/1511/1511
f 646/646/646 1511/1511/1511 1842/1842/1842
f 1842/1842/1842 1511/1511/1511 348/348/348
f 1842/1842/1842 348/348/348 1266/1266/1266
f 1510/1510/1510 1842/1842/1842 1266/1266/1266
f 1510/1510/1510 1266/1266/1266 340/340/340
f 10/10/10 1510/1510/1510 1843/1843/1843
f 10/10/10 1843/1843/1843 574/574/574
f 1510/1510/1510 340/340/340 987/987/987
f 1510/1510/1510 987/987/987 1843/1843/1843
f 1843/1843/1843 987/987/987 343/343/343
f 1843/1843/1843 343/343/343 1509/1509/1509
f 574/574/574 1843/1843/1843 1509/1509/1509
f 574/574/574 1509/1509/1509 12/12/12
f 7/7/7 647/647/647 1844/1844/1844
f 7/7/7 1844/1844/1844 1513/1513/1513
f 647/647/647 5/5/5 1514/1514/1514
f 647/647/647 1514/1514/1514 1844/1844/1844
f 1844/1844/1844 1514/1514/1514 357/357/357
f 1844/1844/1844 357/357/357 1259/1259/1259
f 1513/1513/1513 1844/1844/1844 1259/1259/1259
f 1513/1513/1513 1259/1259/1259 349/349/349
f 7/7/7 1513/1513/1513 1845/1845/1845
f 7/7/7 1845/1845/1845 568/568/568
f 1513/1513/1513 349/349/349 965/965/965
f 1513/1513/1513 965/965/965 1845/1845/1845
f 1845/1845/1845 965/965/965 354/354/354
f 1845/1845/1845 354/354/354 1512/1512/1512
f 568/568/568 1845/1845/1845 1512/1512/1512
f 568/568/568 1512/1512/1512 9/9/9
f 4/4/4 648/648/648 1846/1846/1846
f 4/4/4 1846/1846/1846 1516/1516/1516
f 648/648/648 2/2/2 1517/1517/1517
f 648/648/648 1517/1517/1517 1846/1846/1846
f 1846/1846/1846 1517/1517/1517 366/366/366
f 1846/1846/1846 366/366/366 1245/1245/1245
f 1516/1516/1516 1846/1846/1846 1245/1245/1245
f 1516/1516/1516 1245/1245/1245 358/358/358
f 4/4/4 1516/1516/1516 1847/1847/1847
f 4/4/4 1847/1847/1847 565/565/565
f 1516/1516/1516 358/358/358 1005/1005/1005
f 1516/1516/1516 1005/1005/1005 1847/1847/1847
f 1847/1847/1847 1005/1005/1005 361/361/361
f 1847/1847/1847 361/361/361 1515/1515/1515
f 565/565/565 1847/1847/1847 1515/1515/1515
f 565/565/565 1515/1515/1515 6/6/6
f 29/29/29 1519/1519/1519 1848/1848/1848
f 29/29/29 1848/1848/1848 595/595/595
f 1519/1519/1519 379/379/379 1099/1099/1099
f 1519/1519/1519 1099/1099/1099 1848/1848/1848
f 1848/1848/1848 1099/1099/1099 374/374/374
f 1848/1848/1848 374/374/374 1520/1520/1520
f 595/595/595 1848/1848/1848 1520/1520/1520
f 595/595/595 1520/1520/1520 25/25/25
f 1/1/1 1503/1503/1503 1849/1849/1849
f 1/1/1 1849/1849/1849 575/575/575
f 1503/1503/1503 367/367/367 974/974/974
f 1503/1503/1503 974/974/974 1849/1849/1849
f 1849/1849/1849 974/974/974 372/372/372
f 1849/1849/1849 372/372/372 1518/1518/1518
f 575/575/575 1849/1849/1849 1518/1518/1518
f 575/575/575 1518/1518/1518 3/3/3
f 16/16/16 643/643/643 1850/1850/1850
f 16/16/16 1850/1850/1850 1504/1504/1504
f 643/643/643 14/14/14 1505/1505/1505
f 643/643/643 1505/1505/1505 1850/1850/1850
f 1850/1850/1850 1505/1505/1505 330/330/330
f 1850/1850/1850 330/330/330 1280/1280/1280
f 1504/1504/1504 1850/1850/1850 1280/1280/1280
f 1504/1504/1504 1280/1280/1280 322/322/322
f 1/1/1 644/644/644 1851/1851/1851
f 1/1/1 1851/1851/1851 1503/1503/1503
f 644/644/644 17/17/17 1502/1502/1502
f 644/644/644 1502/1502/1502 1851/1851/1851
f 1851/1851/1851 1502/1502/1502 321/321/321
f 1851/1851/1851 321/321/321 1254/1254/1254
f 1503/1503/1503 1851/1851/1851 1254/1254/1254
f 1503/1503/1503 1254/1254/1254 367/367/367
f 138/138/138 1367/1367/1367 1852/1852/1852
f 138/138/138 1852/1852/1852 812/812/812
f 1367/1367/1367 182/182/182 815/815/815
f 1367/1367/1367 815/815/815 1852/1852/1852
f 1852/1852/1852 815/815/815 178/178/178
f 1852/1852/1852 178/178/178 1368/1368/1368
f 812/812/812 1852/1852/1852 1368/1368/1368
f 812/812/812 1368/1368/1368 133/133/133
f 118/118/118 662/662/662 1853/1853/1853
f 118/118/118 1853/1853/1853 661/661/661
f 662/662/662 122/122/122 664/664/664
f 662/662/662 664/664/664 1853/1853/1853
f 1853/1853/1853 664/664/664 124/124/124
f 1853/1853/1853 124/124/124 665/665/665
f 661/661/661 1853/1853/1853 665/665/665
f 661/661/661 665/665/665 117/117/117
f 121/121/121 666/666/666 1854/1854/1854
f 121/121/121 1854/1854/1854 663/663/663
f 666/666/666 119/119/119 667/667/667
f 666/666/666 667/667/667 1854/1854/1854
f 1854/1854/1854 667/667/667 120/120/120
f 1854/1854/1854 120/120/120 668/668/668
f 663/663/663 1854/1854/1854 668/668/668
f 663/663/663 668/668/668 123/123/123
f 132/132/132 671/671/671 1855/1855/1855
f 132/132/132 1855/1855/1855 670/670/670
f 671/671/671 127/127/127 672/672/672
f 671/671/671 672/672/672 1855/1855/1855
f 1855/1855/1855 672/672/672 128/128/128
f 1855/1855/1855 128/128/128 673/673/673
f 670/670/670 1855/1855/1855 673/673/673
f 670/670/670 673/673/673 130/130/130
f 126/126/126 675/675/675 1856/1856/1856
f 126/126/126 1856/1856/1856 674/674/674
f 675/675/675 131/131/131 669/669/669
f 675/675/675 669/669/669 1856/1856/1856
f 1856/1856/1856 669/669/669 129/129/129
f 1856/1856/1856 129/129/129 676/676/676
f 674/674/674 1856/1856/1856 676/676/676
f 674/674/674 676/676/676 125/125/125
f 102/102/102 678/678/678 1857/1857/1857
f 102/102/102 1857/1857/1857 677/677/677
f 678/678/678 106/106/106 680/680/680
f 678/678/678 680/680/680 1857/1857/1857
f 1857/1857/1857 680/680/680 108/108/108
f 1857/1857/1857 108/108/108 681/681/681
f 677/677/677 1857/1857/1857 681/681/681
f 677/677/677 681/681/681 101/101/101
f 105/105/105 682/682/682 1858/1858/1858
f 105/105/105 1858/1858/1858 679/679/679
f 682/682/682 103/103/103 683/683/683
f 682/682/682 683/683/683 1858/1858/1858
f 1858/1858/1858 683/683/683 104/104/104
f 1858/1858/1858 104/104/104 684/684/684
f 679/679/679 1858/1858/1858 684/684/684
f 679/679/679 684/684/684 107/107/107
f 115/115/115 687/687/687 1859/1859/1859
f 115/115/115 1859/1859/1859 685/685/685
f 687/687/687 111/111/111 688/688/688
f 687/687/687 688/688/688 1859/1859/1859
f 1859/1859/1859 688/688/688 112/112/112
f 1859/1859/1859 112/112/112 689/689/689
f 685/685/685 1859/1859/1859 689/689/689
f 685/685/685 689/689/689 113/113/113
f 110/110/110 691/691/691 1860/1860/1860
f 110/110/110 1860/1860/1860 690/690/690
f 691/691/691 116/116/116 686/686/686
f 691/691/691 686/686/686 1860/1860/1860
f 1860/1860/1860 686/686/686 114/114/114
f 1860/1860/1860 114/114/114 692/692/692
f 690/690/690 1860/1860/1860 692/692/692
f 690/690/690 692/692/692 109/109/109
f 86/86/86 694/694/694 1861/1861/1861
f 86/86/86 1861/1861/1861 693/693/693
f 694/694/694 89/89/89 695/695/695
f 694/694/694 695/695/695 1861/1861/1861
f 1861/1861/1861 695/695/695 91/91/91
f 1861/1861/1861 91/91/91 697/697/697
f 693/693/693 1861/1861/1861 697/697/697
f 693/693/693 697/697/697 85/85/85
f 90/90/90 698/698/698 1862/1862/1862
f 90/90/90 1862/1862/1862 696/696/696
f 698/698/698 87/87/87 699/699/699
f 698/698/698 699/699/699 1862/1862/1862
f 1862/1862/1862 699/699/699 88/88/88
f 1862/1862/1862 88/88/88 700/700/700
f 696/696/696 1862/1862/1862 700/700/700
f 696/696/696 700/700/700 92/92/92
f 100/100/100 703/703/703 1863/1863/1863
f 100/100/100 1863/1863/1863 702/702/702
f 703/703/703 95/95/95 704/704/704
f 703/703/703 704/704/704 1863/1863/1863
f 1863/1863/1863 704/704/704 96/96/96
f 1863/1863/1863 96/96/96 705/705/705
f 702/702/702 1863/1863/1863 705/705/705
f 702/702/702 705/705/705 98/98/98
f 94/94/94 707/707/707 1864/1864/1864
f 94/94/94 1864/1864/1864 706/706/706
f 707/707/707 99/99/99 701/701/701
f 707/707/707 701/701/701 1864/1864/1864
f 1864/1864/1864 701/701/701 97/97/97
f 1864/1864/1864 97/97/97 708/708/708
f 706/706/706 1864/1864/1864 708/708/708
f 706/706/706 708/708/708 93/93/93
f 87/87/87 709/709/709 1865/1865/1865
f 87/87/87 1865/1865/1865 699/699/699
f 709/709/709 94/94/94 706/706/706
f 709/709/709 706/706/706 1865/1865/1865
f 1865/1865/1865 706/706/706 93/93/93
f 1865/1865/1865 93/93/93 710/710/710
f 699/699/699 1865/1865/1865 710/710/710
f 699/699/699 710/710/710 88/88/88
f 127/127/127 711/711/711 1866/1866/1866
f 127/127/127 1866/1866/1866 672/672/672
f 711/711/711 86/86/86 693/693/693
f 711/711/711 693/693/693 1866/1866/1866
f 1866/1866/1866 693/693/693 85/85/85
f 1866/1866/1866 85/85/85 712/712/712
f 672/672/672 1866/1866/1866 712/712/712
f 672/672/672 712/712/712 128/128/128
f 95/95/95 713/713/713 1867/1867/1867
f 95/95/95 1867/1867/1867 704/704/704
f 713/713/713 102/102/102 677/677/677
f 713/713/713 677/677/677 1867/1867/1867
f 1867/1867/1867 677/677/677 101/101/101
f 1867/1867/1867 101/101/101 714/714/714
f 704/704/704 1867/1867/1867 714/714/714
f 704/704/704 714/714/714 96/96/96
f 103/103/103 715/715/715 1868/1868/1868
f 103/103/103 1868/1868/1868 683/683/683
f 715/715/715 110/110/110 690/690/690
f 715/715/715 690/690/690 1868/1868/1868
f 1868/1868/1868 690/690/690 109/109/109
f 1868/1868/1868 109/109/109 716/716/716
f 683/683/683 1868/1868/1868 716/716/716
f 683/683/683 716/716/716 104/104/104
f 111/111/111 717/717/717 1869/1869/1869
f 111/111/111 1869/1869/1869 688/688/688
f 717/717/717 118/118/118 661/661/661
f 717/717/717 661/661/661 1869/1869/1869
f 1869/1869/1869 661/661/661 117/117/117
f 1869/1869/1869 117/117/117 718/718/718
f 688/688/688 1869/1869/1869 718/718/718
f 688/688/688 718/718/718 112/112/112
f 119/119/119 719/719/719 1870/1870/1870
f 119/119/119 1870/1870/1870 667/667/667
f 719/719/719 126/126/126 674/674/674
f 719/719/719 674/674/674 1870/1870/1870
f 1870/1870/1870 674/674/674 125/125/125
f 1870/1870/1870 125/125/125 720/720/720
f 667/667/667 1870/1870/1870 720/720/720
f 667/667/667 720/720/720 120/120/120
f 224/224/224 1287/1287/1287 1871/1871/1871
f 224/224/224 1871/1871/1871 1429/1429/1429
f 1287/1287/1287 265/265/265 1432/1432/1432
f 1287/1287/1287 1432/1432/1432 1871/1871/1871
f 1871/1871/1871 1432/1432/1432 128/128/128
f 1871/1871/1871 128/128/128 712/712/712
f 1429/1429/1429 1871/1871/1871 712/712/712
f 1429/1429/1429 712/712/712 85/85/85
f 167/167/167 724/724/724 1873/1873/1873
f 167/167/167 1873/1873/1873 723/723/723
f 724/724/724 163/163/163 726/726/726
f 724/724/724 726/726/726 1873/1873/1873
f 1872/1872/1872 725/725/725 164/164/164
f 1872/1872/1872 164/164/164 727/727/727
f 722/722/722 1872/1872/1872 727/727/727
f 722/722/722 727/727/727 166/166/166
f 208/208/208 729/729/729 1874/1874/1874
f 208/208/208 1874/1874/1874 728/728/728
f 729/729/729 212/212/212 731/731/731
f 729/729/729 731/731/731 1874/1874/1874
f 1874/1874/1874 731/731/731 214/214/214
f 1874/1874/1874 214/214/214 732/732/732
f 728/728/728 1874/1874/1874 732/732/732
f 728/728/728 732/732/732 207/207/207
f 162/162/162 735/735/735 1876/1876/1876
f 162/162/162 1876/1876/1876 734/734/734
f 735/735/735 167/167/167 723/723/723
f 735/735/735 723/723/723 1876/1876/1876
f 1875/1875/1875 721/721/721 165/165/165
f 1875/1875/1875 165/165/165 736/736/736
f 733/733/733 1875/1875/1875 736/736/736
f 733/733/733 736/736/736 161/161/161
f 211/211/211 737/737/737 1877/1877/1877
f 211/211/211 1877/1877/1877 730/730/730
f 737/737/737 209/209/209 738/738/738
f 737/737/737 738/738/738 1877/1877/1877
f 1877/1877/1877 738/738/738 210/210/210
f 1877/1877/1877 210/210/210 739/739/739
f 730/730/730 1877/1877/1877 739/739/739
f 730/730/730 739/739/739 213/213/213
f 222/222/222 742/742/742 1878/1878/1878
f 222/222/222 1878/1878/1878 741/741/741
f 742/742/742 217/217/217 743/743/743
f 742/742/742 743/743/743 1878/1878/1878
f 1878/1878/1878 743/743/743 218/218/218
f 1878/1878/1878 218/218/218 744/744/744
f 741/741/741 1878/1878/1878 744/744/744
f 741/741/741 744/744/744 220/220/220
f 169/169/169 747/747/747 1880/1880/1880
f 169/169/169 1880/1880/1880 746/746/746
f 747/747/747 172/172/172 750/750/750
f 747/747/747 750/750/750 1880/1880/1880
f 1879/1879/1879 749/749/749 174/174/174
f 1879/1879/1879 174/174/174 751/751/751
f 745/745/745 1879/1879/1879 751/751/751
f 745/745/745 751/751/751 168/168/168
f 216/216/216 753/753/753 1881/1881/1881
f 216/216/216 1881/1881/1881 752/752/752
f 753/753/753 221/221/221 740/740/740
f 753/753/753 740/740/740 1881/1881/1881
f 1881/1881/1881 740/740/740 219/219/219
f 1881/1881/1881 219/219/219 754/754/754
f 752/752/752 1881/1881/1881 754/754/754
f 752/752/752 754/754/754 215/215/215
f 172/172/172 755/755/755 1883/1883/1883
f 172/172/172 1883/1883/1883 750/750/750
f 755/755/755 170/170/170 756/756/756
f 755/755/755 756/756/756 1883/1883/1883
f 1882/1882/1882 757/757/757 171/171/171
f 1882/1882/1882 171/171/171 758/758/758
f 748/748/748 1882/1882/1882 758/758/758
f 748/748/748 758/758/758 173/173/173
f 153/153/153 762/762/762 1885/1885/1885
f 153/153/153 1885/1885/1885 761/761/761
f 762/762/762 149/149/149 764/764/764
f 762/762/762 764/764/764 1885/1885/1885
f 1884/1884/1884 763/763/763 150/150/150
f 1884/1884/1884 150/150/150 765/765/765
f 760/760/760 1884/1884/1884 765/765/765
f 760/760/760 765/765/765 152/152/152
f 192/192/192 767/767/767 1886/1886/1886
f 192/192/192 1886/1886/1886 766/766/766
f 767/767/767 196/196/196 769/769/769
f 767/767/767 769/769/769 1886/1886/1886
f 1886/1886/1886 769/769/769 198/198/198
f 1886/1886/1886 198/198/198 770/770/770
f 766/766/766 1886/1886/1886 770/770/770
f 766/766/766 770/770/770 191/191/191
f 148/148/148 773/773/773 1888/1888/1888
f 148/148/148 1888/1888/1888 772/772/772
f 773/773/773 153/153/153 761/761/761
f 773/773/773 761/761/761 1888/1888/1888
f 1887/1887/1887 759/759/759 151/151/151
f 1887/1887/1887 151/151/151 774/774/774
f 771/771/771 1887/1887/1887 774/774/774
f 771/771/771 774/774/774 147/147/147
f 195/195/195 775/775/775 1889/1889/1889
f 195/195/195 1889/1889/1889 768/768/768
f 775/775/775 193/193/193 776/776/776
f 775/775/775 776/776/776 1889/1889/1889
f 1889/1889/1889 776/776/776 194/194/194
f 1889/1889/1889 194/194/194 777/777/777
f 768/768/768 1889/1889/1889 777/777/777
f 768/768/768 777/777/777 197/197/197
f 205/205/205 780/780/780 1890/1890/1890
f 205/205/205 1890/1890/1890 778/778/778
f 780/780/780 201/201/201 781/781/781
f 780/780/780 781/781/781 1890/1890/1890
f 1890/1890/1890 781/781/781 202/202/202
f 1890/1890/1890 202/202/202 782/782/782
f 778/778/778 1890/1890/1890 782/782/782
f 778/778/778 782/782/782 203/203/203
f 155/155/155 785/785/785 1892/1892/1892
f 155/155/155 1892/1892/1892 784/784/784
f 785/785/785 158/158/158 788/788/788
f 785/785/785 788/788/788 1892/1892/1892
f 1891/1891/1891 786/786/786 159/159/159
f 1891/1891/1891 159/159/159 789/789/789
f 783/783/783 1891/1891/1891 789/789/789
f 783/783/783 789/789/789 154/154/154
f 200/200/200 791/791/791 1893/1893/1893
f 200/200/200 1893/1893/1893 790/790/790
f 791/791/791 206/206/206 779/779/779
f 791/791/791 779/779/779 1893/1893/1893
f 1893/1893/1893 779/779/779 204/204/204
f 1893/1893/1893 204/204/204 792/792/792
f 790/790/790 1893/1893/1893 792/792/792
f 790/790/790 792/792/792 199/199/199
f 158/158/158 793/793/793 1895/1895/1895
f 158/158/158 1895/1895/1895 788/788/788
f 793/793/793 156/156/156 795/795/795
f 793/793/793 795/795/795 1895/1895/1895
f 1894/1894/1894 794/794/794 157/157/157
f 1894/1894/1894 157/157/157 796/796/796
f 787/787/787 1894/1894/1894 796/796/796
f 787/787/787 796/796/796 160/160/160
f 139/139/139 800/800/800 1897/1897/1897
f 139/139/139 1897/1897/1897 799/799/799
f 800/800/800 135/135/135 802/802/802
f 800/800/800 802/802/802 1897/1897/1897
f 1896/1896/1896 801/801/801 136/136/136
f 1896/1896/1896 136/136/136 803/803/803
f 797/797/797 1896/1896/1896 803/803/803
f 797/797/797 803/803/803 137/137/137
f 176/176/176 805/805/805 1898/1898/1898
f 176/176/176 1898/1898/1898 804/804/804
f 805/805/805 179/179/179 806/806/806
f 805/805/805 806/806/806 1898/1898/1898
f 1898/1898/1898 806/806/806 181/181/181
f 1898/1898/1898 181/181/181 808/808/808
f 804/804/804 1898/1898/1898 808/808/808
f 804/804/804 808/808/808 175/175/175
f 134/134/134 811/811/811 1900/1900/1900
f 134/134/134 1900/1900/1900 810/810/810
f 811/811/811 139/139/139 799/799/799
f 811/811/811 799/799/799 1900/1900/1900
f 1899/1899/1899 798/798/798 138/138/138
f 1899/1899/1899 138/138/138 812/812/812
f 809/809/809 1899/1899/1899 812/812/812
f 809/809/809 812/812/812 133/133/133
f 180/180/180 813/813/813 1901/1901/1901
f 180/180/180 1901/1901/1901 807/807/807
f 813/813/813 177/177/177 814/814/814
f 813/813/813 814/814/814 1901/1901/1901
f 1901/1901/1901 814/814/814 178/178/178
f 1901/1901/1901 178/178/178 815/815/815
f 807/807/807 1901/1901/1901 815/815/815
f 807/807/807 815/815/815 182/182/182
f 190/190/190 818/818/818 1902/1902/1902
f 190/190/190 1902/1902/1902 817/817/817
f 818/818/818 185/185/185 819/819/819
f 818/818/818 819/819/819 1902/1902/1902
f 1902/1902/1902 819/819/819 186/186/186
f 1902/1902/1902 186/186/186 820/820/820
f 817/817/817 1902/1902/1902 820/820/820
f 817/817/817 820/820/820 188/188/188
f 141/141/141 823/823/823 1904/1904/1904
f 141/141/141 1904/1904/1904 822/822/822
f 823/823/823 144/144/144 826/826/826
f 823/823/823 826/826/826 1904/1904/1904
f 1903/1903/1903 825/825/825 146/146/146
f 1903/1903/1903 146/146/146 827/827/827
f 821/821/821 1903/1903/1903 827/827/827
f 821/821/821 827/827/827 140/140/140
f 184/184/184 829/829/829 1905/1905/1905
f 184/184/184 1905/1905/1905 828/828/828
f 829/829/829 189/189/189 816/816/816
f 829/829/829 816/816/816 1905/1905/1905
f 1905/1905/1905 816/816/816 187/187/187
f 1905/1905/1905 187/187/187 830/830/830
f 828/828/828 1905/1905/1905 830/830/830
f 828/828/828 830/830/830 183/183/183
f 144/144/144 831/831/831 1907/1907/1907
f 144/144/144 1907/1907/1907 826/826/826
f 831/831/831 142/142/142 833/833/833
f 831/831/831 833/833/833 1907/1907/1907
f 1906/1906/1906 832/832/832 143/143/143
f 1906/1906/1906 143/143/143 834/834/834
f 824/824/824 1906/1906/1906 834/834/834
f 824/824/824 834/834/834 145/145/145
f 264/264/264 837/837/837 1909/1909/1909
f 264/264/264 1909/1909/1909 836/836/836
f 837/837/837 267/267/267 840/840/840
f 837/837/837 840/840/840 1909/1909/1909
f 1908/1908/1908 838/838/838 269/269/269
f 1908/1908/1908 269/269/269 842/842/842
f 835/835/835 1908/1908/1908 842/842/842
f 835/835/835 842/842/842 263/263/263
f 268/268/268 843/843/843 1911/1911/1911
f 268/268/268 1911/1911/1911 841/841/841
f 843/843/843 265/265/265 845/845/845
f 843/843/843 845/845/845 1911/1911/1911
f 1910/1910/1910 844/844/844 266/266/266
f 1910/1910/1910 266/266/266 846/846/846
f 839/839/839 1910/1910/1910 846/846/846
f 839/839/839 846/846/846 270/270/270
f 230/230/230 851/851/851 1912/1912/1912
f 230/230/230 1912/1912/1912 849/849/849
f 851/851/851 225/225/225 852/852/852
f 851/851/851 852/852/852 1912/1912/1912
f 1913/1913/1913 853/853/853 226/226/226
f 1913/1913/1913 226/226/226 854/854/854
f 850/850/850 1913/1913/1913 854/854/854
f 850/850/850 854/854/854 228/228/228
f 224/224/224 857/857/857 1915/1915/1915
f 224/224/224 1915/1915/1915 856/856/856
f 857/857/857 229/229/229 848/848/848
f 857/857/857 848/848/848 1915/1915/1915
f 1914/1914/1914 847/847/847 227/227/227
f 1914/1914/1914 227/227/227 858/858/858
f 855/855/855 1914/1914/1914 858/858/858
f 855/855/855 858/858/858 223/223/223
f 248/248/248 861/861/861 1916/1916/1916
f 248/248/248 1916/1916/1916 859/859/859
f 861/861/861 252/252/252 864/864/864
f 861/861/861 864/864/864 1916/1916/1916
f 1917/1917/1917 865/865/865 254/254/254
f 1917/1917/1917 254/254/254 866/866/866
f 860/860/860 1917/1917/1917 866/866/866
f 860/860/860 866/866/866 247/247/247
f 251/251/251 867/867/867 1919/1919/1919
f 251/251/251 1919/1919/1919 863/863/863
f 867/867/867 249/249/249 869/869/869
f 867/867/867 869/869/869 1919/1919/1919
f 1918/1918/1918 868/868/868 250/250/250
f 1918/1918/1918 250/250/250 870/870/870
f 862/862/862 1918/1918/1918 870/870/870
f 862/862/862 870/870/870 253/253/253
f 261/261/261 875/875/875 1921/1921/1921
f 261/261/261 1921/1921/1921 873/873/873
f 875/875/875 257/257/257 877/877/877
f 875/875/875 877/877/877 1921/1921/1921
f 1920/1920/1920 876/876/876 258/258/258
f 1920/1920/1920 258/258/258 878/878/878
f 871/871/871 1920/1920/1920 878/878/878
f 871/871/871 878/878/878 259/259/259
f 256/256/256 881/881/881 1923/1923/1923
f 256/256/256 1923/1923/1923 880/880/880
f 881/881/881 262/262/262 874/874/874
f 881/881/881 874/874/874 1923/1923/1923
f 1922/1922/1922 872/872/872 260/260/260
f 1922/1922/1922 260/260/260 882/882/882
f 879/879/879 1922/1922/1922 882/882/882
f 879/879/879 882/882/882 255/255/255
f 232/232/232 885/885/885 1924/1924/1924
f 232/232/232 1924/1924/1924 883/883/883
f 885/885/885 235/235/235 886/886/886
f 885/885/885 886/886/886 1924/1924/1924
f 1925/1925/1925 888/888/888 237/237/237
f 1925/1925/1925 237/237/237 890/890/890
f 884/884/884 1925/1925/1925 890/890/890
f 884/884/884 890/890/890 231/231/231
f 236/236/236 891/891/891 1926/1926/1926
f 236/236/236 1926/1926/1926 887/887/887
f 891/891/891 233/233/233 892/892/892
f 891/891/891 892/892/892 1926/1926/1926
f 1927/1927/1927 893/893/893 234/234/234
f 1927/1927/1927 234/234/234 894/894/894
f 889/889/889 1927/1927/1927 894/894/894
f 889/889/889 894/894/894 238/238/238
f 245/245/245 899/899/899 1928/1928/1928
f 245/245/245 1928/1928/1928 895/895/895
f 899/899/899 241/241/241 900/900/900
f 899/899/899 900/900/900 1928/1928/1928
f 1929/1929/1929 901/901/901 242/242/242
f 1929/1929/1929 242/242/242 902/902/902
f 897/897/897 1929/1929/1929 902/902/902
f 897/897/897 902/902/902 243/243/243
f 240/240/240 905/905/905 1930/1930/1930
f 240/240/240 1930/1930/1930 903/903/903
f 905/905/905 246/246/246 896/896/896
f 905/905/905 896/896/896 1930/1930/1930
f 1931/1931/1931 898/898/898 244/244/244
f 1931/1931/1931 244/244/244 906/906/906
f 904/904/904 1931/1931/1931 906/906/906
f 904/904/904 906/906/906 239/239/239
f 312/312/312 908/908/908 1932/1932/1932
f 312/312/312 1932/1932/1932 907/907/907
f 908/908/908 315/315/315 909/909/909
f 908/908/908 909/909/909 1932/1932/1932
f 1932/1932/1932 909/909/909 317/317/317
f 1932/1932/1932 317/317/317 911/911/911
f 907/907/907 1932/1932/1932 911/911/911
f 907/907/907 911/911/911 311/311/311
f 316/316/316 912/912/912 1933/1933/1933
f 316/316/316 1933/1933/1933 910/910/910
f 912/912/912 313/313/313 913/913/913
f 912/912/912 913/913/913 1933/1933/1933
f 1933/1933/1933 913/913/913 314/314/314
f 1933/1933/1933 314/314/314 914/914/914
f 910/910/910 1933/1933/1933 914/914/914
f 910/910/910 914/914/914 318/318/318
f 278/278/278 917/917/917 1934/1934/1934
f 278/278/278 1934/1934/1934 916/916/916
f 917/917/917 273/273/273 918/918/918
f 917/917/917 918/918/918 1934/1934/1934
f 1934/1934/1934 918/918/918 274/274/274
f 1934/1934/1934 274/274/274 919/919/919
f 916/916/916 1934/1934/1934 919/919/919
f 916/916/916 919/919/919 276/276/276
f 272/272/272 921/921/921 1935/1935/1935
f 272/272/272 1935/1935/1935 920/920/920
f 921/921/921 277/277/277 915/915/915
f 921/921/921 915/915/915 1935/1935/1935
f 1935/1935/1935 915/915/915 275/275/275
f 1935/1935/1935 275/275/275 922/922/922
f 920/920/920 1935/1935/1935 922/922/922
f 920/920/920 922/922/922 271/271/271
f 296/296/296 924/924/924 1936/1936/1936
f 296/296/296 1936/1936/1936 923/923/923
f 924/924/924 300/300/300 926/926/926
f 924/924/924 926/926/926 1936/1936/1936
f 1936/1936/1936 926/926/926 302/302/302
f 1936/1936/1936 302/302/302 927/927/927
f 923/923/923 1936/1936/1936 927/927/927
f 923/923/923 927/927/927 295/295/295
f 299/299/299 928/928/928 1937/1937/1937
f 299/299/299 1937/1937/1937 925/925/925
f 928/928/928 297/297/297 929/929/929
f 928/928/928 929/929/929 1937/1937/1937
f 1937/1937/1937 929/929/929 298/298/298
f 1937/1937/1937 298/298/298 930/930/930
f 925/925/925 1937/1937/1937 930/930/930
f 925/925/925 930/930/930 301/301/301
f 309/309/309 933/933/933 1938/1938/1938
f 309/309/309 1938/1938/1938 931/931/931
f 933/933/933 305/305/305 934/934/934
f 933/933/933 934/934/934 1938/1938/1938
f 1938/1938/1938 934/934/934 306/306/306
f 1938/1938/1938 306/306/306 935/935/935
f 931/931/931 1938/1938/1938 935/935/935
f 931/931/931 935/935/935 307/307/307
f 304/304/304 937/937/937 1939/1939/1939
f 304/304/304 1939/1939/1939 936/936/936
f 937/937/937 310/310/310 932/932/932
f 937/937/937 932/932/932 1939/1939/1939
f 1939/1939/1939 932/932/932 308/308/308
f 1939/1939/1939 308/308/308 938/938/938
f 936/936/936 1939/1939/1939 938/938/938
f 936/936/936 938/938/938 303/303/303
f 280/280/280 940/940/940 1940/1940/1940
f 280/280/280 1940/1940/1940 939/939/939
f 940/940/940 283/283/283 941/941/941
f 940/940/940 941/941/941 1940/1940/1940
f 1940/1940/1940 941/941/941 285/285/285
f 1940/1940/1940 285/285/285 943/943/943
f 939/939/939 1940/1940/1940 943/943/943
f 939/939/939 943/943/943 279/279/279
f 284/284/284 944/944/944 1941/1941/1941
f 284/284/284 1941/1941/1941 942/942/942
f 944/944/944 281/281/281 945/945/945
f 944/944/944 945/945/945 1941/1941/1941
f 1941/1941/1941 945/945/945 282/282/282
f 1941/1941/1941 282/282/282 946/946/946
f 942/942/942 1941/1941/1941 946/946/946
f 942/942/942 946/946/946 286/286/286
f 293/293/293 949/949/949 1942/1942/1942
f 293/293/293 1942/1942/1942 947/947/947
f 949/949/949 289/289/289 950/950/950
f 949/949/949 950/950/950 1942/1942/1942
f 1942/1942/1942 950/950/950 290/290/290
f 1942/1942/1942 290/290/290 951/951/951
f 947/947/947 1942/1942/1942 951/951/951
f 947/947/947 951/951/951 291/291/291
f 288/288/288 953/953/953 1943/1943/1943
f 288/288/288 1943/1943/1943 952/952/952
f 953/953/953 294/294/294 948/948/948
f 953/953/953 948/948/948 1943/1943/1943
f 1943/1943/1943 948/948/948 292/292/292
f 1943/1943/1943 292/292/292 954/954/954
f 952/952/952 1943/1943/1943 954/954/954
f 952/952/952 954/954/954 287/287/287
f 327/327/327 956/956/956 1944/1944/1944
f 327/327/327 1944/1944/1944 955/955/955
f 956/956/956 322/322/322 957/957/957
f 956/956/956 957/957/957 1944/1944/1944
f 1944/1944/1944 957/957/957 323/323/323
f 1944/1944/1944 323/323/323 958/958/958
f 955/955/955 1944/1944/1944 958/958/958
f 955/955/955 958/958/958 325/325/325
f 321/321/321 961/961/961 1945/1945/1945
f 321/321/321 1945/1945/1945 960/960/960
f 961/961/961 327/327/327 955/955/955
f 961/961/961 955/955/955 1945/1945/1945
f 1945/1945/1945 955/955/955 325/325/325
f 1945/1945/1945 325/325/325 962/962/962
f 960/960/960 1945/1945/1945 962/962/962
f 960/960/960 962/962/962 319/319/319
f 354/354/354 965/965/965 1946/1946/1946
f 354/354/354 1946/1946/1946 964/964/964
f 965/965/965 349/349/349 966/966/966
f 965/965/965 966/966/966 1946/1946/1946
f 1946/1946/1946 966/966/966 350/350/350
f 1946/1946/1946 350/350/350 967/967/967
f 964/964/964 1946/1946/1946 967/967/967
f 964/964/964 967/967/967 352/352/352
f 348/348/348 970/970/970 1947/1947/1947
f 348/348/348 1947/1947/1947 969/969/969
f 970/970/970 354/354/354 964/964/964
f 970/970/970 964/964/964 1947/1947/1947
f 1947/1947/1947 964/964/964 352/352/352
f 1947/1947/1947 352/352/352 971/971/971
f 969/969/969 1947/1947/1947 971/971/971
f 969/969/969 971/971/971 346/346/346
f 372/372/372 974/974/974 1948/1948/1948
f 372/372/372 1948/1948/1948 973/973/973
f 974/974/974 367/367/367 975/975/975
f 974/974/974 975/975/975 1948/1948/1948
f 1948/1948/1948 975/975/975 368/368/368
f 1948/1948/1948 368/368/368 976/976/976
f 973/973/973 1948/1948/1948 976/976/976
f 973/973/973 976/976/976 370/370/370
f 366/366/366 979/979/979 1949/1949/1949
f 366/366/366 1949/1949/1949 978/978/978
f 979/979/979 372/372/372 973/973/973
f 979/979/979 973/973/973 1949/1949/1949
f 1949/1949/1949 973/973/973 370/370/370
f 1949/1949/1949 370/370/370 980/980/980
f 978/978/978 1949/1949/1949 980/980/980
f 978/978/978 980/980/980 364/364/364
f 339/339/339 983/983/983 1950/1950/1950
f 339/339/339 1950/1950/1950 982/982/982
f 983/983/983 343/343/343 984/984/984
f 983/983/983 984/984/984 1950/1950/1950
f 1950/1950/1950 984/984/984 344/344/344
f 1950/1950/1950 344/344/344 985/985/985
f 982/982/982 1950/1950/1950 985/985/985
f 982/982/982 985/985/985 337/337/337
f 343/343/343 987/987/987 1951/1951/1951
f 343/343/343 1951/1951/1951 984/984/984
f 987/987/987 340/340/340 988/988/988
f 987/987/987 988/988/988 1951/1951/1951
f 1951/1951/1951 988/988/988 341/341/341
f 1951/1951/1951 341/341/341 989/989/989
f 984/984/984 1951/1951/1951 989/989/989
f 984/984/984 989/989/989 344/344/344
f 330/330/330 992/992/992 1952/1952/1952
f 330/330/330 1952/1952/1952 991/991/991
f 992/992/992 334/334/334 993/993/993
f 992/992/992 993/993/993 1952/1952/1952
f 1952/1952/1952 993/993/993 335/335/335
f 1952/1952/1952 335/335/335 994/994/994
f 991/991/991 1952/1952/1952 994/994/994
f 991/991/991 994/994/994 328/328/328
f 334/334/334 996/996/996 1953/1953/1953
f 334/334/334 1953/1953/1953 993/993/993
f 996/996/996 331/331/331 997/997/997
f 996/996/996 997/997/997 1953/1953/1953
f 1953/1953/1953 997/997/997 332/332/332
f 1953/1953/1953 332/332/332 998/998/998
f 993/993/993 1953/1953/1953 998/998/998
f 993/993/993 998/998/998 335/335/335
f 357/357/357 1001/1001/1001 1954/1954/1954
f 357/357/357 1954/1954/1954 1000/1000/1000
f 1001/1001/1001 361/361/361 1002/1002/1002
f 1001/1001/1001 1002/1002/1002 1954/1954/1954
f 1954/1954/1954 1002/1002/1002 362/362/362
f 1954/1954/1954 362/362/362 1003/1003/1003
f 1000/1000/1000 1954/1954/1954 1003/1003/1003
f 1000/1000/1000 1003/1003/1003 355/355/355
f 361/361/361 1005/1005/1005 1955/1955/1955
f 361/361/361 1955/1955/1955 1002/1002/1002
f 1005/1005/1005 358/358/358 1006/1006/1006
f 1005/1005/1005 1006/1006/1006 1955/1955/1955
f 1955/1955/1955 1006/1006/1006 359/359/359
f 1955/1955/1955 359/359/359 1007/1007/1007
f 1002/1002/1002 1955/1955/1955 1007/1007/1007
f 1002/1002/1002 1007/1007/1007 362/362/362
f 407/407/407 1012/1012/1012 1957/1957/1957
f 407/407/407 1957/1957/1957 1010/1010/1010
f 1012/1012/1012 403/403/403 1014/1014/1014
f 1012/1012/1012 1014/1014/1014 1957/1957/1957
f 1956/1956/1956 1013/1013/1013 404/404/404
f 1956/1956/1956 404/404/404 1015/1015/1015
f 1011/1011/1011 1956/1956/1956 1015/1015/1015
f 1011/1011/1011 1015/1015/1015 406/406/406
f 448/448/448 1017/1017/1017 1958/1958/1958
f 448/448/448 1958/1958/1958 1016/1016/1016
f 1017/1017/1017 452/452/452 1019/1019/1019
f 1017/1017/1017 1019/1019/1019 1958/1958/1958
f 1958/1958/1958 1019/1019/1019 454/454/454
f 1958/1958/1958 454/454/454 1020/1020/1020
f 1016/1016/1016 1958/1958/1958 1020/1020/1020
f 1016/1016/1016 1020/1020/1020 447/447/447
f 402/402/402 1023/1023/1023 1959/1959/1959
f 402/402/402 1959/1959/1959 1021/1021/1021
f 1023/1023/1023 407/407/407 1010/1010/1010
f 1023/1023/1023 1010/1010/1010 1959/1959/1959
f 1960/1960/1960 1009/1009/1009 405/405/405
f 1960/1960/1960 405/405/405 1024/1024/1024
f 1022/1022/1022 1960/1960/1960 1024/1024/1024
f 1022/1022/1022 1024/1024/1024 401/401/401
f 451/451/451 1025/1025/1025 1961/1961/1961
f 451/451/451 1961/1961/1961 1018/1018/1018
f 1025/1025/1025 449/449/449 1026/1026/1026
f 1025/1025/1025 1026/1026/1026 1961/1961/1961
f 1961/1961/1961 1026/1026/1026 450/450/450
f 1961/1961/1961 450/450/450 1027/1027/1027
f 1018/1018/1018 1961/1961/1961 1027/1027/1027
f 1018/1018/1018 1027/1027/1027 453/453/453
f 462/462/462 1030/1030/1030 1962/1962/1962
f 462/462/462 1962/1962/1962 1029/1029/1029
f 1030/1030/1030 457/457/457 1031/1031/1031
f 1030/1030/1030 1031/1031/1031 1962/1962/1962
f 1962/1962/1962 1031/1031/1031 458/458/458
f 1962/1962/1962 458/458/458 1032/1032/1032
f 1029/1029/1029 1962/1962/1962 1032/1032/1032
f 1029/1029/1029 1032/1032/1032 460/460/460
f 409/409/409 1035/1035/1035 1963/1963/1963
f 409/409/409 1963/1963/1963 1033/1033/1033
f 1035/1035/1035 412/412/412 1036/1036/1036
f 1035/1035/1035 1036/1036/1036 1963/1963/1963
f 1964/1964/1964 1038/1038/1038 414/414/414
f 1964/1964/1964 414/414/414 1039/1039/1039
f 1034/1034/1034 1964/1964/1964 1039/1039/1039
f 1034/1034/1034 1039/1039/1039 408/408/408
f 456/456/456 1041/1041/1041 1965/1965/1965
f 456/456/456 1965/1965/1965 1040/1040/1040
f 1041/1041/1041 461/461/461 1028/1028/1028
f 1041/1041/1041 1028/1028/1028 1965/1965/1965
f 1965/1965/1965 1028/1028/1028 459/459/459
f 1965/1965/1965 459/459/459 1042/1042/1042
f 1040/1040/1040 1965/1965/1965 1042/1042/1042
f 1040/1040/1040 1042/1042/1042 455/455/455
f 412/412/412 1043/1043/1043 1966/1966/1966
f 412/412/412 1966/1966/1966 1036/1036/1036
f 1043/1043/1043 410/410/410 1044/1044/1044
f 1043/1043/1043 1044/1044/1044 1966/1966/1966
f 1967/1967/1967 1045/1045/1045 411/411/411
f 1967/1967/1967 411/411/411 1046/1046/1046
f 1037/1037/1037 1967/1967/1967 1046/1046/1046
f 1037/1037/1037 1046/1046/1046 413/413/413
f 393/393/393 1050/1050/1050 1969/1969/1969
f 393/393/393 1969/1969/1969 1049/1049/1049
f 1050/1050/1050 389/389/389 1052/1052/1052
f 1050/1050/1050 1052/1052/1052 1969/1969/1969
f 1968/1968/1968 1051/1051/1051 390/390/390
f 1968/1968/1968 390/390/390 1053/1053/1053
f 1048/1048/1048 1968/1968/1968 1053/1053/1053
f 1048/1048/1048 1053/1053/1053 392/392/392
f 432/432/432 1055/1055/1055 1970/1970/1970
f 432/432/432 1970/1970/1970 1054/1054/1054
f 1055/1055/1055 436/436/436 1057/1057/1057
f 1055/1055/1055 1057/1057/1057 1970/1970/1970
f 1970/1970/1970 1057/1057/1057 438/438/438
f 1970/1970/1970 438/438/438 1058/1058/1058
f 1054/1054/1054 1970/1970/1970 1058/1058/1058
f 1054/1054/1054 1058/1058/1058 431/431/431
f 388/388/388 1061/1061/1061 1972/1972/1972
f 388/388/388 1972/1972/1972 1060/1060/1060
f 1061/1061/1061 393/393/393 1049/1049/1049
f 1061/1061/1061 1049/1049/1049 1972/1972/1972
f 1971/1971/1971 1047/1047/1047 391/391/391
f 1971/1971/1971 391/391/391 1062/1062/1062
f 1059/1059/1059 1971/1971/1971 1062/1062/1062
f 1059/1059/1059 1062/1062/1062 387/387/387
f 435/435/435 1063/1063/1063 1973/1973/1973
f 435/435/435 1973/1973/1973 1056/1056/1056
f 1063/1063/1063 433/433/433 1064/1064/1064
f 1063/1063/1063 1064/1064/1064 1973/1973/1973
f 1973/1973/1973 1064/1064/1064 434/434/434
f 1973/1973/1973 434/434/434 1065/1065/1065
f 1056/1056/1056 1973/1973/1973 1065/1065/1065
f 1056/1056/1056 1065/1065/1065 437/437/437
f 445/445/445 1068/1068/1068 1974/1974/1974
f 445/445/445 1974/1974/1974 1066/1066/1066
f 1068/1068/1068 441/441/441 1069/1069/1069
f 1068/1068/1068 1069/1069/1069 1974/1974/1974
f 1974/1974/1974 1069/1069/1069 442/442/442
f 1974/1974/1974 442/442/442 1070/1070/1070
f 1066/1066/1066 1974/1974/1974 1070/1070/1070
f 1066/1066/1066 1070/1070/1070 443/443/443
f 395/395/395 1073/1073/1073 1976/1976/1976
f 395/395/395 1976/1976/1976 1072/1072/1072
f 1073/1073/1073 398/398/398 1076/1076/1076
f 1073/1073/1073 1076/1076/1076 1976/1976/1976
f 1975/1975/1975 1074/1074/1074 399/399/399
f 1975/1975/1975 399/399/399 1077/1077/1077
f 1071/1071/1071 1975/1975/1975 1077/1077/1077
f 1071/1071/1071 1077/1077/1077 394/394/394
f 440/440/440 1079/1079/1079 1977/1977/1977
f 440/440/440 1977/1977/1977 1078/1078/1078
f 1079/1079/1079 446/446/446 1067/1067/1067
f 1079/1079/1079 1067/1067/1067 1977/1977/1977
f 1977/1977/1977 1067/1067/1067 444/444/444
f 1977/1977/1977 444/444/444 1080/1080/1080
f 1078/1078/1078 1977/1977/1977 1080/1080/1080
f 1078/1078/1078 1080/1080/1080 439/439/439
f 398/398/398 1081/1081/1081 1979/1979/1979
f 398/398/398 1979/1979/1979 1076/1076/1076
f 1081/1081/1081 396/396/396 1083/1083/1083
f 1081/1081/1081 1083/1083/1083 1979/1979/1979
f 1978/1978/1978 1082/1082/1082 397/397/397
f 1978/1978/1978 397/397/397 1084/1084/1084
f 1075/1075/1075 1978/1978/1978 1084/1084/1084
f 1075/1075/1075 1084/1084/1084 400/400/400
f 379/379/379 1088/1088/1088 1980/1980/1980
f 379/379/379 1980/1980/1980 1085/1085/1085
f 1088/1088/1088 375/375/375 1089/1089/1089
f 1088/1088/1088 1089/1089/1089 1980/1980/1980
f 1981/1981/1981 1090/1090/1090 376/376/376
f 1981/1981/1981 376/376/376 1091/1091/1091
f 1086/1086/1086 1981/1981/1981 1091/1091/1091
f 1086/1086/1086 1091/1091/1091 377/377/377
f 416/416/416 1093/1093/1093 1982/1982/1982
f 416/416/416 1982/1982/1982 1092/1092/1092
f 1093/1093/1093 419/419/419 1094/1094/1094
f 1093/1093/1093 1094/1094/1094 1982/1982/1982
f 1982/1982/1982 1094/1094/1094 421/421/421
f 1982/1982/1982 421/421/421 1096/1096/1096
f 1092/1092/1092 1982/1982/1982 1096/1096/1096
f 1092/1092/1092 1096/1096/1096 415/415/415
f 374/374/374 1099/1099/1099 1984/1984/1984
f 374/374/374 1984/1984/1984 1098/1098/1098
f 1099/1099/1099 379/379/379 1085/1085/1085
f 1099/1099/1099 1085/1085/1085 1984/1984/1984
f 1983/1983/1983 1087/1087/1087 378/378/378
f 1983/1983/1983 378/378/378 1100/1100/1100
f 1097/1097/1097 1983/1983/1983 1100/1100/1100
f 1097/1097/1097 1100/1100/1100 373/373/373
f 420/420/420 1101/1101/1101 1985/1985/1985
f 420/420/420 1985/1985/1985 1095/1095/1095
f 1101/1101/1101 417/417/417 1102/1102/1102
f 1101/1101/1101 1102/1102/1102 1985/1985/1985
f 1985/1985/1985 1102/1102/1102 418/418/418
f 1985/1985/1985 418/418/418 1103/1103/1103
f 1095/1095/1095 1985/1985/1985 1103/1103/1103
f 1095/1095/1095 1103/1103/1103 422/422/422
f 430/430/430 1106/1106/1106 1986/1986/1986
f 430/430/430 1986/1986/1986 1105/1105/1105
f 1106/1106/1106 425/425/425 1107/1107/1107
f 1106/1106/1106 1107/1107/1107 1986/1986/1986
f 1986/1986/1986 1107/1107/1107 426/426/426
f 1986/1986/1986 426/426/426 1108/1108/1108
f 1105/1105/1105 1986/1986/1986 1108/1108/1108
f 1105/1105/1105 1108/1108/1108 428/428/428
f 381/381/381 1111/1111/1111 1988/1988/1988
f 381/381/381 1988/1988/1988 1110/1110/1110
f 1111/1111/1111 384/384/384 1114/1114/1114
f 1111/1111/1111 1114/1114/1114 1988/1988/1988
f 1987/1987/1987 1113/1113/1113 386/386/386
f 1987/1987/1987 386/386/386 1115/1115/1115
f 1109/1109/1109 1987/1987/1987 1115/1115/1115
f 1109/1109/1109 1115/1115/1115 380/380/380
f 424/424/424 1117/1117/1117 1989/1989/1989
f 424/424/424 1989/1989/1989 1116/1116/1116
f 1117/1117/1117 429/429/429 1104/1104/1104
f 1117/1117/1117 1104/1104/1104 1989/1989/1989
f 1989/1989/1989 1104/1104/1104 427/427/427
f 1989/1989/1989 427/427/427 1118/1118/1118
f 1116/1116/1116 1989/1989/1989 1118/1118/1118
f 1116/1116/1116 1118/1118/1118 423/423/423
f 384/384/384 1119/1119/1119 1991/1991/1991
f 384/384/384 1991/1991/1991 1114/1114/1114
f 1119/1119/1119 382/382/382 1121/1121/1121
f 1119/1119/1119 1121/1121/1121 1991/1991/1991
f 1990/1990/1990 1120/1120/1120 383/383/383
f 1990/1990/1990 383/383/383 1122/1122/1122
f 1112/1112/1112 1990/1990/1990 1122/1122/1122
f 1112/1112/1112 1122/1122/1122 385/385/385
f 497/497/497 1124/1124/1124 1992/1992/1992
f 497/497/497 1992/1992/1992 1123/1123/1123
f 1124/1124/1124 503/503/503 1127/1127/1127
f 1124/1124/1124 1127/1127/1127 1992/1992/1992
f 1992/1992/1992 1127/1127/1127 506/506/506
f 1992/1992/1992 506/506/506 1128/1128/1128
f 1123/1123/1123 1992/1992/1992 1128/1128/1128
f 1123/1123/1123 1128/1128/1128 496/496/496
f 502/502/502 1129/1129/1129 1993/1993/1993
f 502/502/502 1993/1993/1993 1126/1126/1126
f 1129/1129/1129 499/499/499 1131/1131/1131
f 1129/1129/1129 1131/1131/1131 1993/1993/1993
f 1993/1993/1993 1131/1131/1131 501/501/501
f 1993/1993/1993 501/501/501 1132/1132/1132
f 1126/1126/1126 1993/1993/1993 1132/1132/1132
f 1126/1126/1126 1132/1132/1132 505/505/505
f 515/515/515 1135/1135/1135 1994/1994/1994
f 515/515/515 1994/1994/1994 1133/1133/1133
f 1135/1135/1135 510/510/510 1137/1137/1137
f 1135/1135/1135 1137/1137/1137 1994/1994/1994
f 1994/1994/1994 1137/1137/1137 512/512/512
f 1994/1994/1994 512/512/512 1138/1138/1138
f 1133/1133/1133 1994/1994/1994 1138/1138/1138
f 1133/1133/1133 1138/1138/1138 513/513/513
f 508/508/508 1140/1140/1140 1995/1995/1995
f 508/508/508 1995/1995/1995 1139/1139/1139
f 1140/1140/1140 516/516/516 1134/1134/1134
f 1140/1140/1140 1134/1134/1134 1995/1995/1995
f 1995/1995/1995 1134/1134/1134 514/514/514
f 1995/1995/1995 514/514/514 1142/1142/1142
f 1139/1139/1139 1995/1995/1995 1142/1142/1142
f 1139/1139/1139 1142/1142/1142 507/507/507
f 475/475/475 1144/1144/1144 1996/1996/1996
f 475/475/475 1996/1996/1996 1143/1143/1143
f 1144/1144/1144 480/480/480 1146/1146/1146
f 1144/1144/1144 1146/1146/1146 1996/1996/1996
f 1996/1996/1996 1146/1146/1146 483/483/483
f 1996/1996/1996 483/483/483 1148/1148/1148
f 1143/1143/1143 1996/1996/1996 1148/1148/1148
f 1143/1143/1143 1148/1148/1148 474/474/474
f 482/482/482 1150/1150/1150 1997/1997/1997
f 482/482/482 1997/1997/1997 1147/1147/1147
f 1150/1150/1150 478/478/478 1151/1151/1151
f 1150/1150/1150 1151/1151/1151 1997/1997/1997
f 1997/1997/1997 1151/1151/1151 479/479/479
f 1997/1997/1997 479/479/479 1152/1152/1152
f 1147/1147/1147 1997/1997/1997 1152/1152/1152
f 1147/1147/1147 1152/1152/1152 484/484/484
f 494/494/494 1156/1156/1156 1998/1998/1998
f 494/494/494 1998/1998/1998 1153/1153/1153
f 1156/1156/1156 489/489/489 1157/1157/1157
f 1156/1156/1156 1157/1157/1157 1998/1998/1998
f 1998/1998/1998 1157/1157/1157 490/490/490
f 1998/1998/1998 490/490/490 1158/1158/1158
f 1153/1153/1153 1998/1998/1998 1158/1158/1158
f 1153/1153/1153 1158/1158/1158 491/491/491
f 487/487/487 1161/1161/1161 1999/1999/1999
f 487/487/487 1999/1999/1999 1159/1159/1159
f 1161/1161/1161 495/495/495 1154/1154/1154
f 1161/1161/1161 1154/1154/1154 1999/1999/1999
f 1999/1999/1999 1154/1154/1154 492/492/492
f 1999/1999/1999 492/492/492 1162/1162/1162
f 1159/1159/1159 1999/1999/1999 1162/1162/1162
f 1159/1159/1159 1162/1162/1162 485/485/485
f 527/527/527 1165/1165/1165 2000/2000/2000
f 527/527/527 2000/2000/2000 1164/1164/1164
f 1165/1165/1165 521/521/521 1167/1167/1167
f 1165/1165/1165 1167/1167/1167 2000/2000/2000
f 2000/2000/2000 1167/1167/1167 523/523/523
f 2000/2000/2000 523/523/523 1168/1168/1168
f 1164/1164/1164 2000/2000/2000 1168/1168/1168
f 1164/1164/1164 1168/1168/1168 525/525/525
f 519/519/519 1170/1170/1170 2001/2001/2001
f 519/519/519 2001/2001/2001 1169/1169/1169
f 1170/1170/1170 526/526/526 1163/1163/1163
f 1170/1170/1170 1163/1163/1163 2001/2001/2001
f 2001/2001/2001 1163/1163/1163 524/524/524
f 2001/2001/2001 524/524/524 1172/1172/1172
f 1169/1169/1169 2001/2001/2001 1172/1172/1172
f 1169/1169/1169 1172/1172/1172 518/518/518
f 464/464/464 1174/1174/1174 2002/2002/2002
f 464/464/464 2002/2002/2002 1173/1173/1173
f 1174/1174/1174 469/469/469 1176/1176/1176
f 1174/1174/1174 1176/1176/1176 2002/2002/2002
f 2002/2002/2002 1176/1176/1176 472/472/472
f 2002/2002/2002 472/472/472 1178/1178/1178
f 1173/1173/1173 2002/2002/2002 1178/1178/1178
f 1173/1173/1173 1178/1178/1178 463/463/463
f 470/470/470 1179/1179/1179 2003/2003/2003
f 470/470/470 2003/2003/2003 1177/1177/1177
f 1179/1179/1179 466/466/466 1181/1181/1181
f 1179/1179/1179 1181/1181/1181 2003/2003/2003
f 2003/2003/2003 1181/1181/1181 468/468/468
f 2003/2003/2003 468/468/468 1182/1182/1182
f 1177/1177/1177 2003/2003/2003 1182/1182/1182
f 1177/1177/1177 1182/1182/1182 473/473/473
f 542/542/542 1185/1185/1185 2005/2005/2005
f 542/542/542 2005/2005/2005 1183/1183/1183
f 1185/1185/1185 545/545/545 1187/1187/1187
f 1185/1185/1185 1187/1187/1187 2005/2005/2005
f 2004/2004/2004 1186/1186/1186 546/546/546
f 2004/2004/2004 546/546/546 1188/1188/1188
f 1184/1184/1184 2004/2004/2004 1188/1188/1188
f 1184/1184/1184 1188/1188/1188 541/541/541
f 545/545/545 1189/1189/1189 2006/2006/2006
f 545/545/545 2006/2006/2006 1187/1187/1187
f 1189/1189/1189 543/543/543 1190/1190/1190
f 1189/1189/1189 1190/1190/1190 2006/2006/2006
f 2007/2007/2007 1191/1191/1191 544/544/544
f 2007/2007/2007 544/544/544 1192/1192/1192
f 1186/1186/1186 2007/2007/2007 1192/1192/1192
f 1186/1186/1186 1192/1192/1192 546/546/546
f 552/552/552 1195/1195/1195 2008/2008/2008
f 552/552/552 2008/2008/2008 1193/1193/1193
f 1195/1195/1195 549/549/549 1196/1196/1196
f 1195/1195/1195 1196/1196/1196 2008/2008/2008
f 2009/2009/2009 1197/1197/1197 550/550/550
f 2009/2009/2009 550/550/550 1198/1198/1198
f 1194/1194/1194 2009/2009/2009 1198/1198/1198
f 1194/1194/1194 1198/1198/1198 551/551/551
f 548/548/548 1201/1201/1201 2010/2010/2010
f 548/548/548 2010/2010/2010 1199/1199/1199
f 1201/1201/1201 552/552/552 1193/1193/1193
f 1201/1201/1201 1193/1193/1193 2010/2010/2010
f 2011/2011/2011 1194/1194/1194 551/551/551
f 2011/2011/2011 551/551/551 1202/1202/1202
f 1200/1200/1200 2011/2011/2011 1202/1202/1202
f 1200/1200/1200 1202/1202/1202 547/547/547
f 530/530/530 1205/1205/1205 2012/2012/2012
f 530/530/530 2012/2012/2012 1203/1203/1203
f 1205/1205/1205 533/533/533 1206/1206/1206
f 1205/1205/1205 1206/1206/1206 2012/2012/2012
f 2013/2013/2013 1207/1207/1207 534/534/534
f 2013/2013/2013 534/534/534 1208/1208/1208
f 1204/1204/1204 2013/2013/2013 1208/1208/1208
f 1204/1204/1204 1208/1208/1208 529/529/529
f 533/533/533 1209/1209/1209 2014/2014/2014
f 533/533/533 2014/2014/2014 1206/1206/1206
f 1209/1209/1209 531/531/531 1210/1210/1210
f 1209/1209/1209 1210/1210/1210 2014/2014/2014
f 2015/2015/2015 1211/1211/1211 532/532/532
f 2015/2015/2015 532/532/532 1212/1212/1212
f 1207/1207/1207 2015/2015/2015 1212/1212/1212
f 1207/1207/1207 1212/1212/1212 534/534/534
f 540/540/540 1215/1215/1215 2016/2016/2016
f 540/540/540 2016/2016/2016 1213/1213/1213
f 1215/1215/1215 537/537/537 1216/1216/1216
f 1215/1215/1215 1216/1216/1216 2016/2016/2016
f 2017/2017/2017 1217/1217/1217 538/538/538
f 2017/2017/2017 538/538/538 1218/1218/1218
f 1214/1214/1214 2017/2017/2017 1218/1218/1218
f 1214/1214/1214 1218/1218/1218 539/539/539
f 536/536/536 1221/1221/1221 2018/2018/2018
f 536/536/536 2018/2018/2018 1219/1219/1219
f 1221/1221/1221 540/540/540 1213/1213/1213
f 1221/1221/1221 1213/1213/1213 2018/2018/2018
f 2019/2019/2019 1214/1214/1214 539/539/539
f 2019/2019/2019 539/539/539 1222/1222/1222
f 1220/1220/1220 2019/2019/2019 1222/1222/1222
f 1220/1220/1220 1222/1222/1222 535/535/535
f 560/560/560 1225/1225/1225 2021/2021/2021
f 560/560/560 2021/2021/2021 1223/1223/1223
f 1225/1225/1225 563/563/563 1226/1226/1226
f 1225/1225/1225 1226/1226/1226 2021/2021/2021
f 2020/2020/2020 1227/1227/1227 564/564/564
f 2020/2020/2020 564/564/564 1228/1228/1228
f 1224/1224/1224 2020/2020/2020 1228/1228/1228
f 1224/1224/1224 1228/1228/1228 559/559/559
f 563/563/563 1229/1229/1229 2022/2022/2022
f 563/563/563 2022/2022/2022 1226/1226/1226
f 1229/1229/1229 561/561/561 1230/1230/1230
f 1229/1229/1229 1230/1230/1230 2022/2022/2022
f 2023/2023/2023 1231/1231/1231 562/562/562
f 2023/2023/2023 562/562/562 1232/1232/1232
f 1227/1227/1227 2023/2023/2023 1232/1232/1232
f 1227/1227/1227 1232/1232/1232 564/564/564
f 558/558/558 1235/1235/1235 2024/2024/2024
f 558/558/558 2024/2024/2024 1233/1233/1233
f 1235/1235/1235 555/555/555 1236/1236/1236
f 1235/1235/1235 1236/1236/1236 2024/2024/2024
f 2025/2025/2025 1237/1237/1237 556/556/556
f 2025/2025/2025 556/556/556 1238/1238/1238
f 1234/1234/1234 2025/2025/2025 1238/1238/1238
f 1234/1234/1234 1238/1238/1238 557/557/557
f 554/554/554 1241/1241/1241 2026/2026/2026
f 554/554/554 2026/2026/2026 1239/1239/1239
f 1241/1241/1241 558/558/558 1233/1233/1233
f 1241/1241/1241 1233/1233/1233 2026/2026/2026
f 2027/2027/2027 1234/1234/1234 557/557/557
f 2027/2027/2027 557/557/557 1242/1242/1242
f 1240/1240/1240 2027/2027/2027 1242/1242/1242
f 1240/1240/1240 1242/1242/1242 553/553/553
f 133/133/133 1243/1243/1243 2028/2028/2028
f 133/133/133 2028/2028/2028 809/809/809
f 1243/1243/1243 143/143/143 832/832/832
f 1243/1243/1243 832/832/832 2028/2028/2028
f 2029/2029/2029 833/833/833 142/142/142
f 2029/2029/2029 142/142/142 1244/1244/1244
f 810/810/810 2029/2029/2029 1244/1244/1244
f 810/810/810 1244/1244/1244 134/134/134
f 358/358/358 1245/1245/1245 2030/2030/2030
f 358/358/358 2030/2030/2030 1006/1006/1006
f 1245/1245/1245 366/366/366 978/978/978
f 1245/1245/1245 978/978/978 2030/2030/2030
f 2030/2030/2030 978/978/978 364/364/364
f 2030/2030/2030 364/364/364 1246/1246/1246
f 1006/1006/1006 2030/2030/2030 1246/1246/1246
f 1006/1006/1006 1246/1246/1246 359/359/359
f 135/135/135 1248/1248/1248 2032/2032/2032
f 135/135/135 2032/2032/2032 802/802/802
f 1248/1248/1248 169/169/169 746/746/746
f 1248/1248/1248 746/746/746 2032/2032/2032
f 2031/2031/2031 745/745/745 168/168/168
f 2031/2031/2031 168/168/168 1249/1249/1249
f 801/801/801 2031/2031/2031 1249/1249/1249
f 801/801/801 1249/1249/1249 136/136/136
f 217/217/217 1250/1250/1250 2033/2033/2033
f 217/217/217 2033/2033/2033 743/743/743
f 1250/1250/1250 176/176/176 804/804/804
f 1250/1250/1250 804/804/804 2033/2033/2033
f 2033/2033/2033 804/804/804 175/175/175
f 2033/2033/2033 175/175/175 1251/1251/1251
f 743/743/743 2033/2033/2033 1251/1251/1251
f 743/743/743 1251/1251/1251 218/218/218
f 177/177/177 1252/1252/1252 2034/2034/2034
f 177/177/177 2034/2034/2034 814/814/814
f 1252/1252/1252 184/184/184 828/828/828
f 1252/1252/1252 828/828/828 2034/2034/2034
f 2034/2034/2034 828/828/828 183/183/183
f 2034/2034/2034 183/183/183 1253/1253/1253
f 814/814/814 2034/2034/2034 1253/1253/1253
f 814/814/814 1253/1253/1253 178/178/178
f 367/367/367 1254/1254/1254 2035/2035/2035
f 367/367/367 2035/2035/2035 975/975/975
f 1254/1254/1254 321/321/321 960/960/960
f 1254/1254/1254 960/960/960 2035/2035/2035
f 2035/2035/2035 960/960/960 319/319/319
f 2035/2035/2035 319/319/319 1255/1255/1255
f 975/975/975 2035/2035/2035 1255/1255/1255
f 975/975/975 1255/1255/1255 368/368/368
f 140/140/140 1257/1257/1257 2036/2036/2036
f 140/140/140 2036/2036/2036 821/821/821
f 1257/1257/1257 150/150/150 763/763/763
f 1257/1257/1257 763/763/763 2036/2036/2036
f 2037/2037/2037 764/764/764 149/149/149
f 2037/2037/2037 149/149/149 1258/1258/1258
f 822/822/822 2037/2037/2037 1258/1258/1258
f 822/822/822 1258/1258/1258 141/141/141
f 349/349/349 1259/1259/1259 2038/2038/2038
f 349/349/349 2038/2038/2038 966/966/966
f 1259/1259/1259 357/357/357 1000/1000/1000
f 1259/1259/1259 1000/1000/1000 2038/2038/2038
f 2038/2038/2038 1000/1000/1000 355/355/355
f 2038/2038/2038 355/355/355 1260/1260/1260
f 966/966/966 2038/2038/2038 1260/1260/1260
f 966/966/966 1260/1260/1260 350/350/350
f 185/185/185 1262/1262/1262 2039/2039/2039
f 185/185/185 2039/2039/2039 819/819/819
f 1262/1262/1262 192/192/192 766/766/766
f 1262/1262/1262 766/766/766 2039/2039/2039
f 2039/2039/2039 766/766/766 191/191/191
f 2039/2039/2039 191/191/191 1263/1263/1263
f 819/819/819 2039/2039/2039 1263/1263/1263
f 819/819/819 1263/1263/1263 186/186/186
f 147/147/147 1264/1264/1264 2040/2040/2040
f 147/147/147 2040/2040/2040 771/771/771
f 1264/1264/1264 157/157/157 794/794/794
f 1264/1264/1264 794/794/794 2040/2040/2040
f 2041/2041/2041 795/795/795 156/156/156
f 2041/2041/2041 156/156/156 1265/1265/1265
f 772/772/772 2041/2041/2041 1265/1265/1265
f 772/772/772 1265/1265/1265 148/148/148
f 340/340/340 1266/1266/1266 2042/2042/2042
f 340/340/340 2042/2042/2042 988/988/988
f 1266/1266/1266 348/348/348 969/969/969
f 1266/1266/1266 969/969/969 2042/2042/2042
f 2042/2042/2042 969/969/969 346/346/346
f 2042/2042/2042 346/346/346 1267/1267/1267
f 988/988/988 2042/2042/2042 1267/1267/1267
f 988/988/988 1267/1267/1267 341/341/341
f 193/193/193 1269/1269/1269 2043/2043/2043
f 193/193/193 2043/2043/2043 776/776/776
f 1269/1269/1269 200/200/200 790/790/790
f 1269/1269/1269 790/790/790 2043/2043/2043
f 2043/2043/2043 790/790/790 199/199/199
f 2043/2043/2043 199/199/199 1270/1270/1270
f 776/776/776 2043/2043/2043 1270/1270/1270
f 776/776/776 1270/1270/1270 194/194/194
f 154/154/154 1271/1271/1271 2044/2044/2044
f 154/154/154 2044/2044/2044 783/783/783
f 1271/1271/1271 164/164/164 725/725/725
f 1271/1271/1271 725/725/725 2044/2044/2044
f 2045/2045/2045 726/726/726 163/163/163
f 2045/2045/2045 163/163/163 1272/1272/1272
f 784/784/784 2045/2045/2045 1272/1272/1272
f 784/784/784 1272/1272/1272 155/155/155
f 331/331/331 1273/1273/1273 2046/2046/2046
f 331/331/331 2046/2046/2046 997/997/997
f 1273/1273/1273 339/339/339 982/982/982
f 1273/1273/1273 982/982/982 2046/2046/2046
f 2046/2046/2046 982/982/982 337/337/337
f 2046/2046/2046 337/337/337 1274/1274/1274
f 997/997/997 2046/2046/2046 1274/1274/1274
f 997/997/997 1274/1274/1274 332/332/332
f 201/201/201 1276/1276/1276 2047/2047/2047
f 201/201/201 2047/2047/2047 781/781/781
f 1276/1276/1276 208/208/208 728/728/728
f 1276/1276/1276 728/728/728 2047/2047/2047
f 2047/2047/2047 728/728/728 207/207/207
f 2047/2047/2047 207/207/207 1277/1277/1277
f 781/781/781 2047/2047/2047 1277/1277/1277
f 781/781/781 1277/1277/1277 202/202/202
f 161/161/161 1278/1278/1278 2049/2049/2049
f 161/161/161 2049/2049/2049 733/733/733
f 1278/1278/1278 171/171/171 757/757/757
f 1278/1278/1278 757/757/757 2049/2049/2049
f 2048/2048/2048 756/756/756 170/170/170
f 2048/2048/2048 170/170/170 1279/1279/1279
f 734/734/734 2048/2048/2048 1279/1279/1279
f 734/734/734 1279/1279/1279 162/162/162
f 322/322/322 1280/1280/1280 2050/2050/2050
f 322/322/322 2050/2050/2050 957/957/957
f 1280/1280/1280 330/330/330 991/991/991
f 1280/1280/1280 991/991/991 2050/2050/2050
f 2050/2050/2050 991/991/991 328/328/328
f 2050/2050/2050 328/328/328 1281/1281/1281
f 957/957/957 2050/2050/2050 1281/1281/1281
f 957/957/957 1281/1281/1281 323/323/323
f 209/209/209 1283/1283/1283 2051/2051/2051
f 209/209/209 2051/2051/2051 738/738/738
f 1283/1283/1283 216/216/216 752/752/752
f 1283/1283/1283 752/752/752 2051/2051/2051
f 2051/2051/2051 752/752/752 215/215/215
f 2051/2051/2051 215/215/215 1284/1284/1284
f 738/738/738 2051/2051/2051 1284/1284/1284
f 738/738/738 1284/1284/1284 210/210/210
f 225/225/225 1285/1285/1285 2052/2052/2052
f 225/225/225 2052/2052/2052 852/852/852
f 1285/1285/1285 232/232/232 883/883/883
f 1285/1285/1285 883/883/883 2052/2052/2052
f 2053/2053/2053 884/884/884 231/231/231
f 2053/2053/2053 231/231/231 1286/1286/1286
f 853/853/853 2053/2053/2053 1286/1286/1286
f 853/853/853 1286/1286/1286 226/226/226
f 265/265/265 1287/1287/1287 2055/2055/2055
f 265/265/265 2055/2055/2055 845/845/845
f 1287/1287/1287 224/224/224 856/856/856
f 1287/1287/1287 856/856/856 2055/2055/2055
f 2054/2054/2054 855/855/855 223/223/223
f 2054/2054/2054 223/223/223 1288/1288/1288
f 844/844/844 2054/2054/2054 1288/1288/1288
f 844/844/844 1288/1288/1288 266/266/266
f 233/233/233 1289/1289/1289 2056/2056/2056
f 233/233/233 2056/2056/2056 892/892/892
f 1289/1289/1289 240/240/240 903/903/903
f 1289/1289/1289 903/903/903 2056/2056/2056
f 2057/2057/2057 904/904/904 239/239/239
f 2057/2057/2057 239/239/239 1290/1290/1290
f 893/893/893 2057/2057/2057 1290/1290/1290
f 893/893/893 1290/1290/1290 234/234/234
f 241/241/241 1291/1291/1291 2058/2058/2058
f 241/241/241 2058/2058/2058 900/900/900
f 1291/1291/1291 248/248/248 859/859/859
f 1291/1291/1291 859/859/859 2058/2058/2058
f 2059/2059/2059 860/860/860 247/247/247
f 2059/2059/2059 247/247/247 1292/1292/1292
f 901/901/901 2059/2059/2059 1292/1292/1292
f 901/901/901 1292/1292/1292 242/242/242
f 249/249/249 1293/1293/1293 2061/2061/2061
f 249/249/249 2061/2061/2061 869/869/869
f 1293/1293/1293 256/256/256 880/880/880
f 1293/1293/1293 880/880/880 2061/2061/2061
f 2060/2060/2060 879/879/879 255/255/255
f 2060/2060/2060 255/255/255 1294/1294/1294
f 868/868/868 2060/2060/2060 1294/1294/1294
f 868/868/868 1294/1294/1294 250/250/250
f 257/257/257 1295/1295/1295 2063/2063/2063
f 257/257/257 2063/2063/2063 877/877/877
f 1295/1295/1295 264/264/264 836/836/836
f 1295/1295/1295 836/836/836 2063/2063/2063
f 2062/2062/2062 835/835/835 263/263/263
f 2062/2062/2062 263/263/263 1296/1296/1296
f 876/876/876 2062/2062/2062 1296/1296/1296
f 876/876/876 1296/1296/1296 258/258/258
f 273/273/273 1297/1297/1297 2064/2064/2064
f 273/273/273 2064/2064/2064 918/918/918
f 1297/1297/1297 280/280/280 939/939/939
f 1297/1297/1297 939/939/939 2064/2064/2064
f 2064/2064/2064 939/939/939 279/279/279
f 2064/2064/2064 279/279/279 1298/1298/1298
f 918/918/918 2064/2064/2064 1298/1298/1298
f 918/918/918 1298/1298/1298 274/274/274
f 313/313/313 1299/1299/1299 2065/2065/2065
f 313/313/313 2065/2065/2065 913/913/913
f 1299/1299/1299 272/272/272 920/920/920
f 1299/1299/1299 920/920/920 2065/2065/2065
f 2065/2065/2065 920/920/920 271/271/271
f 2065/2065/2065 271/271/271 1300/1300/1300
f 913/913/913 2065/2065/2065 1300/1300/1300
f 913/913/913 1300/1300/1300 314/314/314
f 281/281/281 1301/1301/1301 2066/2066/2066
f 281/281/281 2066/2066/2066 945/945/945
f 1301/1301/1301 288/288/288 952/952/952
f 1301/1301/1301 952/952/952 2066/2066/2066
f 2066/2066/2066 952/952/952 287/287/287
f 2066/2066/2066 287/287/287 1302/1302/1302
f 945/945/945 2066/2066/2066 1302/1302/1302
f 945/945/945 1302/1302/1302 282/282/282
f 289/289/289 1303/1303/1303 2067/2067/2067
f 289/289/289 2067/2067/2067 950/950/950
f 1303/1303/1303 296/296/296 923/923/923
f 1303/1303/1303 923/923/923 2067/2067/2067
f 2067/2067/2067 923/923/923 295/295/295
f 2067/2067/2067 295/295/295 1304/1304/1304
f 950/950/950 2067/2067/2067 1304/1304/1304
f 950/950/950 1304/1304/1304 290/290/290
f 297/297/297 1305/1305/1305 2068/2068/2068
f 297/297/297 2068/2068/2068 929/929/929
f 1305/1305/1305 304/304/304 936/936/936
f 1305/1305/1305 936/936/936 2068/2068/2068
f 2068/2068/2068 936/936/936 303/303/303
f 2068/2068/2068 303/303/303 1306/1306/1306
f 929/929/929 2068/2068/2068 1306/1306/1306
f 929/929/929 1306/1306/1306 298/298/298
f 305/305/305 1307/1307/1307 2069/2069/2069
f 305/305/305 2069/2069/2069 934/934/934
f 1307/1307/1307 312/312/312 907/907/907
f 1307/1307/1307 907/907/907 2069/2069/2069
f 2069/2069/2069 907/907/907 311/311/311
f 2069/2069/2069 311/311/311 1308/1308/1308
f 934/934/934 2069/2069/2069 1308/1308/1308
f 934/934/934 1308/1308/1308 306/306/306
f 373/373/373 1309/1309/1309 2070/2070/2070
f 373/373/373 2070/2070/2070 1097/1097/1097
f 1309/1309/1309 383/383/383 1120/1120/1120
f 1309/1309/1309 1120/1120/1120 2070/2070/2070
f 2071/2071/2071 1121/1121/1121 382/382/382
f 2071/2071/2071 382/382/382 1310/1310/1310
f 1098/1098/1098 2071/2071/2071 1310/1310/1310
f 1098/1098/1098 1310/1310/1310 374/374/374
f 375/375/375 1311/1311/1311 2072/2072/2072
f 375/375/375 2072/2072/2072 1089/1089/1089
f 1311/1311/1311 409/409/409 1033/1033/1033
f 1311/1311/1311 1033/1033/1033 2072/2072/2072
f 2073/2073/2073 1034/1034/1034 408/408/408
f 2073/2073/2073 408/408/408 1312/1312/1312
f 1090/1090/1090 2073/2073/2073 1312/1312/1312
f 1090/1090/1090 1312/1312/1312 376/376/376
f 457/457/457 1313/1313/1313 2074/2074/2074
f 457/457/457 2074/2074/2074 1031/1031/1031
f 1313/1313/1313 416/416/416 1092/1092/1092
f 1313/1313/1313 1092/1092/1092 2074/2074/2074
f 2074/2074/2074 1092/1092/1092 415/415/415
f 2074/2074/2074 415/415/415 1314/1314/1314
f 1031/1031/1031 2074/2074/2074 1314/1314/1314
f 1031/1031/1031 1314/1314/1314 458/458/458
f 417/417/417 1315/1315/1315 2075/2075/2075
f 417/417/417 2075/2075/2075 1102/1102/1102
f 1315/1315/1315 424/424/424 1116/1116/1116
f 1315/1315/1315 1116/1116/1116 2075/2075/2075
f 2075/2075/2075 1116/1116/1116 423/423/423
f 2075/2075/2075 423/423/423 1316/1316/1316
f 1102/1102/1102 2075/2075/2075 1316/1316/1316
f 1102/1102/1102 1316/1316/1316 418/418/418
f 389/389/389 1317/1317/1317 2077/2077/2077
f 389/389/389 2077/2077/2077 1052/1052/1052
f 1317/1317/1317 381/381/381 1110/1110/1110
f 1317/1317/1317 1110/1110/1110 2077/2077/2077
f 2076/2076/2076 1109/1109/1109 380/380/380
f 2076/2076/2076 380/380/380 1318/1318/1318
f 1051/1051/1051 2076/2076/2076 1318/1318/1318
f 1051/1051/1051 1318/1318/1318 390/390/390
f 425/425/425 1319/1319/1319 2078/2078/2078
f 425/425/425 2078/2078/2078 1107/1107/1107
f 1319/1319/1319 432/432/432 1054/1054/1054
f 1319/1319/1319 1054/1054/1054 2078/2078/2078
f 2078/2078/2078 1054/1054/1054 431/431/431
f 2078/2078/2078 431/431/431 1320/1320/1320
f 1107/1107/1107 2078/2078/2078 1320/1320/1320
f 1107/1107/1107 1320/1320/1320 426/426/426
f 396/396/396 1321/1321/1321 2080/2080/2080
f 396/396/396 2080/2080/2080 1083/1083/1083
f 1321/1321/1321 388/388/388 1060/1060/1060
f 1321/1321/1321 1060/1060/1060 2080/2080/2080
f 2079/2079/2079 1059/1059/1059 387/387/387
f 2079/2079/2079 387/387/387 1322/1322/1322
f 1082/1082/1082 2079/2079/2079 1322/1322/1322
f 1082/1082/1082 1322/1322/1322 397/397/397
f 433/433/433 1323/1323/1323 2081/2081/2081
f 433/433/433 2081/2081/2081 1064/1064/1064
f 1323/1323/1323 440/440/440 1078/1078/1078
f 1323/1323/1323 1078/1078/1078 2081/2081/2081
f 2081/2081/2081 1078/1078/1078 439/439/439
f 2081/2081/2081 439/439/439 1324/1324/1324
f 1064/1064/1064 2081/2081/2081 1324/1324/1324
f 1064/1064/1064 1324/1324/1324 434/434/434
f 403/403/403 1325/1325/1325 2083/2083/2083
f 403/403/403 2083/2083/2083 1014/1014/1014
f 1325/1325/1325 395/395/395 1072/1072/1072
f 1325/1325/1325 1072/1072/1072 2083/2083/2083
f 2082/2082/2082 1071/1071/1071 394/394/394
f 2082/2082/2082 394/394/394 1326/1326/1326
f 1013/1013/1013 2082/2082/2082 1326/1326/1326
f 1013/1013/1013 1326/1326/1326 404/404/404
f 441/441/441 1327/1327/1327 2084/2084/2084
f 441/441/441 2084/2084/2084 1069/1069/1069
f 1327/1327/1327 448/448/448 1016/1016/1016
f 1327/1327/1327 1016/1016/1016 2084/2084/2084
f 2084/2084/2084 1016/1016/1016 447/447/447
f 2084/2084/2084 447/447/447 1328/1328/1328
f 1069/1069/1069 2084/2084/2084 1328/1328/1328
f 1069/1069/1069 1328/1328/1328 442/442/442
f 410/410/410 1329/1329/1329 2085/2085/2085
f 410/410/410 2085/2085/2085 1044/1044/1044
f 1329/1329/1329 402/402/402 1021/1021/1021
f 1329/1329/1329 1021/1021/1021 2085/2085/2085
f 2086/2086/2086 1022/1022/1022 401/401/401
f 2086/2086/2086 401/401/401 1330/1330/1330
f 1045/1045/1045 2086/2086/2086 1330/1330/1330
f 1045/1045/1045 1330/1330/1330 411/411/411
f 449/449/449 1331/1331/1331 2087/2087/2087
f 449/449/449 2087/2087/2087 1026/1026/1026
f 1331/1331/1331 456/456/456 1040/1040/1040
f 1331/1331/1331 1040/1040/1040 2087/2087/2087
f 2087/2087/2087 1040/1040/1040 455/455/455
f 2087/2087/2087 455/455/455 1332/1332/1332
f 1026/1026/1026 2087/2087/2087 1332/1332/1332
f 1026/1026/1026 1332/1332/1332 450/450/450
f 466/466/466 1333/1333/1333 2088/2088/2088
f 466/466/466 2088/2088/2088 1181/1181/1181
f 1333/1333/1333 475/475/475 1143/1143/1143
f 1333/1333/1333 1143/1143/1143 2088/2088/2088
f 2088/2088/2088 1143/1143/1143 474/474/474
f 2088/2088/2088 474/474/474 1335/1335/1335
f 1181/1181/1181 2088/2088/2088 1335/1335/1335
f 1181/1181/1181 1335/1335/1335 468/468/468
f 521/521/521 1336/1336/1336 2089/2089/2089
f 521/521/521 2089/2089/2089 1167/1167/1167
f 1336/1336/1336 464/464/464 1173/1173/1173
f 1336/1336/1336 1173/1173/1173 2089/2089/2089
f 2089/2089/2089 1173/1173/1173 463/463/463
f 2089/2089/2089 463/463/463 1338/1338/1338
f 1167/1167/1167 2089/2089/2089 1338/1338/1338
f 1167/1167/1167 1338/1338/1338 523/523/523
f 478/478/478 1340/1340/1340 2090/2090/2090
f 478/478/478 2090/2090/2090 1151/1151/1151
f 1340/1340/1340 487/487/487 1159/1159/1159
f 1340/1340/1340 1159/1159/1159 2090/2090/2090
f 2090/2090/2090 1159/1159/1159 485/485/485
f 2090/2090/2090 485/485/485 1341/1341/1341
f 1151/1151/1151 2090/2090/2090 1341/1341/1341
f 1151/1151/1151 1341/1341/1341 479/479/479
f 489/489/489 1342/1342/1342 2091/2091/2091
f 489/489/489 2091/2091/2091 1157/1157/1157
f 1342/1342/1342 497/497/497 1123/1123/1123
f 1342/1342/1342 1123/1123/1123 2091/2091/2091
f 2091/2091/2091 1123/1123/1123 496/496/496
f 2091/2091/2091 496/496/496 1344/1344/1344
f 1157/1157/1157 2091/2091/2091 1344/1344/1344
f 1157/1157/1157 1344/1344/1344 490/490/490
f 499/499/499 1345/1345/1345 2092/2092/2092
f 499/499/499 2092/2092/2092 1131/1131/1131
f 1345/1345/1345 508/508/508 1139/1139/1139
f 1345/1345/1345 1139/1139/1139 2092/2092/2092
f 2092/2092/2092 1139/1139/1139 507/507/507
f 2092/2092/2092 507/507/507 1347/1347/1347
f 1131/1131/1131 2092/2092/2092 1347/1347/1347
f 1131/1131/1131 1347/1347/1347 501/501/501
f 510/510/510 1348/1348/1348 2093/2093/2093
f 510/510/510 2093/2093/2093 1137/1137/1137
f 1348/1348/1348 519/519/519 1169/1169/1169
f 1348/1348/1348 1169/1169/1169 2093/2093/2093
f 2093/2093/2093 1169/1169/1169 518/518/518
f 2093/2093/2093 518/518/518 1350/1350/1350
f 1137/1137/1137 2093/2093/2093 1350/1350/1350
f 1137/1137/1137 1350/1350/1350 512/512/512
f 531/531/531 1351/1351/1351 2094/2094/2094
f 531/531/531 2094/2094/2094 1210/1210/1210
f 1351/1351/1351 536/536/536 1219/1219/1219
f 1351/1351/1351 1219/1219/1219 2094/2094/2094
f 2095/2095/2095 1220/1220/1220 535/535/535
f 2095/2095/2095 535/535/535 1352/1352/1352
f 1211/1211/1211 2095/2095/2095 1352/1352/1352
f 1211/1211/1211 1352/1352/1352 532/532/532
f 561/561/561 1353/1353/1353 2096/2096/2096
f 561/561/561 2096/2096/2096 1230/1230/1230
f 1353/1353/1353 530/530/530 1203/1203/1203
f 1353/1353/1353 1203/1203/1203 2096/2096/2096
f 2097/2097/2097 1204/1204/1204 529/529/529
f 2097/2097/2097 529/529/529 1354/1354/1354
f 1231/1231/1231 2097/2097/2097 1354/1354/1354
f 1231/1231/1231 1354/1354/1354 562/562/562
f 537/537/537 1355/1355/1355 2098/2098/2098
f 537/537/537 2098/2098/2098 1216/1216/1216
f 1355/1355/1355 542/542/542 1183/1183/1183
f 1355/1355/1355 1183/1183/1183 2098/2098/2098
f 2099/2099/2099 1184/1184/1184 541/541/541
f 2099/2099/2099 541/541/541 1356/1356/1356
f 1217/1217/1217 2099/2099/2099 1356/1356/1356
f 1217/1217/1217 1356/1356/1356 538/538/538
f 543/543/543 1357/1357/1357 2100/2100/2100
f 543/543/543 2100/2100/2100 1190/1190/1190
f 1357/1357/1357 548/548/548 1199/1199/1199
f 1357/1357/1357 1199/1199/1199 2100/2100/2100
f 2101/2101/2101 1200/1200/1200 547/547/547
f 2101/2101/2101 547/547/547 1358/1358/1358
f 1191/1191/1191 2101/2101/2101 1358/1358/1358
f 1191/1191/1191 1358/1358/1358 544/544/544
f 549/549/549 1359/1359/1359 2102/2102/2102
f 549/549/549 2102/2102/2102 1196/1196/1196
f 1359/1359/1359 554/554/554 1239/1239/1239
f 1359/1359/1359 1239/1239/1239 2102/2102/2102
f 2103/2103/2103 1240/1240/1240 553/553/553
f 2103/2103/2103 553/553/553 1360/1360/1360
f 1197/1197/1197 2103/2103/2103 1360/1360/1360
f 1197/1197/1197 1360/1360/1360 550/550/550
f 555/555/555 1361/1361/1361 2104/2104/2104
f 555/555/555 2104/2104/2104 1236/1236/1236
f 1361/1361/1361 560/560/560 1223/1223/1223
f 1361/1361/1361 1223/1223/1223 2104/2104/2104
f 2105/2105/2105 1224/1224/1224 559/559/559
f 2105/2105/2105 559/559/559 1362/1362/1362
f 1237/1237/1237 2105/2105/2105 1362/1362/1362
f 1237/1237/1237 1362/1362/1362 556/556/556
f 371/371/371 1363/1363/1363 2106/2106/2106
f 371/371/371 2106/2106/2106 981/981/981
f 1363/1363/1363 139/139/139 811/811/811
f 1363/1363/1363 811/811/811 2106/2106/2106
f 2106/2106/2106 811/811/811 134/134/134
f 2106/2106/2106 134/134/134 1364/1364/1364
f 981/981/981 2106/2106/2106 1364/1364/1364
f 981/981/981 1364/1364/1364 365/365/365
